Date,Open,High,Low,Close,Volume,Dividends,Stock Splits
1999-01-22 00:00:00-05:00,0.04011878256394706,0.044775311584014724,0.03558146497740723,0.0376117043197155,2714688000,0.0,0.0
1999-01-25 00:00:00-05:00,0.0405965399745699,0.04202889452409068,0.037611703930043774,0.04155205562710762,510480000,0.0,0.0
1999-01-26 00:00:00-05:00,0.042028885256321334,0.042865189292153286,0.037730903626219066,0.03832787275314331,343200000,0.0,0.0
1999-01-27 00:00:00-05:00,0.03844709036978854,0.03940260605087674,0.036297642968090835,0.038208670914173126,244368000,0.0,0.0
1999-01-28 00:00:00-05:00,0.03820866841914826,0.038447087859194894,0.03785012203787199,0.038088541477918625,227520000,0.0,0.0
1999-01-29 00:00:00-05:00,0.03808855044690544,0.03820867741642224,0.03629764914512634,0.03629764914512634,244032000,0.0,0.0
1999-02-01 00:00:00-05:00,0.03629764122502475,0.03725315344413374,0.03629764122502475,0.037014733999967575,154704000,0.0,0.0
1999-02-02 00:00:00-05:00,0.03629763390974933,0.03725314593628837,0.03307437570871562,0.03414909914135933,264096000,0.0,0.0
1999-02-03 00:00:00-05:00,0.03367135803583386,0.035343047835133624,0.03343201961680943,0.03486528992652893,75120000,0.0,0.0
1999-02-04 00:00:00-05:00,0.035343048221894324,0.03773091886160421,0.0348652903080615,0.03677540645003319,181920000,0.0,0.0
1999-02-05 00:00:00-05:00,0.03737237243514007,0.038208676809407295,0.03641777553607995,0.03785013034939766,136848000,0.0,0.0
1999-02-08 00:00:00-05:00,0.03808854655398507,0.03820867351122404,0.03653698042035103,0.03653698042035103,154080000,0.0,0.0
1999-02-09 00:00:00-05:00,0.03725315990200788,0.037491582803598836,0.034625954330499496,0.03510371223092079,86976000,0.0,0.0
1999-02-10 00:00:00-05:00,0.03510370780286747,0.03605922006708527,0.034149107635773994,0.03474607691168785,148224000,0.0,0.0
1999-02-11 00:00:00-05:00,0.034865288896991725,0.039163272088630484,0.034865288896991725,0.03773091733455658,132240000,0.0,0.0
1999-02-12 00:00:00-05:00,0.03820866139657757,0.040118773353640905,0.03820866139657757,0.03988035395741463,109728000,0.0,0.0
1999-02-16 00:00:00-05:00,0.04059654532693522,0.04226823847463416,0.03605922377309622,0.04011878743767738,211008000,0.0,0.0
1999-02-17 00:00:00-05:00,0.03916327884164575,0.03964103681852365,0.037253165863709636,0.03796934336423874,67728000,0.0,0.0
1999-02-18 00:00:00-05:00,0.03916326459634018,0.03964102239943773,0.03749157516621321,0.03856629878282547,70704000,0.0,0.0
1999-02-19 00:00:00-05:00,0.03820866139657757,0.040596531075177834,0.037730903675040645,0.03988035395741463,75360000,0.0,0.0
1999-02-22 00:00:00-05:00,0.04059654532693522,0.041074303216193056,0.0379693364007206,0.04011878743767738,205248000,0.0,0.0
1999-02-23 00:00:00-05:00,0.041074307023586325,0.04286520836920882,0.03868643628535983,0.04202890396118164,138096000,0.0,0.0
1999-02-24 00:00:00-05:00,0.04823792118693986,0.05014894958222009,0.04429756844593769,0.04537229239940643,612768000,0.0,0.0
1999-02-25 00:00:00-05:00,0.04728331617869666,0.048715674383961,0.04322283685678458,0.04393993318080902,149136000,0.0,0.0
1999-02-26 00:00:00-05:00,0.044417688359493265,0.04585004306070766,0.041552060027681345,0.04190969094634056,172608000,0.0,0.0
1999-03-01 00:00:00-05:00,0.042984410943522754,0.04393992661310804,0.04011878286406909,0.04214902222156525,92160000,0.0,0.0
1999-03-02 00:00:00-05:00,0.04202889739628425,0.04226823579041762,0.04107430060779658,0.04179047793149948,55248000,0.0,0.0
1999-03-03 00:00:00-05:00,0.042028890232774625,0.042028890232774625,0.03868642364874328,0.038924843072891235,61392000,0.0,0.0
1999-03-04 00:00:00-05:00,0.040834957976674274,0.04107429634597417,0.03773091060980173,0.038088541477918625,57360000,0.0,0.0
1999-03-05 00:00:00-05:00,0.038447088668101696,0.040357201016422324,0.038447088668101696,0.040237993001937866,78768000,0.0,0.0
1999-03-08 00:00:00-05:00,0.03916325594364601,0.042028883199860985,0.03844707886185182,0.0408349484205246,75888000,0.0,0.0
1999-03-09 00:00:00-05:00,0.04071575213328137,0.042745991490777534,0.04071575213328137,0.04214902222156525,143184000,0.0,0.0
1999-03-10 00:00:00-05:00,0.04274598431492702,0.04274598431492702,0.0408349532965649,0.04143192246556282,235344000,0.0,0.0
1999-03-11 00:00:00-05:00,0.04071575737513877,0.04143193475487927,0.03964103013277054,0.03964103013277054,54288000,0.0,0.0
1999-03-12 00:00:00-05:00,0.03988035862786704,0.03988035862786704,0.038208665871255376,0.038924843072891235,90768000,0.0,0.0
1999-03-15 00:00:00-05:00,0.03988037470285208,0.041074310163227455,0.03964103625303957,0.040596552193164825,108816000,0.0,0.0
1999-03-16 00:00:00-05:00,0.04083496472197923,0.041312722610243977,0.038924852098325295,0.039283398538827896,79152000,0.0,0.0
1999-03-17 00:00:00-05:00,0.03964102887310445,0.0403572062300871,0.03856630508098203,0.03952182084321976,51360000,0.0,0.0
1999-03-18 00:00:00-05:00,0.039641024610160114,0.040596540269642926,0.03868642787996978,0.039999574422836304,46320000,0.0,0.0
1999-03-19 00:00:00-05:00,0.03988036795775195,0.04131272269611849,0.03988036795775195,0.04011878743767738,105312000,0.0,0.0
1999-03-22 00:00:00-05:00,0.040954166673771664,0.0410742936069908,0.038924843072891235,0.038924843072891235,36672000,0.0,0.0
1999-03-23 00:00:00-05:00,0.0391632703278831,0.0391632703278831,0.0358208030755128,0.03653698042035103,163968000,0.0,0.0
1999-03-24 00:00:00-05:00,0.03629764914512634,0.036536984154690304,0.03486529089295837,0.03629764914512634,60864000,0.0,0.0
1999-03-25 00:00:00-05:00,0.0361784370820584,0.03820867677543703,0.03605922562791644,0.03677540645003319,40320000,0.0,0.0
1999-03-26 00:00:00-05:00,0.03725315439074555,0.040118782439901524,0.03725315439074555,0.039999574422836304,88272000,0.0,0.0
1999-03-29 00:00:00-05:00,0.041193507611751556,0.04214901981058624,0.0404773269490861,0.041193507611751556,65952000,0.0,0.0
1999-03-30 00:00:00-05:00,0.04131272314915838,0.04167126959433813,0.037491582338694054,0.03773091733455658,69504000,0.0,0.0
1999-03-31 00:00:00-05:00,0.03892485849652956,0.040834971434154904,0.03713395702626153,0.04035721346735954,153600000,0.0,0.0
1999-04-01 00:00:00-05:00,0.04035721579965367,0.040596554261661075,0.0384471027516405,0.03916328027844429,30432000,0.0,0.0
1999-04-05 00:00:00-04:00,0.03868643979434334,0.03964103681852365,0.03773092384058754,0.03796934336423874,98640000,0.0,0.0
1999-04-06 00:00:00-04:00,0.03832788050946672,0.038447088523502836,0.03629764122502475,0.037014733999967575,69696000,0.0,0.0
1999-04-07 00:00:00-04:00,0.03725315903153733,0.04035720691760282,0.03701473955161189,0.04011878743767738,89280000,0.0,0.0
1999-04-08 00:00:00-04:00,0.0403571907229824,0.042028883199860985,0.039880351954478414,0.0408349484205246,130128000,0.0,0.0
1999-04-09 00:00:00-04:00,0.041074303216193056,0.041074303216193056,0.03988036795775195,0.04011878743767738,48624000,0.0,0.0
1999-04-12 00:00:00-04:00,0.03964102460275906,0.03964102460275906,0.037730912213442526,0.03844708949327469,33312000,0.0,0.0
1999-04-13 00:00:00-04:00,0.03916325918466979,0.03916325918466979,0.03629763510739818,0.036894600838422775,36144000,0.0,0.0
1999-04-14 00:00:00-04:00,0.03677541628172646,0.03761172087883131,0.035820815712213516,0.035820815712213516,48288000,0.0,0.0
1999-04-15 00:00:00-04:00,0.03677540645003319,0.03677540645003319,0.03582080613572714,0.03677540645003319,35856000,0.0,0.0
1999-04-16 00:00:00-04:00,0.03653698836318053,0.03856631281098978,0.03653698836318053,0.03796934336423874,38928000,0.0,0.0
1999-04-19 00:00:00-04:00,0.038447096912611244,0.038447096912611244,0.03582080673665366,0.03629764914512634,31296000,0.0,0.0
1999-04-20 00:00:00-04:00,0.03629764310948669,0.03773091322060812,0.03522291598835718,0.03558146581053734,67680000,0.0,0.0
1999-04-21 00:00:00-04:00,0.035581459202647624,0.036297636368594566,0.03534303637428722,0.03617842495441437,37488000,0.0,0.0
1999-04-22 00:00:00-04:00,0.036297648141524884,0.036297648141524884,0.03426832398357132,0.03462595492601395,227184000,0.0,0.0
1999-04-23 00:00:00-04:00,0.034506747273813594,0.034625958739789534,0.03271584582429787,0.03295518085360527,126048000,0.0,0.0
1999-04-26 00:00:00-04:00,0.03295517246733923,0.033432014793803595,0.030566386685023966,0.031283482909202576,123504000,0.0,0.0
1999-04-27 00:00:00-04:00,0.03199966482267122,0.034865289928960486,0.031521906914033206,0.03462595492601395,226944000,0.0,0.0
1999-04-28 00:00:00-04:00,0.03486528707505887,0.03486528707505887,0.03331280543947222,0.034387532621622086,120096000,0.0,0.0
1999-04-29 00:00:00-04:00,0.034506740648615454,0.034625952091703126,0.03367135528200995,0.034387532621622086,48144000,0.0,0.0
1999-04-30 00:00:00-04:00,0.03474608188978609,0.03629764813899343,0.03450674347076166,0.03486528992652893,99312000,0.0,0.0
1999-05-03 00:00:00-04:00,0.035222920265621745,0.035222920265621745,0.0341491119434121,0.03510371223092079,33840000,0.0,0.0
1999-05-04 00:00:00-04:00,0.03510369633907275,0.03510369633907275,0.03247740746984952,0.03319358453154564,96048000,0.0,0.0
1999-05-05 00:00:00-04:00,0.0334320247848378,0.03390978276729584,0.03152191178459187,0.03390978276729584,144576000,0.0,0.0
1999-05-06 00:00:00-04:00,0.033671357966858925,0.03438753536357681,0.032238084243980863,0.033253204077482224,35616000,0.0,0.0
1999-05-07 00:00:00-04:00,0.032238089946840076,0.033671363923261685,0.032238089946840076,0.03343202546238899,25008000,0.0,0.0
1999-05-10 00:00:00-04:00,0.033193605931121146,0.03414911849930703,0.033193605931121146,0.03343202546238899,19680000,0.0,0.0
1999-05-11 00:00:00-04:00,0.03486529057143872,0.03629764881039782,0.034149113160006496,0.03522292152047157,171744000,0.0,0.0
1999-05-12 00:00:00-04:00,0.0355814717270897,0.03641777611464314,0.03510371380524205,0.03629764914512634,168480000,0.0,0.0
1999-05-13 00:00:00-04:00,0.03629764914512634,0.03725316157272695,0.0361784376889845,0.03629764914512634,69936000,0.0,0.0
1999-05-14 00:00:00-04:00,0.03629764517037745,0.03629764517037745,0.03390977475209099,0.034387532621622086,28464000,0.0,0.0
1999-05-17 00:00:00-04:00,0.033909775533783715,0.03605922311544418,0.033790564087947964,0.03605922311544418,35760000,0.0,0.0
1999-05-18 00:00:00-04:00,0.0364177740297999,0.03820867522905356,0.03534304679148871,0.03773091733455658,151536000,0.0,0.0
1999-05-19 00:00:00-04:00,0.03940260934986503,0.04083496406210813,0.03546225720515838,0.03605922311544418,451728000,0.0,0.0
1999-05-20 00:00:00-04:00,0.036297631084903755,0.036297631084903755,0.03188043838888753,0.03319358453154564,178176000,0.0,0.0
1999-05-21 00:00:00-04:00,0.03271583929165787,0.03271583929165787,0.03152190409168524,0.03247741982340813,303504000,0.0,0.0
1999-05-24 00:00:00-04:00,0.03271584054992321,0.03343201791157888,0.03188045174151059,0.032357294112443924,162624000,0.0,0.0
1999-05-25 00:00:00-04:00,0.03247740623559391,0.03295516048547947,0.032238067938115955,0.032596614211797714,130080000,0.0,0.0
1999-05-26 00:00:00-04:00,0.03247741982340813,0.03414910947314792,0.03247741982340813,0.03247741982340813,104736000,0.0,0.0
1999-05-27 00:00:00-04:00,0.03271583517810268,0.03271583517810268,0.032238077372312546,0.032238077372312546,82320000,0.0,0.0
1999-05-28 00:00:00-04:00,0.03271582560409437,0.03271582560409437,0.032238067938115955,0.032596614211797714,88656000,0.0,0.0
1999-06-01 00:00:00-04:00,0.03247741894073969,0.03271583840250969,0.03199966108786271,0.03271583840250969,98544000,0.0,0.0
1999-06-02 00:00:00-04:00,0.032715840456060914,0.032715840456060914,0.03152190521359444,0.03152190521359444,130128000,0.0,0.0
1999-06-03 00:00:00-04:00,0.032357294112443924,0.03259662910316627,0.03199966318826753,0.032357294112443924,41568000,0.0,0.0
1999-06-04 00:00:00-04:00,0.032596614211797714,0.03271582560409437,0.03235727933041261,0.032596614211797714,78912000,0.0,0.0
1999-06-07 00:00:00-04:00,0.03277544984923836,0.033432023301414066,0.03271584582429787,0.03295518085360527,125136000,0.0,0.0
1999-06-08 00:00:00-04:00,0.03307437404460489,0.03438752022338806,0.03295516264449824,0.033790551126003265,153312000,0.0,0.0
1999-06-09 00:00:00-04:00,0.03390977475209099,0.03510370996123422,0.03390977475209099,0.034387532621622086,95184000,0.0,0.0
1999-06-10 00:00:00-04:00,0.034387533879817835,0.034625953358622334,0.0341491109849189,0.03450674191117287,36096000,0.0,0.0
1999-06-11 00:00:00-04:00,0.03450672820740164,0.03462593960750829,0.032596616347326746,0.033790551126003265,61008000,0.0,0.0
1999-06-14 00:00:00-04:00,0.033850167062497355,0.033909774491630504,0.03223808142579642,0.03247741982340813,51648000,0.0,0.0
1999-06-15 00:00:00-04:00,0.03247741982340813,0.03271583929165787,0.03199966195754668,0.03247741982340813,49296000,0.0,0.0
1999-06-16 00:00:00-04:00,0.032955182983758116,0.03438754144667006,0.03247742840771277,0.03343202546238899,64416000,0.0,0.0
1999-06-17 00:00:00-04:00,0.033193597157519315,0.033671355023380756,0.03247741982340813,0.03247741982340813,74928000,0.0,0.0
1999-06-18 00:00:00-04:00,0.032715837498936584,0.032715837498936584,0.031283482909202576,0.031283482909202576,158736000,0.0,0.0
1999-06-21 00:00:00-04:00,0.0322380878630386,0.03295518085360527,0.03137243915075098,0.03295518085360527,83472000,0.0,0.0
1999-06-22 00:00:00-04:00,0.03295517554064555,0.03295517554064555,0.031641113334693834,0.032357294112443924,193056000,0.0,0.0
1999-06-23 00:00:00-04:00,0.03199966834718168,0.03295518085360527,0.03164111843580338,0.03295518085360527,210912000,0.0,0.0
1999-06-24 00:00:00-04:00,0.03319359298389281,0.03319359298389281,0.031999657934040686,0.032238077372312546,115200000,0.0,0.0
1999-06-25 00:00:00-04:00,0.03199966108786271,0.03307438481645458,0.03199966108786271,0.03271583840250969,73536000,0.0,0.0
1999-06-28 00:00:00-04:00,0.033790550196414644,0.033790550196414644,0.03247740746984952,0.03319358453154564,109152000,0.0,0.0
1999-06-29 00:00:00-04:00,0.03367135890397392,0.034028986439517635,0.03319360098305132,0.0335521474480629,92688000,0.0,0.0
1999-06-30 00:00:00-04:00,0.034625952344375786,0.03653698042035103,0.03390977499953756,0.03653698042035103,269232000,0.0,0.0
1999-07-01 00:00:00-04:00,0.036536983144471416,0.036536983144471416,0.03271584222090612,0.03462595492601395,88992000,0.0,0.0
1999-07-02 00:00:00-04:00,0.0351037146869571,0.03713395446538925,0.034387537250931924,0.03713395446538925,224880000,0.0,0.0
1999-07-06 00:00:00-04:00,0.037491575433792765,0.037491575433792765,0.03677539818865566,0.03725315257906914,198096000,0.0,0.0
1999-07-07 00:00:00-04:00,0.03749158065310442,0.03749158065310442,0.03653698042035103,0.03653698042035103,63120000,0.0,0.0
1999-07-08 00:00:00-04:00,0.03677541074813101,0.037969342791431215,0.03558147528873578,0.03737237676978111,186048000,0.0,0.0
1999-07-09 00:00:00-04:00,0.037253161340159165,0.040834967337451185,0.037253161340159165,0.040536943823099136,211728000,0.0,0.0
1999-07-12 00:00:00-04:00,0.04298441792663715,0.044178353242930665,0.04131272469793593,0.042387451976537704,401040000,0.0,0.0
1999-07-13 00:00:00-04:00,0.04286520397855598,0.043103626872255045,0.04059654493176691,0.04250665754079819,138864000,0.0,0.0
1999-07-14 00:00:00-04:00,0.042506640897403185,0.04346215629248758,0.0405965290362726,0.0408349484205246,137952000,0.0,0.0
1999-07-15 00:00:00-04:00,0.04119351349210905,0.04250665674510231,0.041074302047491074,0.041074302047491074,137040000,0.0,0.0
1999-07-16 00:00:00-04:00,0.0417904795014227,0.042268237378288546,0.041074302150815506,0.04190969094634056,103872000,0.0,0.0
1999-07-19 00:00:00-04:00,0.042028883199860985,0.042149010112978655,0.0405965290362726,0.0408349484205246,43632000,0.0,0.0
1999-07-20 00:00:00-04:00,0.040834964806860656,0.040834964806860656,0.03868643269931084,0.04011878743767738,178752000,0.0,0.0
1999-07-21 00:00:00-04:00,0.0396410202745271,0.0396410202745271,0.03773090809376747,0.038924843072891235,112080000,0.0,0.0
1999-07-22 00:00:00-04:00,0.0386864363099737,0.0386864363099737,0.03677540799067768,0.03713395446538925,213264000,0.0,0.0
1999-07-23 00:00:00-04:00,0.037014743006253126,0.038208678376126,0.037014743006253126,0.03713395446538925,80256000,0.0,0.0
1999-07-26 00:00:00-04:00,0.038088541251568055,0.038088541251568055,0.03725315257906914,0.03725315257906914,60528000,0.0,0.0
1999-07-27 00:00:00-04:00,0.0372531653017064,0.037491588237855825,0.03677541074813101,0.03737237676978111,98592000,0.0,0.0
1999-07-28 00:00:00-04:00,0.037253165863709636,0.03844710134111664,0.03713395780993157,0.03796934336423874,244224000,0.0,0.0
1999-07-29 00:00:00-04:00,0.03725314590530033,0.03844708074305558,0.03701472650938255,0.03832787275314331,388800000,0.0,0.0
1999-07-30 00:00:00-04:00,0.03832788147623173,0.03940260515257911,0.038208670043094736,0.03844708949327469,452304000,0.0,0.0
1999-08-02 00:00:00-04:00,0.03844709878523743,0.03892485673035502,0.038208679277435834,0.03880564868450165,313344000,0.0,0.0
1999-08-03 00:00:00-04:00,0.03880564617791283,0.03880564617791283,0.037491583889388023,0.03785013034939766,255216000,0.0,0.0
1999-08-04 00:00:00-04:00,0.03808854984179893,0.038208676809407295,0.03773091889514971,0.03785013034939766,89952000,0.0,0.0
1999-08-05 00:00:00-04:00,0.03785012364657951,0.03844708949327469,0.037253154383790316,0.03844708949327469,240576000,0.0,0.0
1999-08-06 00:00:00-04:00,0.03832788147623173,0.038566300926411674,0.038208670043094736,0.03844708949327469,183984000,0.0,0.0
1999-08-09 00:00:00-04:00,0.038566300926411674,0.0389248473229269,0.038208670043094736,0.03844708949327469,31056000,0.0,0.0
1999-08-10 00:00:00-04:00,0.0386864412136479,0.040834973794059266,0.0384471027516405,0.03916328027844429,212064000,0.0,0.0
1999-08-11 00:00:00-04:00,0.03988036542517554,0.04226823579041762,0.03940260756625741,0.04179047793149948,197712000,0.0,0.0
1999-08-12 00:00:00-04:00,0.04202889561326237,0.044894523715851994,0.04179047615859224,0.04381980001926422,239616000,0.0,0.0
1999-08-13 00:00:00-04:00,0.04346217431065527,0.04429756313895018,0.04298441641504839,0.043342962861061096,84672000,0.0,0.0
1999-08-16 00:00:00-04:00,0.043700592693456976,0.043700592693456976,0.040237998407309385,0.0416712686419487,223440000,0.0,0.0
1999-08-17 00:00:00-04:00,0.04179047793149948,0.042506655255202384,0.04071575418931794,0.04179047793149948,193536000,0.0,0.0
1999-08-18 00:00:00-04:00,0.04131272260209205,0.04322283522536908,0.04047733378680015,0.04274599626660347,279888000,0.0,0.0
1999-08-19 00:00:00-04:00,0.04573084163389481,0.054208517041589174,0.04417835963437667,0.051819730550050735,1966992000,0.0,0.0
1999-08-20 00:00:00-04:00,0.051939836525912844,0.052297463962168604,0.04943183957777758,0.05134286731481552,353088000,0.0,0.0
1999-08-23 00:00:00-04:00,0.05062579057383552,0.05062579057383552,0.046566226485052487,0.04823791980743408,507984000,0.0,0.0
1999-08-24 00:00:00-04:00,0.047521724838882326,0.04847723694878618,0.04513385495305293,0.04799948260188103,398064000,0.0,0.0
1999-08-25 00:00:00-04:00,0.0481187202457736,0.04859647830309459,0.0458500603788444,0.04776017367839813,350352000,0.0,0.0
1999-08-26 00:00:00-04:00,0.047760148967933444,0.04847724173167014,0.04632779446678183,0.047043971717357635,275376000,0.0,0.0
1999-08-27 00:00:00-04:00,0.04799949096519284,0.05158129300192766,0.04776015257740971,0.04967118054628372,552384000,0.0,0.0
1999-08-30 00:00:00-04:00,0.05050656610433614,0.051462081736584675,0.04740251869342782,0.04949144646525383,158640000,0.0,0.0
1999-08-31 00:00:00-04:00,0.04967118149214211,0.05396916433151591,0.048715669197556925,0.05373074486851692,786864000,0.0,0.0
1999-09-01 00:00:00-04:00,0.05373075033503446,0.05373075033503446,0.05038736393684524,0.051222752779722214,565344000,0.0,0.0
1999-09-02 00:00:00-04:00,0.04955107352442693,0.05086513615437151,0.04847726489212188,0.05062580108642578,341088000,0.0,0.0
1999-09-03 00:00:00-04:00,0.05158130768859895,0.05229748519721608,0.050625795140147305,0.05098434165120125,258864000,0.0,0.0
1999-09-07 00:00:00-04:00,0.051819712577727814,0.051819712577727814,0.050506566073100924,0.05074590444564819,124416000,0.0,0.0
1999-09-08 00:00:00-04:00,0.05086513615437151,0.05122276719394043,0.05062580108642578,0.05062580108642578,170064000,0.0,0.0
1999-09-09 00:00:00-04:00,0.051103541802385716,0.05146208823401741,0.048954090823077084,0.04990960657596588,209472000,0.0,0.0
1999-09-10 00:00:00-04:00,0.05074592808524555,0.0513428941927602,0.050387378115982824,0.05062580108642578,167424000,0.0,0.0
1999-09-13 00:00:00-04:00,0.0508651162297428,0.0508651162297428,0.048477245902857784,0.04895408824086189,174432000,0.0,0.0
1999-09-14 00:00:00-04:00,0.048954091183336844,0.048954091183336844,0.04728331358146509,0.04752173647284508,250368000,0.0,0.0
1999-09-15 00:00:00-04:00,0.04692476504578078,0.04847724664573304,0.046566218627567144,0.04788028076291084,212736000,0.0,0.0
1999-09-16 00:00:00-04:00,0.04728331633554749,0.04776015872998742,0.04608846551745088,0.04668543487787247,158112000,0.0,0.0
1999-09-17 00:00:00-04:00,0.04638739897615697,0.04680555278474265,0.04489452152346672,0.04656621441245079,171648000,0.0,0.0
1999-09-20 00:00:00-04:00,0.0457308281643237,0.04632779744105203,0.04489452391862869,0.04489452391862869,229104000,0.0,0.0
1999-09-21 00:00:00-04:00,0.04393993905404083,0.044178358574290956,0.03999958617102465,0.040596552193164825,737328000,0.0,0.0
1999-09-22 00:00:00-04:00,0.0405965399745699,0.041790475075599146,0.0382086697725114,0.04155205562710762,375984000,0.0,0.0
1999-09-23 00:00:00-04:00,0.04167126216729707,0.04179047359536733,0.03773091060980173,0.038088541477918625,379584000,0.0,0.0
1999-09-24 00:00:00-04:00,0.03820867635998235,0.03916327324781414,0.03199966482267122,0.03462595492601395,684912000,0.0,0.0
1999-09-27 00:00:00-04:00,0.03689461448808053,0.03749158385605531,0.0346259553025126,0.03677540645003319,432000000,0.0,0.0
1999-09-28 00:00:00-04:00,0.03683500857433169,0.04059654532693522,0.03677540455837394,0.04011878743767738,413184000,0.0,0.0
1999-09-29 00:00:00-04:00,0.0409541632099303,0.04250664441511464,0.03629763510739818,0.036894600838422775,594048000,0.0,0.0
1999-09-30 00:00:00-04:00,0.03820867677543703,0.03940261209529198,0.036297648536200364,0.03677540645003319,342528000,0.0,0.0
1999-10-01 00:00:00-04:00,0.03617843399129122,0.03749158065310442,0.034625952344375786,0.03653698042035103,347760000,0.0,0.0
1999-10-04 00:00:00-04:00,0.03773091038557647,0.03785012181293829,0.03677539818865566,0.03725315257906914,177600000,0.0,0.0
1999-10-05 00:00:00-04:00,0.037253144082515434,0.0410742867338148,0.037253144082515434,0.0408349484205246,478080000,0.0,0.0
1999-10-06 00:00:00-04:00,0.04095418640869314,0.0477601687188201,0.04059655539208985,0.045730844140052795,1508736000,0.0,0.0
1999-10-07 00:00:00-04:00,0.04764094532114265,0.04764094532114265,0.0425066578578158,0.04274599626660347,487296000,0.0,0.0
1999-10-08 00:00:00-04:00,0.042745992028964334,0.04620858600513148,0.041074299050793996,0.04489452391862869,398928000,0.0,0.0
1999-10-11 00:00:00-04:00,0.04525308005644819,0.04537229151800848,0.042506662786142485,0.04370059818029404,544464000,0.0,0.0
1999-10-12 00:00:00-04:00,0.04393993220208622,0.0444176900976477,0.04298441641096326,0.04310362786054611,322992000,0.0,0.0
1999-10-13 00:00:00-04:00,0.04262586829694776,0.04262586829694776,0.041074302150815506,0.04190969094634056,280368000,0.0,0.0
1999-10-14 00:00:00-04:00,0.042028898869438294,0.042028898869438294,0.04059654417182706,0.041074302047491074,192336000,0.0,0.0
1999-10-15 00:00:00-04:00,0.03904404795956655,0.0410742867338148,0.038924836559394015,0.0408349484205246,210720000,0.0,0.0
1999-10-18 00:00:00-04:00,0.040954179399338,0.040954179399338,0.038447097241951736,0.03868643566966057,215184000,0.0,0.0
1999-10-19 00:00:00-04:00,0.03988037167984658,0.03988037167984658,0.036417777029364065,0.03713395446538925,308928000,0.0,0.0
1999-10-20 00:00:00-04:00,0.037730912213442526,0.0389248473229269,0.037133946366747356,0.03844708949327469,348720000,0.0,0.0
1999-10-21 00:00:00-04:00,0.03832788065361724,0.040237993001937866,0.03725315358424223,0.040237993001937866,382128000,0.0,0.0
1999-10-22 00:00:00-04:00,0.04011878056922242,0.04238744266578742,0.04011878056922242,0.041193507611751556,286752000,0.0,0.0
1999-10-25 00:00:00-04:00,0.040954185268305965,0.04155207025047226,0.03916328027844429,0.03916328027844429,213840000,0.0,0.0
1999-10-26 00:00:00-04:00,0.04083495678064756,0.044417680781184465,0.04059653734758406,0.042984407395124435,481248000,0.0,0.0
1999-10-27 00:00:00-04:00,0.04322283409390793,0.04346217249643035,0.04035720576930464,0.041074302047491074,214128000,0.0,0.0
1999-10-28 00:00:00-04:00,0.04131273178846486,0.042028909315268655,0.03892486074604609,0.03916328027844429,222768000,0.0,0.0
1999-10-29 00:00:00-04:00,0.03964102301772326,0.042984408762312035,0.03940260357707645,0.04226823151111603,330528000,0.0,0.0
1999-11-01 00:00:00-05:00,0.041552056891601775,0.04656621689679904,0.041552056891601775,0.04489452391862869,782544000,0.0,0.0
1999-11-02 00:00:00-05:00,0.045730848888898876,0.04799951217192373,0.04537230232152341,0.04776017367839813,837504000,0.0,0.0
1999-11-03 00:00:00-05:00,0.04967119514022821,0.05373075963204399,0.049312648625917783,0.05241669714450836,2011680000,0.0,0.0
1999-11-04 00:00:00-05:00,0.0530145551715679,0.057193325595674936,0.0530145551715679,0.05576005578041077,1260336000,0.0,0.0
1999-11-05 00:00:00-05:00,0.057312553406969016,0.05779030787136753,0.051342877224282955,0.05396916717290878,616368000,0.0,0.0
1999-11-08 00:00:00-05:00,0.05229746688937817,0.057074126110355186,0.05062577741751975,0.0555216446518898,470016000,0.0,0.0
1999-11-09 00:00:00-05:00,0.055402446871329655,0.05564086637294657,0.05253681820447387,0.05468535050749779,272352000,0.0,0.0
1999-11-10 00:00:00-05:00,0.0548650717029584,0.0549246757099833,0.053133774798771065,0.05420849844813347,144048000,0.0,0.0
1999-11-11 00:00:00-05:00,0.054208516701906455,0.06089436819653695,0.053014581220363365,0.05802874267101288,562704000,0.0,0.0
1999-11-12 00:00:00-05:00,0.06053672403370093,0.061133686453104026,0.05707412678724358,0.06113368645310402,501504000,0.0,0.0
1999-11-15 00:00:00-05:00,0.061550950381795075,0.06340237853080505,0.05898426697424148,0.059939783066511154,362208000,0.0,0.0
1999-11-16 00:00:00-05:00,0.06137211028093063,0.06686494349532149,0.061133687415376205,0.06567101180553436,723792000,0.0,0.0
1999-11-17 00:00:00-05:00,0.06686493367650634,0.07164067339873498,0.06590941816039877,0.06817808002233505,786384000,0.0,0.0
1999-11-18 00:00:00-05:00,0.06961045215432576,0.07020833699348476,0.06781955100892259,0.06841651350259781,235968000,0.0,0.0
1999-11-19 00:00:00-05:00,0.07665575260067496,0.08477487782045821,0.07641641425352357,0.08190924674272537,2165184000,0.0,0.0
1999-11-22 00:00:00-05:00,0.08399908082945938,0.08405868482356316,0.076894160386497,0.081790030002594,540192000,0.0,0.0
1999-11-23 00:00:00-05:00,0.07343158037773699,0.07677496604140173,0.07259619513448437,0.07593958079814911,553248000,0.0,0.0
1999-11-24 00:00:00-05:00,0.07558105259344501,0.07641643803751447,0.0679396793443879,0.07355081290006638,406848000,0.0,0.0
1999-11-26 00:00:00-05:00,0.0728346224395055,0.07355080661653239,0.07068517489170942,0.07307396084070206,71760000,0.0,0.0
1999-11-29 00:00:00-05:00,0.07283462308711071,0.07379013884164141,0.06877506635661979,0.07044675946235657,298608000,0.0,0.0
1999-11-30 00:00:00-05:00,0.07068516640230557,0.07187910489286158,0.06614784896373749,0.06614784896373749,314688000,0.0,0.0
1999-12-01 00:00:00-05:00,0.06614785858599428,0.07044676062281362,0.06614785858599428,0.06949124485254288,223536000,0.0,0.0
1999-12-02 00:00:00-05:00,0.06973056672382648,0.07558103753556962,0.06973056672382648,0.07462552189826965,309888000,0.0,0.0
1999-12-03 00:00:00-05:00,0.07534171125300719,0.07665577348945594,0.07187911688172781,0.07283462584018707,342768000,0.0,0.0
1999-12-06 00:00:00-05:00,0.07307397832175377,0.07522251087024907,0.07307397832175377,0.07486488670110703,178608000,0.0,0.0
1999-12-07 00:00:00-05:00,0.07546181242708233,0.075581027257356,0.06949122573198824,0.07235684990882874,186384000,0.0,0.0
1999-12-08 00:00:00-05:00,0.07211842168889829,0.07629719871932772,0.07187909019756455,0.07558102160692215,201696000,0.0,0.0
1999-12-09 00:00:00-05:00,0.07546185751736688,0.07737197416037515,0.07068519947163761,0.07331240922212601,214944000,0.0,0.0
1999-12-10 00:00:00-05:00,0.07462552842285292,0.07498407484245928,0.07116293430453843,0.07247607409954071,98304000,0.0,0.0
1999-12-13 00:00:00-05:00,0.07164067885109962,0.07414775690219842,0.07068516326227052,0.07223764806985855,183840000,0.0,0.0
1999-12-14 00:00:00-05:00,0.07235687660031398,0.07414777793234728,0.07032755235196926,0.07104372978210449,273888000,0.0,0.0
1999-12-15 00:00:00-05:00,0.07056596634891187,0.07092451277535529,0.06710337216456985,0.06877506524324417,205968000,0.0,0.0
1999-12-16 00:00:00-05:00,0.06913359684461612,0.07020832038020698,0.06805887330902524,0.06829728931188583,132576000,0.0,0.0
1999-12-17 00:00:00-05:00,0.07020831915133945,0.072953819845992,0.06984977280805872,0.07187909632921219,262080000,0.0,0.0
1999-12-20 00:00:00-05:00,0.07199922267028447,0.07925269630459657,0.06949122919491146,0.07784968614578247,402432000,0.0,0.0
1999-12-21 00:00:00-05:00,0.07784971752545365,0.0813123124384072,0.0749840920507353,0.08119310438632965,388368000,0.0,0.0
1999-12-22 00:00:00-05:00,0.08143149462306767,0.08405869610646262,0.07832744745846444,0.08310318738222122,251184000,0.0,0.0
1999-12-23 00:00:00-05:00,0.08322239876561019,0.08883443963727249,0.08286476790627631,0.08859602361917496,280224000,0.0,0.0
1999-12-27 00:00:00-05:00,0.09050614532798462,0.09062536018616503,0.08429713435107679,0.08525265008211136,202416000,0.0,0.0
1999-12-28 00:00:00-05:00,0.08525265348859905,0.08835670134444962,0.08477489902008614,0.08501331508159637,179184000,0.0,0.0
1999-12-29 00:00:00-05:00,0.08483448441617751,0.08883443631577569,0.08477488041388172,0.08787892758846283,132144000,0.0,0.0
1999-12-30 00:00:00-05:00,0.0878789308742334,0.08919299284193084,0.0864465695784365,0.08859602361917496,139776000,0.0,0.0
1999-12-31 00:00:00-05:00,0.08841631069493677,0.08978997700017487,0.08811828376787696,0.0896698534488678,127344000,0.0,0.0
2000-01-03 00:00:00-05:00,0.09026770509790198,0.09098388223967006,0.08429711177219429,0.08943139761686325,300912000,0.0,0.0
2000-01-04 00:00:00-05:00,0.08787893076158348,0.08811826229251112,0.08262542943693872,0.08704353868961334,300480000,0.0,0.0
2000-01-05 00:00:00-05:00,0.08453645764094075,0.08596881205215415,0.0829839728797485,0.0841779112815857,188352000,0.0,0.0
2000-01-06 00:00:00-05:00,0.08417792339811299,0.08417792339811299,0.07546182746786921,0.07868508994579315,120480000,0.0,0.0
2000-01-07 00:00:00-05:00,0.07832745590622392,0.0808345341427037,0.07713351738042261,0.07999914884567261,71184000,0.0,0.0
2000-01-10 00:00:00-05:00,0.08023755638540289,0.0859688118769718,0.07880520197710826,0.08262542635202408,239856000,0.0,0.0
2000-01-11 00:00:00-05:00,0.08214769213001805,0.08310320792261904,0.07928206026554108,0.07928206026554108,148128000,0.0,0.0
2000-01-12 00:00:00-05:00,0.0792820546900323,0.07940218506077189,0.07617800697650193,0.07725273072719574,123552000,0.0,0.0
2000-01-13 00:00:00-05:00,0.07713351571053884,0.08119307878151553,0.07617800007174223,0.08047598600387573,132192000,0.0,0.0
2000-01-14 00:00:00-05:00,0.08167085831681699,0.0872819851884733,0.0814315198888535,0.0839385986328125,604560000,0.0,0.0
2000-01-18 00:00:00-05:00,0.0850133065521349,0.08787893805896385,0.08119308171735895,0.08752130717039108,261648000,0.0,0.0
2000-01-19 00:00:00-05:00,0.0878789479786035,0.0878789479786035,0.08596883192951052,0.08668500930070877,164688000,0.0,0.0
2000-01-20 00:00:00-05:00,0.08740210655053465,0.09217784783626094,0.08573041331463936,0.08644659072160721,179568000,0.0,0.0
2000-01-21 00:00:00-05:00,0.08620723844574796,0.08656578481987633,0.0833416071599567,0.08549106121063232,544272000,0.0,0.0
2000-01-24 00:00:00-05:00,0.08823749261265296,0.08823749261265296,0.08119308921845965,0.0816708505153656,256944000,0.0,0.0
2000-01-25 00:00:00-05:00,0.0820284783248239,0.08286478609456602,0.07832746783126686,0.08095375448465347,237120000,0.0,0.0
2000-01-26 00:00:00-05:00,0.08095376011756272,0.08310321477965563,0.07617801861934141,0.07761037349700928,232464000,0.0,0.0
2000-01-27 00:00:00-05:00,0.07820733930924957,0.07820733930924957,0.07068518093042904,0.07355081290006638,458208000,0.0,0.0
2000-01-28 00:00:00-05:00,0.07259618251118205,0.07307393681099994,0.06853662031954805,0.07140224426984787,194448000,0.0,0.0
2000-01-31 00:00:00-05:00,0.07175988203053613,0.07331236673365547,0.06686493426597641,0.07080528885126114,182400000,0.0,0.0
2000-02-01 00:00:00-05:00,0.07092451142290952,0.07307395891403323,0.06829730265527073,0.07247607409954071,92976000,0.0,0.0
2000-02-02 00:00:00-05:00,0.0728346122999865,0.07593958199375414,0.07247606592084099,0.07450630515813828,149040000,0.0,0.0
2000-02-03 00:00:00-05:00,0.07689419260361713,0.07844667780063783,0.07522249936844311,0.07570026069879532,108240000,0.0,0.0
2000-02-04 00:00:00-05:00,0.07808813359318441,0.07808813359318441,0.07593960131123058,0.0774911642074585,123696000,0.0,0.0
2000-02-07 00:00:00-05:00,0.0778496561422431,0.0778496561422431,0.07259616388906873,0.07271537184715271,217488000,0.0,0.0
2000-02-08 00:00:00-05:00,0.07450631377631407,0.07880521560288803,0.07259620467468329,0.07617800682783127,468816000,0.0,0.0
2000-02-09 00:00:00-05:00,0.07904364285296506,0.08035678955642507,0.07796891904498186,0.07808812707662582,589056000,0.0,0.0
2000-02-10 00:00:00-05:00,0.08286477007817838,0.09552121344902777,0.08286477007817838,0.09408794343471527,970080000,0.0,0.0
2000-02-11 00:00:00-05:00,0.09874449005271455,0.09886462043605163,0.08859604497997818,0.0955212339758873,423792000,0.0,0.0
2000-02-14 00:00:00-05:00,0.09575965951622438,0.11080397665500641,0.09480414366435118,0.11080397665500641,650112000,0.0,0.0
2000-02-15 00:00:00-05:00,0.11104331535790199,0.11116252339926483,0.10196867153105016,0.10650599002838135,450480000,0.0,0.0
2000-02-16 00:00:00-05:00,0.10769993604137361,0.1151028870859615,0.10650599719191367,0.11140094697475433,1019568000,0.0,0.0
2000-02-17 00:00:00-05:00,0.11128172700699955,0.11605838374232187,0.1096100337934201,0.11534129083156586,535776000,0.0,0.0
2000-02-18 00:00:00-05:00,0.1136695389250107,0.13038645559687878,0.11283415392233877,0.12871477007865906,960864000,0.0,0.0
2000-02-22 00:00:00-05:00,0.12465523698189633,0.12632600737099406,0.12035632913870355,0.12513206899166107,542496000,0.0,0.0
2000-02-23 00:00:00-05:00,0.12369973984614975,0.12716233402381308,0.12214726162965184,0.125849187374115,511392000,0.0,0.0
2000-02-24 00:00:00-05:00,0.12656535489075538,0.12740074010073218,0.11940082263373061,0.12465523928403854,244320000,0.0,0.0
2000-02-25 00:00:00-05:00,0.12477449573384622,0.12477449573384622,0.11175950175007544,0.11689378321170807,278736000,0.0,0.0
2000-02-28 00:00:00-05:00,0.11629677307836946,0.11749071152546536,0.11414733269915428,0.1160583570599556,517872000,0.0,0.0
2000-02-29 00:00:00-05:00,0.11534128996124651,0.12369974913388496,0.11534128996124651,0.12226647883653641,306048000,0.0,0.0
2000-03-01 00:00:00-05:00,0.12226647415543584,0.12226647415543584,0.11677455578775837,0.11868467181921005,383568000,0.0,0.0
2000-03-02 00:00:00-05:00,0.1196401886949336,0.1196401886949336,0.11032713579770467,0.11068475991487503,191040000,0.0,0.0
2000-03-03 00:00:00-05:00,0.11080399226375238,0.11366961787747497,0.10984939179078923,0.11247568577528,273696000,0.0,0.0
2000-03-06 00:00:00-05:00,0.11319274651834371,0.12178963457107782,0.11080396064980622,0.1117594763636589,432096000,0.0,0.0
2000-03-07 00:00:00-05:00,0.1432813966593781,0.16668417326665952,0.13707238491834633,0.1591620147228241,1952208000,0.0,0.0
2000-03-08 00:00:00-05:00,0.1590721460958545,0.1619084200023886,0.14758028138778279,0.16047514975070953,668736000,0.0,0.0
2000-03-09 00:00:00-05:00,0.16238522607388864,0.2063251401160286,0.1619083803984886,0.19160911440849304,952944000,0.0,0.0
2000-03-10 00:00:00-05:00,0.20154945200339472,0.27701036441774174,0.20011618173427467,0.22542907297611237,2161200000,0.0,0.0
2000-03-13 00:00:00-05:00,0.20441501968636147,0.28656267623777143,0.20250398876989792,0.2851303219795227,2415168000,0.0,0.0
2000-03-14 00:00:00-05:00,0.28357796857666695,0.28357796857666695,0.2063252218492663,0.2103847861289978,1567776000,0.0,0.0
2000-03-15 00:00:00-05:00,0.22545931439690736,0.23128044807496417,0.19486267123585022,0.20178785920143127,995616000,0.0,0.0
2000-03-16 00:00:00-05:00,0.20823533065181216,0.21539986537451233,0.1769527564007164,0.17990733683109283,750384000,0.0,0.0
2000-03-17 00:00:00-05:00,0.17575880963193843,0.20441508664200672,0.17572854303534585,0.19080312550067902,557616000,0.0,0.0
2000-03-20 00:00:00-05:00,0.19832523563116083,0.204653453374786,0.18459406976855997,0.19068387150764465,365280000,0.0,0.0
2000-03-21 00:00:00-05:00,0.19104153441993732,0.1927132206601617,0.166206405909945,0.18125072121620178,536640000,0.0,0.0
2000-03-22 00:00:00-05:00,0.18268400305139007,0.18817592155717353,0.17957903276168286,0.18256479501724243,230592000,0.0,0.0
2000-03-23 00:00:00-05:00,0.18089305744938117,0.1958181625820044,0.18053451790804784,0.18578800559043884,309408000,0.0,0.0
2000-03-24 00:00:00-05:00,0.1845941149596652,0.19295257383360925,0.17193766270957192,0.1780274659395218,231600000,0.0,0.0
2000-03-27 00:00:00-05:00,0.17766892118567074,0.18340018508273076,0.16477406591881355,0.1663256287574768,388944000,0.0,0.0
2000-03-28 00:00:00-05:00,0.16059433353841732,0.16238524127985535,0.15092272938573925,0.15390849113464355,393312000,0.0,0.0
2000-03-29 00:00:00-05:00,0.15450548485517365,0.15808730122217654,0.13755014935318755,0.14375916123390198,469440000,0.0,0.0
2000-03-30 00:00:00-05:00,0.13946028283833617,0.1561772196246778,0.13468454028778076,0.14292287826538086,361920000,0.0,0.0
2000-03-31 00:00:00-05:00,0.15268431078972478,0.16787810157058294,0.14996816039832692,0.16140040755271912,962976000,0.0,0.0
2000-04-03 00:00:00-04:00,0.15993775397882368,0.16047511919782464,0.14459450532313703,0.148774191737175,329952000,0.0,0.0
2000-04-04 00:00:00-04:00,0.15665403118400148,0.15928122670359812,0.10889386278837776,0.14328140020370483,513792000,0.0,0.0
2000-04-05 00:00:00-04:00,0.14471466614158682,0.18626581453142466,0.1373117156831563,0.17516185343265533,639600000,0.0,0.0
2000-04-06 00:00:00-04:00,0.18328097462654114,0.19259402725339292,0.1745648776910098,0.18328097462654114,404592000,0.0,0.0
2000-04-07 00:00:00-04:00,0.19247481562736013,0.20059394305573813,0.1843556881989821,0.1959374099969864,318576000,0.0,0.0
2000-04-10 00:00:00-04:00,0.1992807776007905,0.21086249831010972,0.1749224820920195,0.17862442135810852,395280000,0.0,0.0
2000-04-11 00:00:00-04:00,0.1661761102785045,0.18149002107078505,0.1528337501392459,0.16799727082252502,457584000,0.0,0.0
2000-04-12 00:00:00-04:00,0.1682366412779731,0.17193765141159578,0.14996814830185018,0.15056511759757996,313440000,0.0,0.0
2000-04-13 00:00:00-04:00,0.15175900880522786,0.1571317176086533,0.1416096585127942,0.14411672949790955,313296000,0.0,0.0
2000-04-14 00:00:00-04:00,0.13492292899977204,0.14531162763054142,0.12513210156300414,0.131430983543396,421920000,0.0,0.0
2000-04-17 00:00:00-04:00,0.12035636670948818,0.14328139544671387,0.12035636670948818,0.13814710080623627,294096000,0.0,0.0
2000-04-18 00:00:00-04:00,0.15205705912901724,0.17145987083598135,0.14758025450386983,0.1626245677471161,477504000,0.0,0.0
2000-04-19 00:00:00-04:00,0.16775880709240457,0.17002746160129462,0.15283370666597818,0.15486302971839905,278352000,0.0,0.0
2000-04-20 00:00:00-04:00,0.15904277231953332,0.16202761857998332,0.1518782531100231,0.15402770042419434,153936000,0.0,0.0
2000-04-24 00:00:00-04:00,0.14519146313397852,0.15163980426199308,0.1387440238546561,0.14638540148735046,205968000,0.0,0.0
2000-04-25 00:00:00-04:00,0.15295295361278854,0.16716188065181334,0.15259441409314828,0.1623852252960205,249696000,0.0,0.0
2000-04-26 00:00:00-04:00,0.17372852711929318,0.17766886808354246,0.1604751088600342,0.1607135385274887,254112000,0.0,0.0
2000-04-27 00:00:00-04:00,0.14996815892027382,0.1755194659491693,0.1491318580048397,0.17384777963161469,280992000,0.0,0.0
2000-04-28 00:00:00-04:00,0.17659419176642394,0.18340017221143798,0.17026597261428833,0.17026597261428833,179040000,0.0,0.0
2000-05-01 00:00:00-04:00,0.17671337230852927,0.1805345192151568,0.17157907893398755,0.17575877904891968,119424000,0.0,0.0
2000-05-02 00:00:00-04:00,0.17575877199619896,0.1860273446688572,0.16405691572535783,0.1689527928829193,234000000,0.0,0.0
2000-05-03 00:00:00-04:00,0.16787806069140868,0.17337089333099,0.15283374820431378,0.16620637476444244,329184000,0.0,0.0
2000-05-04 00:00:00-04:00,0.16584787973340478,0.17528107039781407,0.16441552482566096,0.16823667287826538,241200000,0.0,0.0
2000-05-05 00:00:00-04:00,0.16751950425879106,0.18005674536931485,0.16525084917722063,0.17599718272686005,170592000,0.0,0.0
2000-05-08 00:00:00-04:00,0.17145991037804628,0.17766892196434886,0.16931046265303198,0.16954980790615082,185136000,0.0,0.0
2000-05-09 00:00:00-04:00,0.17241541373149447,0.17384776837890026,0.1623852554822594,0.16716191172599792,176832000,0.0,0.0
2000-05-10 00:00:00-04:00,0.16549024226657544,0.16560945030298624,0.14925107148256475,0.15068434178829193,274080000,0.0,0.0
2000-05-11 00:00:00-04:00,0.15283376714911068,0.15987816307155145,0.15080352778038272,0.15713174641132355,245904000,0.0,0.0
2000-05-12 00:00:00-04:00,0.16143066307341464,0.17002753754892566,0.15235601365566254,0.15235601365566254,187824000,0.0,0.0
2000-05-15 00:00:00-04:00,0.1516398348371711,0.16549022487777315,0.14423688537589055,0.16286301612854004,282096000,0.0,0.0
2000-05-16 00:00:00-04:00,0.17002752389442474,0.18471329824482172,0.16811649260081593,0.1795790046453476,366432000,0.0,0.0
2000-05-17 00:00:00-04:00,0.189131417497836,0.21898163190504558,0.18901220947189698,0.21110092103481293,1290624000,0.0,0.0
2000-05-18 00:00:00-04:00,0.2122948605731524,0.21575745474193417,0.19545963734834482,0.19677278399467468,509904000,0.0,0.0
2000-05-19 00:00:00-04:00,0.19104154834954928,0.20154945516965977,0.18960919357125114,0.19510111212730408,521184000,0.0,0.0
2000-05-22 00:00:00-04:00,0.19295259935136871,0.20775850117206573,0.1758780415866504,0.20775850117206573,517152000,0.0,0.0
2000-05-23 00:00:00-04:00,0.20250405191131432,0.22530985693067807,0.19916158120741456,0.20608676970005035,778560000,0.0,0.0
2000-05-24 00:00:00-04:00,0.20584745324080655,0.20919083970345229,0.17623656743296295,0.20345957577228546,739632000,0.0,0.0
2000-05-25 00:00:00-04:00,0.20644443560272663,0.2187432515310854,0.19808687760120897,0.200593963265419,569184000,0.0,0.0
2000-05-26 00:00:00-04:00,0.20160900056362152,0.20716052114676506,0.18913136443847015,0.20160900056362152,183456000,0.0,0.0
2000-05-30 00:00:00-04:00,0.20704138619194432,0.2151605142363172,0.2060867926748403,0.20990702509880066,303648000,0.0,0.0
2000-05-31 00:00:00-04:00,0.2091908267963465,0.2216088492222325,0.2091908267963465,0.21802613139152527,469536000,0.0,0.0
2000-06-01 00:00:00-04:00,0.22447452109473826,0.2265038455708124,0.21850392469496785,0.22411596775054932,418992000,0.0,0.0
2000-06-02 00:00:00-04:00,0.22877245027354073,0.25408535417965966,0.22877245027354073,0.251339852809906,592176000,0.0,0.0
2000-06-05 00:00:00-04:00,0.25098145569441416,0.2693691552464004,0.24095130450656982,0.25674206018447876,491904000,0.0,0.0
2000-06-06 00:00:00-04:00,0.2576680491074031,0.2672195300668795,0.24262280569129904,0.24393688142299652,375888000,0.0,0.0
2000-06-07 00:00:00-04:00,0.24214600715574905,0.24417533127702248,0.22948863905867903,0.23307135701179504,332352000,0.0,0.0
2000-06-08 00:00:00-04:00,0.23904105347761903,0.23928037139872926,0.22542907809319676,0.23486226797103882,460704000,0.0,0.0
2000-06-09 00:00:00-04:00,0.23928038066909918,0.2521752636456048,0.2356976625328315,0.24154812097549438,467280000,0.0,0.0
2000-06-12 00:00:00-04:00,0.24262286026245955,0.24465311373690585,0.22972800415948877,0.23510070145130157,380016000,0.0,0.0
2000-06-13 00:00:00-04:00,0.2285339724455434,0.24262276162535693,0.2273400341263618,0.2425035536289215,447840000,0.0,0.0
2000-06-14 00:00:00-04:00,0.24704096425009717,0.24835408362678327,0.23907129789142262,0.24226520955562592,275088000,0.0,0.0
2000-06-15 00:00:00-04:00,0.2415480652310221,0.24859338998794556,0.2285340045459691,0.24859338998794556,338592000,0.0,0.0
2000-06-16 00:00:00-04:00,0.2476974591606328,0.286562681321608,0.24763782783484964,0.286084920167923,987840000,0.0,0.0
2000-06-19 00:00:00-04:00,0.28536873843086485,0.32715920166064877,0.2782042069244958,0.3039948642253876,1052160000,0.0,0.0
2000-06-20 00:00:00-04:00,0.30924936531813607,0.3128311538026628,0.2961151661493122,0.29993537068367004,610272000,0.0,0.0
2000-06-21 00:00:00-04:00,0.29527882640167946,0.3362339122672377,0.29527882640167946,0.3303825259208679,614880000,0.0,0.0
2000-06-22 00:00:00-04:00,0.32895024124264405,0.3357562223297213,0.3092494045772135,0.3123534321784973,614352000,0.0,0.0
2000-06-23 00:00:00-04:00,0.30399495612500965,0.30781608994197,0.28274162951995224,0.28286173939704895,607392000,0.0,0.0
2000-06-26 00:00:00-04:00,0.2884728323782492,0.31880080370436814,0.28393552195283517,0.31700989603996277,618288000,0.0,0.0
2000-06-27 00:00:00-04:00,0.31426354398235834,0.31951796212022326,0.2638761754413694,0.27223464846611023,604608000,0.0,2.0
2000-06-28 00:00:00-04:00,0.2779658225775684,0.28847282494699983,0.2540853052939887,0.26172757148742676,586608000,0.0,0.0
2000-06-29 00:00:00-04:00,0.2571903499179144,0.2571903499179144,0.21969784777949042,0.22399674355983734,1184880000,0.0,0.0
2000-06-30 00:00:00-04:00,0.23450364972402582,0.24692166928792392,0.2230411525394552,0.24286212027072906,1209192000,0.0,0.0
2000-07-03 00:00:00-04:00,0.24453388425917613,0.25217525044548483,0.2311603387931874,0.2335491180419922,232680000,0.0,0.0
2000-07-05 00:00:00-04:00,0.2325935562206616,0.23307131745567453,0.20154941987729172,0.20847462117671967,777936000,0.0,0.0
2000-07-06 00:00:00-04:00,0.20871302181885706,0.22877240598146734,0.20369795031602064,0.22113104164600372,603936000,0.0,0.0
2000-07-07 00:00:00-04:00,0.2292502309407077,0.2330713650955473,0.2177877166607966,0.22232504189014435,346560000,0.0,0.0
2000-07-10 00:00:00-04:00,0.21850391642506495,0.2392804012156672,0.21635538397486967,0.23378756642341614,351264000,0.0,0.0
2000-07-11 00:00:00-04:00,0.23068344399614685,0.26459320141049525,0.22805622206330226,0.25265294313430786,755304000,0.0,0.0
2000-07-12 00:00:00-04:00,0.2631599592917246,0.27295078569126807,0.2548024166750949,0.25981658697128296,388152000,0.0,0.0
2000-07-13 00:00:00-04:00,0.26530946760266805,0.28560727398868846,0.26483170625665475,0.28417491912841797,458736000,0.0,0.0
2000-07-14 00:00:00-04:00,0.2899060789675505,0.29539800978542474,0.275100209744783,0.28202539682388306,280200000,0.0,0.0
2000-07-17 00:00:00-04:00,0.2863243146221629,0.28656273065134935,0.27796584326605855,0.27892136573791504,105552000,0.0,0.0
2000-07-18 00:00:00-04:00,0.2636377899318228,0.2865628210843205,0.2636377899318228,0.27342861890792847,183672000,0.0,0.0
2000-07-19 00:00:00-04:00,0.26363783429366516,0.2655479509840256,0.25050362990720526,0.2559964656829834,189504000,0.0,0.0
2000-07-20 00:00:00-04:00,0.2557570377248467,0.2693689991803471,0.25504086034461043,0.2629215717315674,142992000,0.0,0.0
2000-07-21 00:00:00-04:00,0.26363781142350573,0.271279179371311,0.25981667652502216,0.26626503467559814,251928000,0.0,0.0
2000-07-24 00:00:00-04:00,0.2665034196268169,0.26841353592805334,0.2330713831922303,0.24357838928699493,281112000,0.0,0.0
2000-07-25 00:00:00-04:00,0.24739942203824467,0.24930953755427607,0.23402588055122026,0.2345036417245865,335304000,0.0,0.0
2000-07-26 00:00:00-04:00,0.23450371338260956,0.23450371338260956,0.2106241056648524,0.217071533203125,380064000,0.0,0.0
2000-07-27 00:00:00-04:00,0.21014632887600906,0.21301195373910978,0.198683815759229,0.2015494406223297,331560000,0.0,0.0
2000-07-28 00:00:00-04:00,0.20250408363586048,0.22136953607021528,0.1910415684836942,0.2063252180814743,512664000,0.0,0.0
2000-07-31 00:00:00-04:00,0.21778769443332902,0.2297279688272802,0.20632518132328492,0.2292502075433731,371232000,0.0,0.0
2000-08-01 00:00:00-04:00,0.2292502335489449,0.23116034972360341,0.22304122183786962,0.22471290826797485,350616000,0.0,0.0
2000-08-02 00:00:00-04:00,0.2216088418625599,0.23295123143276797,0.21802612415083544,0.2292502075433731,345432000,0.0,0.0
2000-08-03 00:00:00-04:00,0.20632522473480702,0.24453391953340825,0.20632522473480702,0.23928040266036987,368664000,0.0,0.0
2000-08-04 00:00:00-04:00,0.24501167339628394,0.24835411730023457,0.2397572548354657,0.24357838928699493,194784000,0.0,0.0
2000-08-07 00:00:00-04:00,0.24524997934818143,0.2648316004831874,0.2442944570377895,0.26268213987350464,246936000,0.0,0.0
2000-08-08 00:00:00-04:00,0.25695091485977173,0.27127905026289995,0.25599632164071795,0.25695091485977173,128112000,0.0,0.0
2000-08-09 00:00:00-04:00,0.260294318400305,0.2619659907045614,0.24572776674446123,0.24930955469608307,136248000,0.0,0.0
2000-08-10 00:00:00-04:00,0.24357835318926566,0.2579064916121636,0.23880262588377735,0.2521752417087555,156432000,0.0,0.0
2000-08-11 00:00:00-04:00,0.2526530540091926,0.2545631704129375,0.23450375070860777,0.24620559811592102,131928000,0.0,0.0
2000-08-14 00:00:00-04:00,0.2493095672445677,0.2516974442183378,0.24071267996122028,0.24859338998794556,108576000,0.0,0.0
2000-08-15 00:00:00-04:00,0.24978735221688866,0.2770103438389443,0.24907117489219452,0.27205580472946167,443328000,0.0,0.0
2000-08-16 00:00:00-04:00,0.2868011466805358,0.2868011466805358,0.2705628943818107,0.27892136573791504,266232000,0.0,0.0
2000-08-17 00:00:00-04:00,0.27510029574498956,0.28560727398868846,0.27414477305296303,0.28417491912841797,129816000,0.0,0.0
2000-08-18 00:00:00-04:00,0.2829809346765473,0.29754751557228293,0.28250320073640256,0.29420411586761475,204720000,0.0,0.0
2000-08-21 00:00:00-04:00,0.30495053218791723,0.31020404941940083,0.2980253419145544,0.29874151945114136,464472000,0.0,0.0
2000-08-22 00:00:00-04:00,0.2832193821762063,0.289428393078329,0.26793662374333016,0.27056291699409485,658872000,0.0,0.0
2000-08-23 00:00:00-04:00,0.26626499144011784,0.28680121399860325,0.26077215703274786,0.2863243818283081,352800000,0.0,0.0
2000-08-24 00:00:00-04:00,0.28465257435935865,0.29683127551390326,0.27939908719594636,0.2939656376838684,332616000,0.0,0.0
2000-08-25 00:00:00-04:00,0.2908616960709082,0.2970698061165081,0.2851304455285117,0.28656280040740967,153048000,0.0,0.0
2000-08-28 00:00:00-04:00,0.2879960063255473,0.3018463812358333,0.2846526069448683,0.2980252206325531,189264000,0.0,0.0
2000-08-29 00:00:00-04:00,0.2992192467023192,0.29993542415713065,0.2942041734917952,0.29730913043022156,149376000,0.0,0.0
2000-08-30 00:00:00-04:00,0.29396570499028946,0.30399494777424874,0.2908616504543066,0.29993537068367004,178080000,0.0,0.0
2000-08-31 00:00:00-04:00,0.30447265280226604,0.3152189727769255,0.29850296088299205,0.30327871441841125,388896000,0.0,0.0
2000-09-01 00:00:00-04:00,0.30948775439498105,0.31235336530263036,0.3004131057788706,0.3037565052509308,204144000,0.0,0.0
2000-09-05 00:00:00-04:00,0.31092106894998855,0.3111595123524078,0.3020848620383296,0.3042342960834503,246144000,0.0,0.0
2000-09-06 00:00:00-04:00,0.3054281872765781,0.3054281872765781,0.280831490189762,0.2832193672657013,230136000,0.0,0.0
2000-09-07 00:00:00-04:00,0.2875182162120082,0.2989807130350218,0.27557793088565263,0.29850295186042786,239760000,0.0,0.0
2000-09-08 00:00:00-04:00,0.29515965407083206,0.3018464265063113,0.27987599320052176,0.280831515789032,222648000,0.0,0.0
2000-09-11 00:00:00-04:00,0.27724950302841217,0.27892120178272706,0.25886182789416445,0.2693687975406647,285888000,0.0,0.0
2000-09-12 00:00:00-04:00,0.2696073903883607,0.2836970831004707,0.26363769807911175,0.267697274684906,125976000,0.0,0.0
2000-09-13 00:00:00-04:00,0.2669811853747829,0.2719962587440536,0.26124990719927116,0.2675781548023224,239976000,0.0,0.0
2000-09-14 00:00:00-04:00,0.2688912665977641,0.28083152810980605,0.26172763440265717,0.2650710344314575,216336000,0.0,0.0
2000-09-15 00:00:00-04:00,0.2636377266810107,0.2746224918995235,0.2617276107703287,0.2708618640899658,242592000,0.0,0.0
2000-09-18 00:00:00-04:00,0.27151848570157383,0.27319018586243166,0.2521752723820596,0.25504088401794434,163488000,0.0,0.0
2000-09-19 00:00:00-04:00,0.24333994414001298,0.26363774911180365,0.24071272150887377,0.2629215717315674,301104000,0.0,0.0
2000-09-20 00:00:00-04:00,0.25575702931972333,0.2607721291719718,0.2502651246768794,0.25432467460632324,227568000,0.0,0.0
2000-09-21 00:00:00-04:00,0.2562347734023382,0.27104067206953136,0.25599635735868015,0.2652498185634613,346824000,0.0,0.0
2000-09-22 00:00:00-04:00,0.23904094916144072,0.2731900465951412,0.23880253319334008,0.269846647977829,387264000,0.0,0.0
2000-09-25 00:00:00-04:00,0.27820421080449625,0.29324945115736156,0.27605567938363923,0.289189875125885,467568000,0.0,0.0
2000-09-26 00:00:00-04:00,0.292293999027158,0.2994585323535375,0.27892138408673084,0.2961151599884033,337344000,0.0,0.0
2000-09-27 00:00:00-04:00,0.29372732622901476,0.32620383776150713,0.29372732622901476,0.3123534321784973,676128000,0.0,0.0
2000-09-28 00:00:00-04:00,0.30948765574890047,0.3238157877064538,0.3018462932753754,0.3219056725502014,333816000,0.0,0.0
2000-09-29 00:00:00-04:00,0.3128311038017273,0.3247713897864188,0.3075776162751598,0.3128311038017273,373872000,0.0,0.0
2000-10-02 00:00:00-04:00,0.3171291496875701,0.32954717163673297,0.2975475233786046,0.3054282069206238,340584000,0.0,0.0
2000-10-03 00:00:00-04:00,0.30709986122746463,0.30948773810250035,0.2865627154043985,0.2889505922794342,300264000,0.0,0.0
2000-10-04 00:00:00-04:00,0.2813092237900814,0.2903838444712524,0.2774880633376168,0.2856071889400482,419568000,0.0,0.0
2000-10-05 00:00:00-04:00,0.2877566691523923,0.2877566691523923,0.2729507713838966,0.27892136573791504,525048000,0.0,0.0
2000-10-06 00:00:00-04:00,0.2796374958924044,0.28154761133676426,0.2576679981476115,0.2614882290363312,1027176000,0.0,0.0
2000-10-09 00:00:00-04:00,0.254802423553358,0.27127909318971327,0.23689156824652302,0.26721954345703125,665256000,0.0,0.0
2000-10-10 00:00:00-04:00,0.25599635220890016,0.2688912328857346,0.24453385344917575,0.24692170321941376,415944000,0.0,0.0
2000-10-11 00:00:00-04:00,0.23187740421027972,0.26268221236663974,0.22256343671454665,0.2490711808204651,535776000,0.0,0.0
2000-10-12 00:00:00-04:00,0.2545631645662952,0.2693690396081147,0.23689162306698155,0.23928040266036987,401616000,0.0,0.0
2000-10-13 00:00:00-04:00,0.24095118350514866,0.2559964027314723,0.23838449387045846,0.2488318681716919,578976000,0.0,0.0
2000-10-16 00:00:00-04:00,0.24883184851263798,0.24883184851263798,0.2373693483963128,0.2431005984544754,339216000,0.0,0.0
2000-10-17 00:00:00-04:00,0.24214600465652444,0.24310059810115484,0.22280279319562976,0.22542907297611237,463248000,0.0,0.0
2000-10-18 00:00:00-04:00,0.21086255622438924,0.23474309702576943,0.20083239540363937,0.2218473106622696,416952000,0.0,0.0
2000-10-19 00:00:00-04:00,0.2361753057570431,0.2464438899917853,0.23259349126111833,0.24333983659744263,294888000,0.0,0.0
2000-10-20 00:00:00-04:00,0.23760869953963196,0.2722346441440169,0.23593699949547287,0.2660256326198578,387360000,0.0,0.0
2000-10-23 00:00:00-04:00,0.26817505591089974,0.26984672838894974,0.25169745771711743,0.26005592942237854,182112000,0.0,0.0
2000-10-24 00:00:00-04:00,0.25886201448649654,0.2631599804976143,0.25074288725729704,0.25169748067855835,193968000,0.0,0.0
2000-10-25 00:00:00-04:00,0.2447723156194552,0.2483541046142363,0.2280562982560208,0.22972799837589264,385512000,0.0,0.0
2000-10-26 00:00:00-04:00,0.23116031939030146,0.24835406825302103,0.21492206574964876,0.23951879143714905,265776000,0.0,0.0
2000-10-27 00:00:00-04:00,0.23975720222169172,0.24566819292710965,0.22542905115527462,0.23402592539787292,210960000,0.0,0.0
2000-10-30 00:00:00-05:00,0.230205699582387,0.23539958331924257,0.21730990433080155,0.21754924952983856,192120000,0.0,0.0
2000-10-31 00:00:00-05:00,0.22614614806933359,0.24119046305218436,0.219220959875458,0.2374289333820343,299256000,0.0,0.0
2000-11-01 00:00:00-05:00,0.23163809369513616,0.24071271624796836,0.22351896641811658,0.2373693436384201,304536000,0.0,0.0
2000-11-02 00:00:00-05:00,0.2457277866997164,0.2617275959447825,0.2416682098834556,0.2555185854434967,192888000,0.0,0.0
2000-11-03 00:00:00-05:00,0.2521752587817272,0.2770103760949287,0.25026514263424515,0.27223464846611023,268632000,0.0,0.0
2000-11-06 00:00:00-05:00,0.27868214846190104,0.30566673417750223,0.2770104479575256,0.29324963688850403,635040000,0.0,0.0
2000-11-07 00:00:00-05:00,0.2884729374532692,0.2884729374532692,0.2636377899318228,0.27342861890792847,258240000,0.0,0.0
2000-11-08 00:00:00-05:00,0.2765334440554487,0.2765334440554487,0.2612497875204533,0.2653093636035919,187080000,0.0,0.0
2000-11-09 00:00:00-05:00,0.24930968007585153,0.2617277063150923,0.22590689827244514,0.23760876059532166,564528000,0.0,0.0
2000-11-10 00:00:00-05:00,0.24572783457834105,0.257906512742563,0.21874324181482815,0.22471290826797485,805248000,0.0,0.0
2000-11-13 00:00:00-05:00,0.2134897385330021,0.25026514551199996,0.2063252041652714,0.22566843032836914,530040000,0.0,0.0
2000-11-14 00:00:00-05:00,0.24071269964912825,0.2688912407776654,0.2388026110781461,0.2669811248779297,470736000,0.0,0.0
2000-11-15 00:00:00-05:00,0.262205394695057,0.27056293822799093,0.2514590719241189,0.2634589374065399,423864000,0.0,0.0
2000-11-16 00:00:00-05:00,0.25599635220890016,0.2626821949218029,0.24453385344917575,0.24692170321941376,235536000,0.0,0.0
2000-11-17 00:00:00-05:00,0.24883181301412638,0.26148827734442737,0.23402591500470077,0.24214597046375275,178776000,0.0,0.0
2000-11-20 00:00:00-05:00,0.23319054402118755,0.23330975204503585,0.2208917439788953,0.2235189527273178,298752000,0.0,0.0
2000-11-21 00:00:00-05:00,0.2330713428817541,0.23498145885262955,0.20775846657763944,0.21922096610069275,382512000,0.0,0.0
2000-11-22 00:00:00-05:00,0.21014636516330615,0.21683222309910052,0.19868385006722133,0.20775850117206573,409752000,0.0,0.0
2000-11-24 00:00:00-05:00,0.21014635043683869,0.22781787637709097,0.21014635043683869,0.21969783306121826,165072000,0.0,0.0
2000-11-27 00:00:00-05:00,0.23545926914142898,0.2368916241232607,0.2035192042037507,0.21229490637779236,363864000,0.0,0.0
2000-11-28 00:00:00-05:00,0.21551905157073634,0.21778770725524496,0.19175863858818948,0.19647477567195892,382344000,0.0,0.0
2000-11-29 00:00:00-05:00,0.1994000235948471,0.19963845334896138,0.1695498181122396,0.1843557059764862,636408000,0.0,0.0
2000-11-30 00:00:00-05:00,0.16859423934128004,0.16859423934128004,0.1389833753072303,0.15474386513233185,981624000,0.0,0.0
2000-12-01 00:00:00-05:00,0.16429627503137845,0.18626577668517968,0.16334075255048414,0.17002752423286438,784080000,0.0,0.0
2000-12-04 00:00:00-05:00,0.17110227623758423,0.1767134026154978,0.15951963918535292,0.17265383899211884,474264000,0.0,0.0
2000-12-05 00:00:00-05:00,0.18483343894853183,0.19151929572567702,0.16763967611624833,0.18387793004512787,997224000,0.0,0.0
2000-12-06 00:00:00-05:00,0.18029608542342274,0.18531025516034302,0.15665398378936857,0.1576094925403595,950928000,0.0,0.0
2000-12-07 00:00:00-05:00,0.149968125167582,0.163102322167658,0.14184899965582676,0.15474386513233185,785184000,0.0,0.0
2000-12-08 00:00:00-05:00,0.17074372137792354,0.1910415393058174,0.15480350077397498,0.1900869458913803,853392000,0.0,0.0
2000-12-11 00:00:00-05:00,0.1838779347267692,0.19390716424009566,0.17910219378594452,0.1900869458913803,757632000,0.0,0.0
2000-12-12 00:00:00-05:00,0.1853102829704804,0.18865365541976198,0.17862442625642594,0.18483343720436096,409512000,0.0,0.0
2000-12-13 00:00:00-05:00,0.1841163452199782,0.18722130163287706,0.16716191403496303,0.17050530016422272,675072000,0.0,0.0
2000-12-14 00:00:00-05:00,0.16931045396605987,0.17074372421365022,0.15474389932917737,0.15880346298217773,569016000,0.0,0.0
2000-12-15 00:00:00-05:00,0.14877418557255703,0.15808724941724225,0.14232584420486483,0.1430429369211197,1094424000,0.0,0.0
2000-12-18 00:00:00-05:00,0.1490126087288092,0.15283375562700632,0.14566922304812355,0.1477590799331665,658872000,0.0,0.0
2000-12-19 00:00:00-05:00,0.1499681203853318,0.16334073296943927,0.1337289543665555,0.13659457862377167,946200000,0.0,0.0
2000-12-20 00:00:00-05:00,0.1296694157599291,0.14853487801459692,0.11510286210832343,0.12178963422775269,1105392000,0.0,0.0
2000-12-21 00:00:00-05:00,0.12011795235256437,0.13659462438051134,0.10507271966311431,0.10650599002838135,845256000,0.0,0.0
2000-12-22 00:00:00-05:00,0.11510289868607197,0.14614704727690528,0.11510289868607197,0.13396835327148438,949080000,0.0,0.0
2000-12-26 00:00:00-05:00,0.13563998972019098,0.13707234413751268,0.11987858438663379,0.12847545742988586,343824000,0.0,0.0
2000-12-27 00:00:00-05:00,0.12704308504618958,0.14232582517146822,0.12178959829190178,0.13707232475280762,339456000,0.0,0.0
2000-12-28 00:00:00-05:00,0.13158045343602306,0.14137126685585694,0.12943100586452114,0.1377885490655899,419232000,0.0,0.0
2000-12-29 00:00:00-05:00,0.13755011923578273,0.14208742998286916,0.1222664598916424,0.12519168853759766,495168000,0.0,0.0
2001-01-02 00:00:00-05:00,0.1260876380538849,0.12775932457506142,0.11390894556180499,0.11438670009374619,290808000,0.0,0.0
2001-01-03 00:00:00-05:00,0.1108039929934032,0.150684369893366,0.10793836052861985,0.14949043095111847,910368000,0.0,0.0
2001-01-04 00:00:00-05:00,0.14686319252375485,0.17050531330226631,0.142803628748096,0.16668416559696198,815448000,0.0,0.0
2001-01-05 00:00:00-05:00,0.16525083861643705,0.16596793127255385,0.13850560138746065,0.14172886312007904,432768000,0.0,0.0
2001-01-08 00:00:00-05:00,0.13778853446511785,0.1614306515486238,0.13778853446511785,0.15522164106369019,573768000,0.0,0.0
2001-01-09 00:00:00-05:00,0.15737112333135633,0.1614306873734514,0.1497288274191706,0.15832571685314178,302904000,0.0,0.0
2001-01-10 00:00:00-05:00,0.15020658456484023,0.17002755838416556,0.14662478197277684,0.16931046545505524,392928000,0.0,0.0
2001-01-11 00:00:00-05:00,0.1652508835897606,0.19056468893477124,0.1623852587244789,0.18340016901493073,447648000,0.0,0.0
2001-01-12 00:00:00-05:00,0.18650419234538482,0.1977282883589495,0.1776688888649251,0.1795790046453476,669000000,0.0,0.0
2001-01-16 00:00:00-05:00,0.18053453993504207,0.18053453993504207,0.16262458649470604,0.16549022495746613,414984000,0.0,0.0
2001-01-17 00:00:00-05:00,0.17814667079844781,0.18340017302366726,0.17074372099896662,0.17145989835262299,592584000,0.0,0.0
2001-01-18 00:00:00-05:00,0.17145987211255848,0.20919079268931473,0.1676396543569646,0.20435544848442078,948168000,0.0,0.0
2001-01-19 00:00:00-05:00,0.21014634590435724,0.2177877122088477,0.19581820676345438,0.198922261595726,1018704000,0.0,0.0
2001-01-22 00:00:00-05:00,0.19295260574781845,0.20059397300591925,0.1855496545920594,0.19104157388210297,377712000,0.0,0.0
2001-01-23 00:00:00-05:00,0.18865359781209695,0.21396649330473377,0.18769900472246892,0.2100866585969925,433632000,0.0,0.0
2001-01-24 00:00:00-05:00,0.20990705281867225,0.21205650091273,0.19701218161697306,0.20919087529182434,451728000,0.0,0.0
2001-01-25 00:00:00-05:00,0.2020271773980582,0.20250402311112667,0.1838779078528148,0.18817588686943054,440016000,0.0,0.0
2001-01-26 00:00:00-05:00,0.1776689412539713,0.1964151997502416,0.17635580800570222,0.1941465437412262,259248000,0.0,0.0
2001-01-29 00:00:00-05:00,0.188175923279615,0.19534044371111975,0.18149006601574155,0.19510111212730408,354168000,0.0,0.0
2001-01-30 00:00:00-05:00,0.19820608267990725,0.203578779542699,0.19438493496810968,0.19940000772476196,243720000,0.0,0.0
2001-01-31 00:00:00-05:00,0.19963846750620542,0.20728075041561334,0.19295260922817706,0.1972505897283554,358344000,0.0,0.0
2001-02-01 00:00:00-05:00,0.1972505303256459,0.19963840738437813,0.18865364273641577,0.1982656568288803,371856000,0.0,0.0
2001-02-02 00:00:00-05:00,0.19844449300361733,0.20298180430963023,0.17766891337326557,0.17910219728946686,320520000,0.0,0.0
2001-02-05 00:00:00-05:00,0.1788627952337265,0.18005673352913837,0.1683558075562643,0.1788627952337265,367584000,0.0,0.0
2001-02-06 00:00:00-05:00,0.17551940975899777,0.18340011851106505,0.17510218178035314,0.1798183172941208,250440000,0.0,0.0
2001-02-07 00:00:00-05:00,0.17862443209344211,0.18005678680075485,0.1619084164921727,0.17145989835262299,720384000,0.0,0.0
2001-02-08 00:00:00-05:00,0.17241541611302486,0.18220622927117608,0.16978820731736044,0.17050530016422272,384288000,0.0,0.0
2001-02-09 00:00:00-05:00,0.16907204937572606,0.1702659881278734,0.16310236927936794,0.16931046545505524,259608000,0.0,0.0
2001-02-12 00:00:00-05:00,0.16740030974590367,0.169310425462605,0.15665398899470673,0.16477403044700623,354336000,0.0,0.0
2001-02-13 00:00:00-05:00,0.16787808085376513,0.17766889339868341,0.16596796502460026,0.16978819668293,467736000,0.0,0.0
2001-02-14 00:00:00-05:00,0.16763968820232536,0.1872213160237844,0.1604751541114871,0.18220624327659607,690888000,0.0,0.0
2001-02-15 00:00:00-05:00,0.20728073561778862,0.2192209981749565,0.2058474652110661,0.21563827991485596,1108512000,0.0,0.0
2001-02-16 00:00:00-05:00,0.20465350463433618,0.2330713521860603,0.20441508857007964,0.22734010219573975,1081176000,0.0,0.0
2001-02-20 00:00:00-05:00,0.22160883268719803,0.22638457330886255,0.20441507056620092,0.20465348660945892,701304000,0.0,0.0
2001-02-21 00:00:00-05:00,0.19701214558593225,0.22256345353561965,0.19486269788498142,0.21396657824516296,646512000,0.0,0.0
2001-02-22 00:00:00-05:00,0.21277257478544212,0.2292501566212019,0.20632513549333206,0.22304114699363708,815304000,0.0,0.0
2001-02-23 00:00:00-05:00,0.22184730069538183,0.2254291035845281,0.20059397028178036,0.20763836801052094,1034664000,0.0,0.0
2001-02-26 00:00:00-05:00,0.2015494303379398,0.20728069343607133,0.19414649474802959,0.20298178493976593,751824000,0.0,0.0
2001-02-27 00:00:00-05:00,0.19796673016435448,0.20584744136941963,0.1896091868352739,0.19080312550067902,533832000,0.0,0.0
2001-02-28 00:00:00-05:00,0.1893698335741341,0.2005939160993174,0.16716190192049804,0.17074370384216309,784056000,0.0,0.0
2001-03-01 00:00:00-05:00,0.16859428660975262,0.18722132151898602,0.15283379236591002,0.1842355728149414,915288000,0.0,0.0
2001-03-02 00:00:00-05:00,0.17098214187339744,0.18316173382170492,0.1642962852868694,0.1665053367614746,1413504000,0.0,0.0
2001-03-05 00:00:00-05:00,0.1599973403237036,0.1724153728240547,0.15904274717779787,0.1681164652109146,742296000,0.0,0.0
2001-03-06 00:00:00-05:00,0.17671342360902628,0.19032538633339463,0.17372859026276172,0.1843557059764862,834408000,0.0,0.0
2001-03-07 00:00:00-05:00,0.18841525271332615,0.19963843494555228,0.18507186636287354,0.1991615891456604,938280000,0.0,0.0
2001-03-08 00:00:00-05:00,0.19343032113811087,0.2079968747059345,0.19343032113811087,0.20584742724895477,829344000,0.0,0.0
2001-03-09 00:00:00-05:00,0.19510108845905003,0.1960565973160993,0.17337091742812516,0.19128085672855377,1216776000,0.0,0.0
2001-03-12 00:00:00-05:00,0.18483346733374748,0.19343035690231797,0.17623657776517698,0.1843557059764862,762144000,0.0,0.0
2001-03-13 00:00:00-05:00,0.18674358818249145,0.2091908571178006,0.18578806544444465,0.2063252180814743,1082352000,0.0,0.0
2001-03-14 00:00:00-05:00,0.1970121359448094,0.21874322426564782,0.1970121359448094,0.21802613139152527,1351128000,0.0,0.0
2001-03-15 00:00:00-05:00,0.23139966898875422,0.24351874177161528,0.2230411967839865,0.22877244651317596,1875984000,0.0,0.0
2001-03-16 00:00:00-05:00,0.22519061011025568,0.23402589941558682,0.218503838827736,0.2278178185224533,1225200000,0.0,0.0
2001-03-19 00:00:00-05:00,0.22662305506322816,0.2426228832519889,0.21426554950478924,0.24095121026039124,943896000,0.0,0.0
2001-03-20 00:00:00-05:00,0.23808551811064033,0.25313076299272,0.21587758415643102,0.21850387752056122,1990560000,0.0,0.0
2001-03-21 00:00:00-05:00,0.2189816354491485,0.24119047091070844,0.21778769681514767,0.23474304378032684,1877352000,0.0,0.0
2001-03-22 00:00:00-05:00,0.23689158494553889,0.2593397801701012,0.23498146889304694,0.25838425755500793,1697760000,0.0,0.0
2001-03-23 00:00:00-05:00,0.26316007282657383,0.2679367309907174,0.24310067744106673,0.2559964656829834,1509672000,0.0,0.0
2001-03-26 00:00:00-05:00,0.2559962762298683,0.2712790021410672,0.2559962762298683,0.269846647977829,1542960000,0.0,0.0
2001-03-27 00:00:00-05:00,0.2645932402581484,0.27390630529758675,0.24883181935939755,0.26005592942237854,1702152000,0.0,0.0
2001-03-28 00:00:00-05:00,0.252891369157891,0.2669810887394106,0.2521751919396343,0.2602347135543823,1433280000,0.0,0.0
2001-03-29 00:00:00-05:00,0.2579661049613505,0.27319016251786243,0.2526530121494976,0.26411551237106323,1632960000,0.0,0.0
2001-03-30 00:00:00-05:00,0.2622053958842827,0.267219566752956,0.24644400034697778,0.2480560690164566,1423176000,0.0,0.0
2001-04-02 00:00:00-04:00,0.24739956346787367,0.2533692586040325,0.23450377578214723,0.23760876059532166,1265160000,0.0,0.0
2001-04-03 00:00:00-04:00,0.23402589528486495,0.2519367752803394,0.2337874792718886,0.24548842012882233,1991616000,0.0,0.0
2001-04-04 00:00:00-04:00,0.23617538796428883,0.23665314923216868,0.20560899708878333,0.22017556428909302,3362472000,0.0,0.0
2001-04-05 00:00:00-04:00,0.23474309232903648,0.24429457604769148,0.2282947483517505,0.24047434329986572,1724760000,0.0,0.0
2001-04-06 00:00:00-04:00,0.23736933028661836,0.252175229278672,0.23330975321207825,0.23951879143714905,1547664000,0.0,0.0
2001-04-09 00:00:00-04:00,0.24415148502269762,0.2500734621434149,0.2240920835924484,0.22787471115589142,1097160000,0.0,0.0
2001-04-10 00:00:00-04:00,0.23333825657328638,0.25676028853711447,0.23119887923665916,0.2493857592344284,1186416000,0.0,0.0
2001-04-11 00:00:00-04:00,0.2647455504572922,0.27433647015199203,0.2571426888801108,0.2644401788711548,1426872000,0.0,0.0
2001-04-12 00:00:00-04:00,0.25954978682715746,0.27987601446363175,0.2545823753040007,0.2684135138988495,1440264000,0.0,0.0
2001-04-16 00:00:00-04:00,0.2636377263025892,0.2691782485035246,0.25706559830869685,0.2618798315525055,764112000,0.0,0.0
2001-04-17 00:00:00-04:00,0.2580210618173452,0.2768195799688322,0.2579064450386015,0.2747178077697754,1112448000,0.0,0.0
2001-04-18 00:00:00-04:00,0.28629503907939097,0.3224789716692621,0.28629503907939097,0.2951982021331787,2301864000,0.0,0.0
2001-04-19 00:00:00-04:00,0.29687906851922335,0.325649994361566,0.295542090929549,0.3205679655075073,1632264000,0.0,0.0
2001-04-20 00:00:00-04:00,0.31670918521500746,0.3438368291822072,0.30834155730073326,0.3322596848011017,1773840000,0.0,0.0
2001-04-23 00:00:00-04:00,0.32503824741429105,0.3253445207299111,0.311397866416795,0.3147219717502594,1239000000,0.0,0.0
2001-04-24 00:00:00-04:00,0.31384361000498845,0.3373417812631506,0.2875183603232916,0.2924472391605377,1828320000,0.0,0.0
2001-04-25 00:00:00-04:00,0.29321109154243735,0.31632685034544705,0.2921033475632909,0.30589595437049866,1423728000,0.0,0.0
2001-04-26 00:00:00-04:00,0.3125441577356177,0.3125441577356177,0.278921399266935,0.28178703784942627,1486008000,0.0,0.0
2001-04-27 00:00:00-04:00,0.2926763880760529,0.3031072815232846,0.2869827428166411,0.3018464148044586,915672000,0.0,0.0
2001-04-30 00:00:00-04:00,0.3100608879759793,0.33604227934603625,0.3034887600002848,0.3182753920555115,1583280000,0.0,0.0
2001-05-01 00:00:00-04:00,0.31942167063150234,0.34884271622473995,0.31426353190309886,0.3480018377304077,1867368000,0.0,0.0
2001-05-02 00:00:00-04:00,0.3570572311454381,0.3570572311454381,0.3354692076525542,0.34001660346984863,1547784000,0.0,0.0
2001-05-03 00:00:00-04:00,0.32973785437569797,0.3400541297556001,0.3276746156969679,0.3385263979434967,960504000,0.0,0.0
2001-05-04 00:00:00-04:00,0.32859166484037217,0.34857494280908113,0.32706396007691063,0.3431875705718994,953520000,0.0,0.0
2001-05-07 00:00:00-04:00,0.3418882409820413,0.36106914912413124,0.3378763518304366,0.3585858941078186,975600000,0.0,0.0
2001-05-08 00:00:00-04:00,0.3638962288278727,0.3640493791825308,0.32958571219446686,0.3326420783996582,1620144000,0.0,0.0
2001-05-09 00:00:00-04:00,0.32205806829391487,0.3290501856140525,0.31483669002526543,0.31705307960510254,1319040000,0.0,0.0
2001-05-10 00:00:00-04:00,0.32622312971189427,0.3300818689003052,0.30261036891665105,0.30639299750328064,998904000,0.0,0.0
2001-05-11 00:00:00-04:00,0.3056290606234286,0.30757768287987103,0.2924471720313116,0.29855990409851074,921216000,0.0,0.0
2001-05-14 00:00:00-04:00,0.29943916107942936,0.3046734080672384,0.2886644211998207,0.3011200428009033,702432000,0.0,0.0
2001-05-15 00:00:00-04:00,0.3037565258941222,0.32477143546215864,0.3003177488452423,0.31193339824676514,1242600000,0.0,0.0
2001-05-16 00:00:00-04:00,0.304788022406207,0.32859152211523956,0.30283940099630496,0.3266429007053375,957096000,0.0,0.0
2001-05-17 00:00:00-04:00,0.3277131065074019,0.3419651312251235,0.32266961316291337,0.3324127495288849,919056000,0.0,0.0
2001-05-18 00:00:00-04:00,0.33130509905556804,0.34005420928246555,0.3232428151476042,0.32973793148994446,575832000,0.0,0.0
2001-05-21 00:00:00-04:00,0.3290125158949016,0.3515166210590996,0.32240185523712933,0.3446391224861145,1064688000,0.0,0.0
2001-05-22 00:00:00-04:00,0.34968273818928625,0.3583942448921876,0.33623400964443034,0.3549554944038391,1049976000,0.0,0.0
2001-05-23 00:00:00-04:00,0.3689021074887415,0.3820839954242031,0.34769644266821337,0.35193759202957153,2244912000,0.0,0.0
2001-05-24 00:00:00-04:00,0.34960666715207345,0.3661888038308438,0.33909968708509514,0.3571334183216095,1680576000,0.0,0.0
2001-05-25 00:00:00-04:00,0.3499504188312348,0.35514706316522193,0.3438752917380168,0.3503704071044922,947952000,0.0,0.0
2001-05-29 00:00:00-04:00,0.348384251655192,0.3484603622472872,0.3312666105547451,0.33600473403930664,920568000,0.0,0.0
2001-05-30 00:00:00-04:00,0.3280955825140317,0.34475382629510887,0.3262991813353564,0.32973793148994446,3308904000,0.0,0.0
2001-05-31 00:00:00-04:00,0.3323743445099039,0.33432296707081205,0.32003335979759007,0.32710158824920654,1262928000,0.0,0.0
2001-06-01 00:00:00-04:00,0.3293564668764372,0.34800183867456536,0.32744542161948387,0.34521231055259705,1022472000,0.0,0.0
2001-06-04 00:00:00-04:00,0.3454415158990493,0.34727552109741244,0.33531689661007785,0.3398633897304535,621552000,0.0,0.0
2001-06-05 00:00:00-04:00,0.3394809600820996,0.36125973130033595,0.33890784890727654,0.35770633816719055,987168000,0.0,0.0
2001-06-06 00:00:00-04:00,0.3590442638201923,0.36393463422931477,0.3538091139073006,0.359235018491745,698976000,0.0,0.0
2001-06-07 00:00:00-04:00,0.35606403750033533,0.3805552703525732,0.35342766035576967,0.3795236647129059,1141152000,0.0,0.0
2001-06-08 00:00:00-04:00,0.3783775134571084,0.37895062481401626,0.365730229441855,0.3696659803390503,712680000,0.0,0.0
2001-06-11 00:00:00-04:00,0.3702006281942572,0.3706215183938003,0.35312146632263336,0.358852744102478,581928000,0.0,0.0
2001-06-12 00:00:00-04:00,0.3513259861773922,0.37616110361099786,0.3505621200844928,0.37081223726272583,1102728000,0.0,0.0
2001-06-13 00:00:00-04:00,0.3735247131460306,0.37917988001462066,0.35514710837381386,0.35835662484169006,938712000,0.0,0.0
2001-06-14 00:00:00-04:00,0.3537330401938906,0.3637054385714044,0.3486510127350066,0.35759177803993225,946152000,0.0,0.0
2001-06-15 00:00:00-04:00,0.35342763453885506,0.36947512978561653,0.3468554806728644,0.3631707429885864,1094544000,0.0,0.0
2001-06-18 00:00:00-04:00,0.3622539233708178,0.3681373955450385,0.3448309094631159,0.3488042652606964,856656000,0.0,0.0
2001-06-19 00:00:00-04:00,0.3553763774664414,0.3636669658097217,0.322669703786218,0.32973793148994446,1513128000,0.0,0.0
2001-06-20 00:00:00-04:00,0.3236628068212512,0.3476964811104128,0.3169384567965245,0.34391385316848755,1759200000,0.0,0.0
2001-06-21 00:00:00-04:00,0.3425384003156141,0.3564841297273223,0.33336837165483624,0.35040900111198425,1484568000,0.0,0.0
2001-06-22 00:00:00-04:00,0.3486510834797556,0.35797423457936933,0.3442577396887241,0.3488427400588989,761184000,0.0,0.0
2001-06-25 00:00:00-04:00,0.3527400221667301,0.35419161651214026,0.33799096440119086,0.34815502166748047,640032000,0.0,0.0
2001-06-26 00:00:00-04:00,0.34043663848758116,0.35992291928173475,0.33909966086383975,0.3582035303115845,757920000,0.0,0.0
2001-06-27 00:00:00-04:00,0.35648411277629916,0.3572479789012888,0.34104825614924583,0.347123384475708,895752000,0.0,0.0
2001-06-28 00:00:00-04:00,0.3517844182251145,0.35629330709041585,0.34769641947487984,0.351211279630661,909336000,0.0,0.0
2001-06-29 00:00:00-04:00,0.3524721311455036,0.359922768003325,0.3484987496613222,0.3543822467327118,730920000,0.0,0.0
2001-07-02 00:00:00-04:00,0.3403603223794531,0.34322593249443045,0.33355893586119717,0.3386785387992859,1040016000,0.0,0.0
2001-07-03 00:00:00-04:00,0.3363484233699298,0.3465500518574307,0.33462906282831073,0.3429966866970062,406296000,0.0,0.0
2001-07-05 00:00:00-04:00,0.3389078763391287,0.3410096212048248,0.3177022145792886,0.31812313199043274,1020096000,0.0,0.0
2001-07-06 00:00:00-04:00,0.3133464604041365,0.31579211013811676,0.3022278135947678,0.30834147334098816,802824000,0.0,0.0
2001-07-09 00:00:00-04:00,0.30432967754752627,0.31170420600521415,0.2953504044733532,0.2982545495033264,1014072000,0.0,0.0
2001-07-10 00:00:00-04:00,0.30222789247089454,0.3062397811768608,0.2970697810818019,0.30070018768310547,1221744000,0.0,0.0
2001-07-11 00:00:00-04:00,0.29955400735103677,0.30494138092717527,0.2908424997685796,0.3001271188259125,904632000,0.0,0.0
2001-07-12 00:00:00-04:00,0.31426348682353017,0.3180846476012352,0.306622121774444,0.3158682584762573,981552000,0.0,0.0
2001-07-13 00:00:00-04:00,0.31353812035048007,0.3169768695263008,0.30280095542872887,0.30933457612991333,690144000,0.0,0.0
2001-07-16 00:00:00-04:00,0.30585838230033324,0.30948788804032645,0.2829333758244867,0.2844610810279846,1191696000,0.0,0.0
2001-07-17 00:00:00-04:00,0.27968518244648055,0.30314480727445814,0.2770102720368834,0.3003562092781067,1169904000,0.0,0.0
2001-07-18 00:00:00-04:00,0.2932108787934165,0.30131073493344646,0.2838116230194969,0.28996285796165466,840984000,0.0,0.0
2001-07-19 00:00:00-04:00,0.29416646251430717,0.3068898535105537,0.2896575742094887,0.2946249842643738,840024000,0.0,0.0
2001-07-20 00:00:00-04:00,0.28728907624500444,0.2938226994508169,0.2770104018073404,0.28614282608032227,742464000,0.0,0.0
2001-07-23 00:00:00-04:00,0.2865628145397778,0.2869451985444699,0.2587089054684302,0.2590527832508087,1547976000,0.0,0.0
2001-07-24 00:00:00-04:00,0.2625300360385363,0.276819670329321,0.2569895400386162,0.2765904366970062,1365312000,0.0,0.0
2001-07-25 00:00:00-04:00,0.2760932926067448,0.27662882674746764,0.26470780835308066,0.2739154100418091,1245888000,0.0,0.0
2001-07-26 00:00:00-04:00,0.27131762779186214,0.3037565307297598,0.2699421169504128,0.3018464148044586,1714152000,0.0,0.0
2001-07-27 00:00:00-04:00,0.30127322741722334,0.3128118627076605,0.29229395684433535,0.3094877302646637,1094688000,0.0,0.0
2001-07-30 00:00:00-04:00,0.30987017662987676,0.311131043398958,0.29878913168562565,0.30211326479911804,582288000,0.0,0.0
2001-07-31 00:00:00-04:00,0.3025342575756663,0.3104433925400906,0.2915302223243928,0.3091054856777191,1187760000,0.0,0.0
2001-08-01 00:00:00-04:00,0.31518050097133277,0.3295856500843892,0.313002618072793,0.3279809057712555,1204944000,0.0,0.0
2001-08-02 00:00:00-04:00,0.3321451761578801,0.33695941143271296,0.3209119058590729,0.33577558398246765,1097928000,0.0,0.0
2001-08-03 00:00:00-04:00,0.33241288951771597,0.33829726362581886,0.32614700590948253,0.3331391513347626,820344000,0.0,0.0
2001-08-06 00:00:00-04:00,0.33076960391095644,0.3466263791158771,0.3272162365289854,0.3432261347770691,1292568000,0.0,0.0
2001-08-07 00:00:00-04:00,0.3431489915730375,0.34483077550352725,0.33413211655378633,0.3381440043449402,1088616000,0.0,0.0
2001-08-08 00:00:00-04:00,0.3352023361681196,0.34387533561043115,0.328057068860571,0.3295471966266632,1125696000,0.0,0.0
2001-08-09 00:00:00-04:00,0.3280186199169165,0.3344761328709028,0.317893997158323,0.3237774968147278,1643616000,0.0,0.0
2001-08-10 00:00:00-04:00,0.3236251116276355,0.3278277267308081,0.3136903459674317,0.32339587807655334,1036488000,0.0,0.0
2001-08-13 00:00:00-04:00,0.3289354649562829,0.3406272230640356,0.3240450946212816,0.33695921301841736,1514784000,0.0,0.0
2001-08-14 00:00:00-04:00,0.3308465202028983,0.3329858694070788,0.3238543775399975,0.3280184864997864,2321160000,0.0,0.0
2001-08-15 00:00:00-04:00,0.33543162049928044,0.3393664697635085,0.3254968243568767,0.32840096950531006,1816392000,0.0,0.0
2001-08-16 00:00:00-04:00,0.32236434456158547,0.34272910643491866,0.3210649714354295,0.3422320783138275,1026096000,0.0,0.0
2001-08-17 00:00:00-04:00,0.33355913868552867,0.33791487854719804,0.3173584580597617,0.32007187604904175,1668840000,0.0,0.0
2001-08-20 00:00:00-04:00,0.31804617492823245,0.321294197738264,0.30811230827840136,0.31785544753074646,1183320000,0.0,0.0
2001-08-21 00:00:00-04:00,0.3186577548553184,0.3270639149265495,0.3106725122188132,0.3111686110496521,1186656000,0.0,0.0
2001-08-22 00:00:00-04:00,0.31667070502095146,0.324312973713948,0.3066221937968582,0.3239690959453583,1498104000,0.0,0.0
2001-08-23 00:00:00-04:00,0.3228603426720318,0.3270253533999968,0.31521897837296114,0.31678521633148193,1013592000,0.0,0.0
2001-08-24 00:00:00-04:00,0.3201864147720682,0.33237427385219975,0.31831390320530517,0.32584065198898315,1110936000,0.0,0.0
2001-08-27 00:00:00-04:00,0.3185432512993207,0.34142974993112646,0.31732089045575684,0.33711251616477966,1279608000,0.0,0.0
2001-08-28 00:00:00-04:00,0.33619547730020233,0.34368462266301153,0.3301203491766077,0.3327181935310364,1178760000,0.0,0.0
2001-08-29 00:00:00-04:00,0.3336352515916829,0.3357369972742121,0.31923099962008483,0.3220205008983612,1435800000,0.0,0.0
2001-08-30 00:00:00-04:00,0.31598297265321773,0.32324285788918594,0.30853233266871927,0.32098886370658875,1431312000,0.0,0.0
2001-08-31 00:00:00-04:00,0.3188484974040328,0.3266054086890627,0.3146458817569822,0.32366275787353516,887904000,0.0,0.0
2001-09-04 00:00:00-04:00,0.32278422881098784,0.32278422881098784,0.2989037119137032,0.301158607006073,1856136000,0.0,0.0
2001-09-05 00:00:00-04:00,0.3008908681769891,0.30987013948466846,0.28866450390538106,0.30757763981819153,2395584000,0.0,0.0
2001-09-06 00:00:00-04:00,0.301502497950321,0.31101637382515795,0.2936309706568185,0.2950064539909363,1950768000,0.0,0.0
2001-09-07 00:00:00-04:00,0.2903838023128828,0.30261019127423394,0.28885516891557766,0.2981012761592865,1970256000,0.0,0.0
2001-09-10 00:00:00-04:00,0.2955796800333646,0.3001270761234407,0.2834679295647684,0.2894669473171234,1872360000,0.0,2.0
2001-09-17 00:00:00-04:00,0.2714322314397063,0.27808049707971694,0.25844107164100816,0.2597404718399048,1138596000,0.0,0.0
2001-09-18 00:00:00-04:00,0.26478401466506396,0.2666941308503625,0.2381910018548384,0.24407540261745453,894372000,0.0,0.0
2001-09-19 00:00:00-04:00,0.24545087983759195,0.24827798508153676,0.2067837086496286,0.2410951405763626,1561908000,0.0,0.0
2001-09-20 00:00:00-04:00,0.22818007401827853,0.23651009719362104,0.2139665661433376,0.22069184482097626,1470696000,0.0,0.0
2001-09-21 00:00:00-04:00,0.20365031207608839,0.21610685486023734,0.1987599404465324,0.20609594881534576,1226304000,0.0,0.0
2001-09-24 00:00:00-04:00,0.22244881845689513,0.23261284679615102,0.21259104980349353,0.2292502075433731,1507500000,0.0,0.0
2001-09-25 00:00:00-04:00,0.22993800543691986,0.2398718728412848,0.21962174036640938,0.22030949592590332,941724000,0.0,0.0
2001-09-26 00:00:00-04:00,0.22313650814987104,0.2239012894980724,0.21014627970901073,0.21236175298690796,430812000,0.0,0.0
2001-09-27 00:00:00-04:00,0.21159796993605898,0.21396659444439337,0.19493882323080974,0.200593963265419,907296000,0.0,0.0
2001-09-28 00:00:00-04:00,0.2063251685309531,0.22015629125351163,0.19753755345041263,0.2099170684814453,1044876000,0.0,0.0
2001-10-01 00:00:00-04:00,0.20976397425991283,0.21320272457621162,0.18874906104854397,0.19211170077323914,972804000,0.0,0.0
2001-10-02 00:00:00-04:00,0.19180634769645605,0.19944771464101646,0.17316004482063377,0.18248319625854492,1123032000,0.0,0.0
2001-10-03 00:00:00-04:00,0.1815661317048014,0.22993792284862546,0.1815661317048014,0.2183993011713028,1798824000,0.0,0.0
2001-10-04 00:00:00-04:00,0.23001398869748435,0.2582887721267011,0.2220672544471309,0.24674923717975616,1980576000,0.0,0.0
2001-10-05 00:00:00-04:00,0.24300518835036278,0.2574479693452256,0.23375907891787215,0.2514113485813141,1078212000,0.0,0.0
2001-10-08 00:00:00-04:00,0.24147664679860734,0.2666180700102185,0.24147664679860734,0.25706568360328674,765900000,0.0,0.0
2001-10-09 00:00:00-04:00,0.2577534700598735,0.26287400682870526,0.23857348416447732,0.24590948224067688,917556000,0.0,0.0
2001-10-10 00:00:00-04:00,0.24155357052477675,0.263637687111418,0.23994882634872777,0.26172757148742676,968124000,0.0,0.0
2001-10-11 00:00:00-04:00,0.2757118840278958,0.29084242191432136,0.27425936069874046,0.2900776267051697,918000000,0.0,0.0
2001-10-12 00:00:00-04:00,0.28274155780253574,0.3094877113680363,0.28174843110707154,0.30895310640335083,1253100000,0.0,0.0
2001-10-15 00:00:00-04:00,0.299935345701979,0.31712912052930764,0.29153011482410135,0.30757763981819153,908568000,0.0,0.0
2001-10-16 00:00:00-04:00,0.30719524258388176,0.34097111865086893,0.30085234890097323,0.3385263979434967,1383852000,0.0,0.0
2001-10-17 00:00:00-04:00,0.3460146613514107,0.34616781169111904,0.31712915177619744,0.318657785654068,1695540000,0.0,0.0
2001-10-18 00:00:00-04:00,0.31865779880226086,0.33523993115546974,0.3178939327562554,0.33210745453834534,1020864000,0.0,0.0
2001-10-19 00:00:00-04:00,0.3273692292503371,0.3438752472394716,0.32324272475305355,0.338984876871109,1059264000,0.0,0.0
2001-10-22 00:00:00-04:00,0.33646319267897096,0.35151666249937946,0.3289740211401,0.34700867533683777,970824000,0.0,0.0
2001-10-23 00:00:00-04:00,0.3514406286171813,0.35770648454202,0.3331767095237118,0.3408951163291931,953028000,0.0,0.0
2001-10-24 00:00:00-04:00,0.33470526121007016,0.35678937832294755,0.3308841006935482,0.35594940185546875,1212144000,0.0,0.0
2001-10-25 00:00:00-04:00,0.3476964388786324,0.3831532014267547,0.34234667133347324,0.3768112361431122,1152396000,0.0,0.0
2001-10-26 00:00:00-04:00,0.37421253324629883,0.3854458018305028,0.3476965295860652,0.34991201758384705,1097124000,0.0,0.0
2001-10-29 00:00:00-05:00,0.35113523114805884,0.35724796358393845,0.3211034685698637,0.32148492336273193,1004796000,0.0,0.0
2001-10-30 00:00:00-05:00,0.3156014334696455,0.3357754661940733,0.3083415495452184,0.32095029950141907,1153380000,0.0,0.0
2001-10-31 00:00:00-05:00,0.332947312100683,0.3419650876552251,0.3228602993681467,0.327522337436676,989292000,0.0,0.0
2001-11-01 00:00:00-05:00,0.3317250486264299,0.3581649346386127,0.3266815271260827,0.35549095273017883,1093776000,0.0,0.0
2001-11-02 00:00:00-05:00,0.3538862237031867,0.364813189096187,0.3408189522114463,0.3604574501514435,1087248000,0.0,0.0
2001-11-05 00:00:00-05:00,0.3667243030815383,0.3767342813103515,0.3594643906471644,0.3617568910121918,933456000,0.0,0.0
2001-11-06 00:00:00-05:00,0.3610690997919542,0.38827375519157464,0.3591589837706001,0.38659197092056274,1415376000,0.0,0.0
2001-11-07 00:00:00-05:00,0.3836117501126291,0.40179955763709757,0.38139628970866457,0.3868982791900635,1419144000,0.0,0.0
2001-11-08 00:00:00-05:00,0.39171244615560646,0.3969081609978113,0.36871041020616346,0.3801729083061218,1915188000,0.0,0.0
2001-11-09 00:00:00-05:00,0.39698518832059543,0.40684294184373476,0.38964919523200936,0.40653666853904724,2270484000,0.0,0.0
2001-11-12 00:00:00-05:00,0.4050090745557627,0.42785709272316574,0.3926295563855716,0.4174647033214569,1458636000,0.0,0.0
2001-11-13 00:00:00-05:00,0.41876396277030475,0.41884007334016576,0.4080653035641337,0.41402581334114075,1446516000,0.0,0.0
2001-11-14 00:00:00-05:00,0.4170821926735147,0.4210564763324807,0.3912539537848312,0.40248721837997437,1150224000,0.0,0.0
2001-11-15 00:00:00-05:00,0.39790231924478897,0.41012871457888345,0.3928588239040917,0.4046266973018646,874944000,0.0,0.0
2001-11-16 00:00:00-05:00,0.4050090563163434,0.4092877833713892,0.39568590505408946,0.40111181139945984,496128000,0.0,0.0
2001-11-19 00:00:00-05:00,0.4050851568210177,0.40882927861148793,0.3706215163822019,0.39232325553894043,1943052000,0.0,0.0
2001-11-20 00:00:00-05:00,0.3942342448354224,0.40111174436121705,0.3769634562639514,0.38131919503211975,937884000,0.0,0.0
2001-11-21 00:00:00-05:00,0.3749001492618088,0.3864396869742416,0.36527165643794884,0.3764287829399109,728412000,0.0,0.0
2001-11-23 00:00:00-05:00,0.37788042534366373,0.3820839700602237,0.3713853100836357,0.3817015588283539,254016000,0.0,0.0
2001-11-26 00:00:00-05:00,0.388120579730002,0.40951697139960963,0.3870504404001056,0.40898236632347107,1215780000,0.0,0.0
2001-11-27 00:00:00-05:00,0.4087531838432306,0.4225843233054922,0.40118792753027177,0.41333818435668945,1183992000,0.0,0.0
2001-11-28 00:00:00-05:00,0.40806544741785195,0.41486683791355117,0.39155942293310503,0.3924764394760132,740844000,0.0,0.0
2001-11-29 00:00:00-05:00,0.4209795217757374,0.42311980069630084,0.408065399717978,0.4096701443195343,5135472000,0.0,0.0
2001-11-30 00:00:00-05:00,0.4095169795276844,0.42052098433265833,0.40348035837407104,0.4175407290458679,1034028000,0.0,0.0
2001-12-03 00:00:00-05:00,0.40875314445664446,0.4138727496555094,0.4038627728641087,0.41119879484176636,851496000,0.0,0.0
2001-12-04 00:00:00-05:00,0.4132619972348688,0.44474540470679275,0.4132619972348688,0.44428688287734985,1384644000,0.0,0.0
2001-12-05 00:00:00-05:00,0.44780182117686546,0.4810431018605551,0.4474203663664141,0.48012611269950867,1707036000,0.0,0.0
2001-12-06 00:00:00-05:00,0.47638192427022524,0.4776042847373489,0.46056365939324223,0.4725607633590698,1138944000,0.0,0.0
2001-12-07 00:00:00-05:00,0.46904588509703,0.47332551300524284,0.44994199428771503,0.4581179916858673,807036000,0.0,0.0
2001-12-10 00:00:00-05:00,0.4558256373222876,0.4731725135375815,0.45200540451748394,0.462703138589859,695868000,0.0,0.0
2001-12-11 00:00:00-05:00,0.47080374250895957,0.49021294860085246,0.4661417310712255,0.47928598523139954,792252000,0.0,0.0
2001-12-12 00:00:00-05:00,0.48295411799404664,0.4944166184558074,0.473630967271569,0.4941873848438263,1004628000,0.0,0.0
2001-12-13 00:00:00-05:00,0.48448168987954227,0.4906714326154444,0.4780626589499988,0.479973703622818,881400000,0.0,0.0
2001-12-14 00:00:00-05:00,0.47989679331063606,0.5039680687670179,0.47768130591650754,0.5015994310379028,754680000,0.0,0.0
2001-12-17 00:00:00-05:00,0.49777811297992464,0.5268929007196609,0.49777811297992464,0.519633948802948,1080960000,0.0,0.0
2001-12-18 00:00:00-05:00,0.5082477022140162,0.5154305732462511,0.5019818201885065,0.5062605738639832,886968000,0.0,0.0
2001-12-19 00:00:00-05:00,0.49793151433872385,0.5080946424475695,0.4905194083979436,0.4924295246601105,854652000,0.0,0.0
2001-12-20 00:00:00-05:00,0.49441672424242156,0.5033574929128378,0.47126248475278093,0.47301945090293884,951228000,0.0,0.0
2001-12-21 00:00:00-05:00,0.48333537561111545,0.4967089159223511,0.4777573053375605,0.49349942803382874,723972000,0.0,0.0
2001-12-24 00:00:00-05:00,0.4932703263519757,0.508323768681337,0.4930410381147341,0.5058020353317261,265308000,0.0,0.0
2001-12-26 00:00:00-05:00,0.508323812053524,0.5268170167794701,0.5082477287988224,0.5181816220283508,642156000,0.0,0.0
2001-12-27 00:00:00-05:00,0.5226906244935893,0.532548382459676,0.5219267855782497,0.5301797986030579,730152000,0.0,0.0
2001-12-28 00:00:00-05:00,0.5333120715439439,0.5368278061924221,0.5122980648418859,0.5174176692962646,757680000,0.0,0.0
2001-12-31 00:00:00-05:00,0.5212388706474175,0.5242191259583187,0.5100816880857226,0.5112279653549194,737580000,0.0,0.0
2002-01-02 00:00:00-05:00,0.5134445146412481,0.5230730395166471,0.5005294872355907,0.5142844915390015,1298904000,0.0,0.0
2002-01-03 00:00:00-05:00,0.5153544077911798,0.5502004801017084,0.5150490909694734,0.5479840636253357,1414752000,0.0,0.0
2002-01-04 00:00:00-05:00,0.5552440267683504,0.5552440267683504,0.5226905041438846,0.5320136547088623,936288000,0.0,0.0
2002-01-07 00:00:00-05:00,0.5341529666691279,0.5349168600121298,0.5105402123195103,0.5177230834960938,973068000,0.0,0.0
2002-01-08 00:00:00-05:00,0.5166540372685786,0.5362925410705226,0.5148961419126566,0.5238369107246399,774360000,0.0,0.0
2002-01-09 00:00:00-05:00,0.5310967733198263,0.5406482302521336,0.5093179910651311,0.5166540145874023,1141188000,0.0,0.0
2002-01-10 00:00:00-05:00,0.5139028904218331,0.5209326117901324,0.499765506071793,0.5042743682861328,992508000,0.0,0.0
2002-01-11 00:00:00-05:00,0.5076362349570406,0.5077893306814298,0.47997395280607513,0.4819602072238922,1380852000,0.0,0.0
2002-01-14 00:00:00-05:00,0.4808908091584962,0.4842525738930456,0.45666640996932983,0.45666640996932983,1369560000,0.0,0.0
2002-01-15 00:00:00-05:00,0.4756943345824313,0.499612467597621,0.4751597293287257,0.4993070960044861,1838808000,0.0,0.0
2002-01-16 00:00:00-05:00,0.49250555271403573,0.49571504142246275,0.4779866609637923,0.4798206388950348,1115388000,0.0,0.0
2002-01-17 00:00:00-05:00,0.49571525879549866,0.4967092606218943,0.47775763688531336,0.49663224816322327,1121544000,0.0,0.0
2002-01-18 00:00:00-05:00,0.4779104151453303,0.49097770992044226,0.4776041692125518,0.4875389337539673,803676000,0.0,0.0
2002-01-22 00:00:00-05:00,0.49212417568030653,0.49342267438181125,0.46980986055717544,0.47531190514564514,1085028000,0.0,0.0
2002-01-23 00:00:00-05:00,0.47959131632483604,0.4876911744977071,0.4701159476300208,0.4842524528503418,889164000,0.0,0.0
2002-01-24 00:00:00-05:00,0.4890667925973516,0.5066429525085993,0.478750516071043,0.5015994310379028,1137684000,0.0,0.0
2002-01-25 00:00:00-05:00,0.49441655183954963,0.5127566047647948,0.48830294579610556,0.5003000497817993,817752000,0.0,0.0
2002-01-28 00:00:00-05:00,0.5100817463104609,0.5196341855116774,0.505038278791318,0.5195571184158325,924288000,0.0,0.0
2002-01-29 00:00:00-05:00,0.520780243202212,0.5223079749137413,0.4860103134524451,0.49411022663116455,1381932000,0.0,0.0
2002-01-30 00:00:00-05:00,0.49670904577985275,0.5004531942270237,0.4848641630883274,0.5000708103179932,1218456000,0.0,0.0
2002-01-31 00:00:00-05:00,0.5065666942005401,0.5104639375053479,0.48562790011218326,0.5023632049560547,973980000,0.0,0.0
2002-02-01 00:00:00-05:00,0.501523329827498,0.5068721679414876,0.48715665924959645,0.4900607764720917,688272000,0.0,0.0
2002-02-04 00:00:00-05:00,0.4889906727083391,0.5009116940833404,0.4662188239874353,0.4669826626777649,1104864000,0.0,0.0
2002-02-05 00:00:00-05:00,0.4638493434727318,0.4678996838084313,0.4442108171026666,0.4623976945877075,1474620000,0.0,0.0
2002-02-06 00:00:00-05:00,0.4746240748164301,0.48211319236318917,0.46537793691002655,0.4739363193511963,1242528000,0.0,0.0
2002-02-07 00:00:00-05:00,0.4745479215793375,0.4745479215793375,0.45636107252719516,0.4585765600204468,964476000,0.0,0.0
2002-02-08 00:00:00-05:00,0.4616338272126833,0.46423169863953506,0.4235782902598751,0.44107741117477417,1871292000,0.0,0.0
2002-02-11 00:00:00-05:00,0.4403896676333681,0.46614182722088526,0.4387849231108872,0.4654540717601776,1249224000,0.0,0.0
2002-02-12 00:00:00-05:00,0.4584243985347695,0.4841004517513215,0.4531516422424994,0.47531190514564514,1216500000,0.0,0.0
2002-02-13 00:00:00-05:00,0.4814253685685142,0.48952528265490236,0.4646140322456203,0.4691990315914154,1230432000,0.0,0.0
2002-02-14 00:00:00-05:00,0.4731723689666788,0.48486415580956066,0.4672119134152642,0.4750064015388489,1225692000,0.0,0.0
2002-02-15 00:00:00-05:00,0.453151519285071,0.45582550107937914,0.433665244189163,0.43825024366378784,3988548000,0.0,0.0
2002-02-19 00:00:00-05:00,0.41952782133273026,0.423883559481355,0.40584890747737923,0.40921154618263245,1972524000,0.0,0.0
2002-02-20 00:00:00-05:00,0.40195178408166343,0.4351930643403634,0.4011879179639809,0.4306080639362335,1838736000,0.0,0.0
2002-02-21 00:00:00-05:00,0.4247246013179011,0.42487682250377445,0.4006533213534494,0.401187926530838,1531044000,0.0,0.0
2002-02-22 00:00:00-05:00,0.39316417084010985,0.39774917128602816,0.37635277582599297,0.3814724087715149,2585616000,0.0,0.0
2002-02-25 00:00:00-05:00,0.3832302810113295,0.4143312806827176,0.3831532412461264,0.4113510251045227,1599564000,0.0,0.0
2002-02-26 00:00:00-05:00,0.42036879138599453,0.4275516629528614,0.40921163549449596,0.4202917516231537,1902672000,0.0,0.0
2002-02-27 00:00:00-05:00,0.4298441828622966,0.4316781884258867,0.4050090381583027,0.4061552882194519,1723224000,0.0,0.0
2002-02-28 00:00:00-05:00,0.40348033026414526,0.41074024060080994,0.386362665740452,0.3898014426231384,1585440000,0.0,0.0
2002-03-01 00:00:00-05:00,0.39354645475837685,0.42793397668767513,0.39240020493835864,0.4274754822254181,1311396000,0.0,0.0
2002-03-04 00:00:00-05:00,0.4287740326862314,0.4562079502090666,0.4246475271033538,0.45131757855415344,1484724000,0.0,0.0
2002-03-05 00:00:00-05:00,0.4443629729566297,0.4622444762886122,0.4439815182301956,0.45017126202583313,1379448000,0.0,0.0
2002-03-06 00:00:00-05:00,0.4367216600183479,0.4411535370010872,0.42663464361908476,0.4360339045524597,1446060000,0.0,0.0
2002-03-07 00:00:00-05:00,0.4422237724155885,0.4436753669183425,0.4204449903547086,0.4325191378593445,1346532000,0.0,0.0
2002-03-08 00:00:00-05:00,0.44077202948426525,0.454603166602841,0.4386317507764586,0.4454331398010254,1270356000,0.0,0.0
2002-03-11 00:00:00-05:00,0.4405427797089046,0.4454331234355648,0.43290048520079066,0.44023647904396057,810540000,0.0,0.0
2002-03-12 00:00:00-05:00,0.42678781391006276,0.4290803140176494,0.41417906331833615,0.4171593189239502,1255032000,0.0,0.0
2002-03-13 00:00:00-05:00,0.413262010163607,0.41624226550445337,0.408065365500254,0.40959399938583374,1031616000,0.0,0.0
2002-03-14 00:00:00-05:00,0.40653677916181197,0.40653677916181197,0.38605740064306426,0.3868982791900635,1139460000,0.0,0.0
2002-03-15 00:00:00-05:00,0.38964920460298813,0.4037095736864446,0.38223617158900547,0.403251051902771,1248288000,0.0,0.0
2002-03-18 00:00:00-05:00,0.41058707249653714,0.4194517267754733,0.39866605269604266,0.403251051902771,1236996000,0.0,0.0
2002-03-19 00:00:00-05:00,0.4061554016081752,0.40691926791253225,0.39232335724640804,0.39469289779663086,846072000,0.0,0.0
2002-03-20 00:00:00-05:00,0.3881966934106635,0.388961488583718,0.35419155247671363,0.35549095273017883,2292588000,0.0,0.0
2002-03-21 00:00:00-05:00,0.36152755868964276,0.37864519615816095,0.35197514849768696,0.37436556816101074,1721712000,0.0,0.0
2002-03-22 00:00:00-05:00,0.3810898980942613,0.3810898980942613,0.36832890259751266,0.3711560070514679,1249140000,0.0,0.0
2002-03-25 00:00:00-05:00,0.3693983353478954,0.3698568300168857,0.3515167972984017,0.35197529196739197,884160000,0.0,0.0
2002-03-26 00:00:00-05:00,0.3483072083637128,0.36809973192405104,0.34632098170915754,0.359158992767334,1123512000,0.0,0.0
2002-03-27 00:00:00-05:00,0.3536568428647519,0.3608397117413036,0.3415827024205968,0.34769633412361145,1068012000,0.0,0.0
2002-03-28 00:00:00-05:00,0.3500649903210224,0.3522813792162454,0.31995712587106456,0.338984876871109,3124080000,0.0,0.0
2002-04-01 00:00:00-05:00,0.32018636227045416,0.3360046250960711,0.30994622516719766,0.33340585231781006,2365344000,0.0,0.0
2002-04-02 00:00:00-05:00,0.3233959536874859,0.34150672023730366,0.32278430880118525,0.32469442486763,1438008000,0.0,0.0
2002-04-03 00:00:00-05:00,0.3261469330728817,0.3350106593701747,0.31942165449828724,0.33080804347991943,1094640000,0.0,0.0
2002-04-04 00:00:00-05:00,0.3282862294131248,0.3404364814343888,0.3237773412759569,0.32920321822166443,1130964000,0.0,0.0
2002-04-05 00:00:00-05:00,0.3313426538803418,0.3366924212201951,0.3183523958093017,0.3217141330242157,1026900000,0.0,0.0
2002-04-08 00:00:00-04:00,0.30681295850523527,0.3324889838695526,0.3067368479102535,0.3324889838695526,1151316000,0.0,0.0
2002-04-09 00:00:00-04:00,0.3357754889437452,0.338526483654825,0.3107101811730249,0.3114749491214752,1380768000,0.0,0.0
2002-04-10 00:00:00-04:00,0.3139966959781843,0.316365306607644,0.27204391238917497,0.2942811846733093,3689724000,0.0,0.0
2002-04-11 00:00:00-04:00,0.2919116510032662,0.2956566745179676,0.2781566504535897,0.28136613965034485,1437288000,0.0,0.0
2002-04-12 00:00:00-04:00,0.2876328857751829,0.28992538556056247,0.27150834752244224,0.2802968919277191,1376880000,0.0,0.0
2002-04-15 00:00:00-04:00,0.2857219624213333,0.2964205989028703,0.28503420679282104,0.2916063368320465,1157208000,0.0,0.0
2002-04-16 00:00:00-04:00,0.3046735428682073,0.3078069487135974,0.29833064792078506,0.30429115891456604,854856000,0.0,0.0
2002-04-17 00:00:00-04:00,0.30788305401802063,0.3123919434031902,0.29825453221956555,0.30788305401802063,944484000,0.0,0.0
2002-04-18 00:00:00-04:00,0.3047496289580644,0.3080361575590294,0.29611516385842374,0.3027634024620056,693156000,0.0,0.0
2002-04-19 00:00:00-04:00,0.29252316138532697,0.296115060223948,0.2817483940467672,0.28213077783584595,1125672000,0.0,0.0
2002-04-22 00:00:00-04:00,0.2789974455800766,0.2892375823439613,0.2789213350151813,0.2835063338279724,808176000,0.0,0.0
2002-04-23 00:00:00-04:00,0.28572180758711846,0.28900833541470045,0.2695220640341265,0.2720438241958618,773508000,0.0,0.0
2002-04-24 00:00:00-04:00,0.275176415213102,0.279226810555566,0.24751416356457606,0.2482018917798996,1582956000,0.0,0.0
2002-04-25 00:00:00-04:00,0.24720774514021918,0.2627967722882836,0.24713163458318396,0.25783029198646545,1168296000,0.0,0.0
2002-04-26 00:00:00-04:00,0.2606574811718287,0.26096285267701363,0.23207731544971466,0.23207731544971466,1191120000,0.0,0.0
2002-04-29 00:00:00-04:00,0.25951117919583117,0.27464168655346805,0.2507996757877599,0.2707444429397583,3930852000,0.0,0.0
2002-04-30 00:00:00-04:00,0.2771635060771683,0.2808315169255751,0.2601989900642305,0.26600635051727295,1776504000,0.0,0.0
2002-05-01 00:00:00-04:00,0.26165056008255116,0.27456558061471875,0.2548500740077605,0.2708205580711365,1718904000,0.0,0.0
2002-05-02 00:00:00-04:00,0.27212005063017214,0.27884440109399933,0.2598166433341517,0.25989365577697754,1125084000,0.0,0.0
2002-05-03 00:00:00-04:00,0.2601989561896892,0.2621861116986205,0.24896569150934103,0.25026509165763855,852756000,0.0,0.0
2002-05-06 00:00:00-04:00,0.24376911338809598,0.25523164206674703,0.23872561825989522,0.2407127469778061,1102044000,0.0,0.0
2002-05-07 00:00:00-04:00,0.2460614820009995,0.25118201416078956,0.2346760265143514,0.24674923717975616,1412448000,0.0,0.0
2002-05-08 00:00:00-04:00,0.26356162357613333,0.27937988926529833,0.2552316005839752,0.2751002609729767,1688688000,0.0,0.0
2002-05-09 00:00:00-04:00,0.2742593932795607,0.2799145332270414,0.26287390464185795,0.26333242654800415,1230840000,0.0,0.0
2002-05-10 00:00:00-04:00,0.26875729684507066,0.2697513253742012,0.24071264557958072,0.24361678957939148,1321548000,0.0,0.0
2002-05-13 00:00:00-04:00,0.24613863850583745,0.25920591111544117,0.24407539931945646,0.2583650052547455,800892000,0.0,0.0
2002-05-14 00:00:00-04:00,0.27487095945415113,0.28694510201149936,0.2701328100191601,0.2840409576892853,1526112000,0.0,0.0
2002-05-15 00:00:00-04:00,0.2796852814377255,0.29496891583274415,0.2757880094611525,0.2896191477775574,1504548000,0.0,0.0
2002-05-16 00:00:00-04:00,0.28969614385806236,0.2961151764772258,0.28381177100065724,0.29015466570854187,985560000,0.0,0.0
2002-05-17 00:00:00-04:00,0.2980252018532134,0.30016457832227766,0.29061309851098566,0.2993246018886566,934404000,0.0,0.0
2002-05-20 00:00:00-04:00,0.29680285694383246,0.30452033212893936,0.2954273735994922,0.3025341331958771,953412000,0.0,0.0
2002-05-21 00:00:00-04:00,0.3064313442542717,0.3106339590660278,0.27915058589722486,0.27945592999458313,1382604000,0.0,0.0
2002-05-22 00:00:00-04:00,0.2816724743949758,0.292447249036037,0.2812139797425134,0.2907654643058777,1547988000,0.0,0.0
2002-05-23 00:00:00-04:00,0.29160630979863045,0.29221795476782514,0.26440165006986016,0.27303704619407654,2556780000,0.0,0.0
2002-05-24 00:00:00-04:00,0.26784037635161245,0.2692158873567713,0.2614984103085548,0.26768815517425537,737784000,0.0,0.0
2002-05-28 00:00:00-04:00,0.2700568208948135,0.27020997128110974,0.25171681617697333,0.25706568360328674,1367088000,0.0,0.0
2002-05-29 00:00:00-04:00,0.252939126938023,0.2678403778175184,0.24904185484499528,0.2667711675167084,1311012000,0.0,0.0
2002-05-30 00:00:00-04:00,0.2613451947609178,0.26921582020090773,0.2562255906450035,0.2628738284111023,1066080000,0.0,0.0
2002-05-31 00:00:00-04:00,0.2644015721592932,0.26554782198653365,0.2552315735413696,0.2556900680065155,674112000,0.0,0.0
2002-06-03 00:00:00-04:00,0.24950035578676133,0.25064660575817455,0.23757933422106012,0.24063660204410553,901248000,0.0,0.0
2002-06-04 00:00:00-04:00,0.23910801527578085,0.25408540576859584,0.23872563126027943,0.25278693437576294,1095432000,0.0,0.0
2002-06-05 00:00:00-04:00,0.25332151063239755,0.25339762122140913,0.2403303486014855,0.2491188943386078,1114308000,0.0,0.0
2002-06-06 00:00:00-04:00,0.24651997790453328,0.252557498119082,0.24644386735964632,0.24919486045837402,739356000,0.0,0.0
2002-06-07 00:00:00-04:00,0.22894480603236333,0.24988268620611892,0.22886777995286345,0.24682632088661194,1371300000,0.0,0.0
2002-06-10 00:00:00-04:00,0.2501120176766752,0.2570656566497143,0.24415153316559707,0.24476315081119537,749148000,0.0,0.0
2002-06-11 00:00:00-04:00,0.24881258765985606,0.24988272699403527,0.23314744546964705,0.2337590903043747,859308000,0.0,0.0
2002-06-12 00:00:00-04:00,0.22818010015749404,0.2323066060019845,0.20380346273967237,0.21358510851860046,2267544000,0.0,0.0
2002-06-13 00:00:00-04:00,0.21518985760290496,0.21916321291542937,0.20464434615738453,0.21136870980262756,1265892000,0.0,0.0
2002-06-14 00:00:00-04:00,0.20357417459585156,0.216946789189799,0.19669666168050115,0.21534204483032227,1116444000,0.0,0.0
2002-06-17 00:00:00-04:00,0.22015630450896306,0.22298433866367645,0.21350805210951151,0.21725308895111084,1054140000,0.0,0.0
2002-06-18 00:00:00-04:00,0.21457819933521494,0.22237271562721436,0.21205645210214316,0.2161068469285965,1008300000,0.0,0.0
2002-06-19 00:00:00-04:00,0.2055613045748264,0.2055613045748264,0.1806491392595536,0.182253897190094,2593620000,0.0,0.0
2002-06-20 00:00:00-04:00,0.18263631386722962,0.18760279602995666,0.1782035349810811,0.18057306110858917,1425048000,0.0,0.0
2002-06-21 00:00:00-04:00,0.17965601687915425,0.18660963960927884,0.16949199026845382,0.17315998673439026,1484364000,0.0,0.0
2002-06-24 00:00:00-04:00,0.16872815239195188,0.1817954099053624,0.16353150778330344,0.17636951804161072,1379592000,0.0,0.0
2002-06-25 00:00:00-04:00,0.17957900683930952,0.17957900683930952,0.16070437682840932,0.16177451610565186,1172232000,0.0,0.0
2002-06-26 00:00:00-04:00,0.14343451912351401,0.1587942905364607,0.13946023494341953,0.15336839854717255,2067828000,0.0,0.0
2002-06-27 00:00:00-04:00,0.15902353419122853,0.1602458947122996,0.12838011630688262,0.13051947951316833,3182808000,0.0,0.0
2002-06-28 00:00:00-04:00,0.1283801072830463,0.13670922778079414,0.12555298884547345,0.13128425180912018,1991184000,0.0,0.0
2002-07-01 00:00:00-04:00,0.13067263037409566,0.13449377820435618,0.12822699355317685,0.13097798824310303,1164372000,0.0,0.0
2002-07-02 00:00:00-04:00,0.12945022732225203,0.1299087217322789,0.11936322732229379,0.12272495031356812,1368180000,0.0,0.0
2002-07-03 00:00:00-04:00,0.12196105449094259,0.13357669883552137,0.12188494394566939,0.13334745168685913,1073304000,0.0,0.0
2002-07-05 00:00:00-04:00,0.14289901570393967,0.1451915159126534,0.13877250986250333,0.14511540532112122,739524000,0.0,0.0
2002-07-08 00:00:00-04:00,0.14343455576934466,0.1546678247074185,0.1432814190521856,0.14947117865085602,1587180000,0.0,0.0
2002-07-09 00:00:00-04:00,0.1498535672093553,0.15176368374939758,0.1389256695266697,0.14213517308235168,1075080000,0.0,0.0
2002-07-10 00:00:00-04:00,0.145573886891331,0.14672013689328023,0.1372447653610619,0.1382378786802292,926988000,0.0,0.0
2002-07-11 00:00:00-04:00,0.13747405909298452,0.1528338209824271,0.13625076903674221,0.15229828655719757,1143948000,0.0,0.0
2002-07-12 00:00:00-04:00,0.16047516359923014,0.1610868085310368,0.14901264898548966,0.15214604139328003,1344900000,0.0,0.0
2002-07-15 00:00:00-04:00,0.15252751807093873,0.16735267184840819,0.1456500040828945,0.1672765612602234,1495272000,0.0,0.0
2002-07-16 00:00:00-04:00,0.163150061243307,0.1784327945918432,0.1600927794300116,0.1627676635980606,1773432000,0.0,0.0
2002-07-17 00:00:00-04:00,0.15925277264404075,0.16238524894304646,0.14259361588517291,0.14893651008605957,1922364000,0.0,0.0
2002-07-18 00:00:00-04:00,0.14649090271347365,0.15512629838080524,0.1447330076722832,0.14511540532112122,1243188000,0.0,0.0
2002-07-19 00:00:00-04:00,0.14068349546118314,0.14626160745709,0.13755010405527657,0.13854320347309113,845772000,0.0,0.0
2002-07-22 00:00:00-04:00,0.13793253555928198,0.14182979418076627,0.12647002065120652,0.13212424516677856,1290744000,0.0,0.0
2002-07-23 00:00:00-04:00,0.13288901616753235,0.13372899282633635,0.1177585048064731,0.12226647883653641,1409652000,0.0,0.0
2002-07-24 00:00:00-04:00,0.12058562842667164,0.13204812920425135,0.12050951783690562,0.13006100058555603,1175100000,0.0,0.0
2002-07-25 00:00:00-04:00,0.1250174848695078,0.12539986882314685,0.11088099578898947,0.11508360505104065,1796448000,0.0,0.0
2002-07-26 00:00:00-04:00,0.11844624913861505,0.12119724349192586,0.10927623607736613,0.11240871250629425,1221900000,0.0,0.0
2002-07-29 00:00:00-04:00,0.11707074020439755,0.11768146954200864,0.11179799183175283,0.11554210633039474,1227720000,0.0,0.0
2002-07-30 00:00:00-04:00,0.11500752229036705,0.12975565299436942,0.11462513824421469,0.12394829094409943,1818012000,0.0,0.0
2002-07-31 00:00:00-04:00,0.09032457459239587,0.09215857985252736,0.08360021202881983,0.08459331840276718,4837140000,0.0,0.0
2002-08-01 00:00:00-04:00,0.08528107943898586,0.08528107943898586,0.0764164308653407,0.07649345695972443,1725708000,0.0,0.0
2002-08-02 00:00:00-04:00,0.07893817055506923,0.07947369789787771,0.06953891175690373,0.07144994288682938,1795260000,0.0,0.0
2002-08-05 00:00:00-04:00,0.07037979650135782,0.07053293313342773,0.06487778874895678,0.06571868062019348,1330716000,0.0,0.0
2002-08-06 00:00:00-04:00,0.06877508226521156,0.07175533150298354,0.06770494263285652,0.06915746629238129,1168800000,0.0,0.0
2002-08-07 00:00:00-04:00,0.07221381803718646,0.07290156666803722,0.06495392045178479,0.06755270063877106,892980000,0.0,0.0
2002-08-08 00:00:00-04:00,0.06824045228822521,0.07320692725961496,0.0664825575122466,0.07198456674814224,755424000,0.0,0.0
2002-08-09 00:00:00-04:00,0.07007444679186965,0.07259620059564009,0.06885117083731578,0.07030370086431503,581304000,0.0,0.0
2002-08-12 00:00:00-04:00,0.06953891939027568,0.07297766898726325,0.06770492097165326,0.07030370086431503,592800000,0.0,0.0
2002-08-13 00:00:00-04:00,0.07076221280423038,0.07420097008186234,0.06877507723074096,0.06885118782520294,654420000,0.0,0.0
2002-08-14 00:00:00-04:00,0.07015055655468493,0.07412392482620492,0.06953891858449533,0.0735132023692131,632688000,0.0,0.0
2002-08-15 00:00:00-04:00,0.07626419184975047,0.08016144212499328,0.07549941050021262,0.07863280177116394,1140120000,0.0,0.0
2002-08-16 00:00:00-04:00,0.07443019781100955,0.0844401799431885,0.07213769811674549,0.08168917894363403,1657428000,0.0,0.0
2002-08-19 00:00:00-04:00,0.08520495645908144,0.10278019202791504,0.08505181297368408,0.09666746109724045,2243928000,0.0,0.0
2002-08-20 00:00:00-04:00,0.09743131706854624,0.0993414257263688,0.09116545012344868,0.09238781034946442,1429488000,0.0,0.0
2002-08-21 00:00:00-04:00,0.09659045147083434,0.09850148299431033,0.09208247766356686,0.09727820008993149,1194876000,0.0,0.0
2002-08-22 00:00:00-04:00,0.09437501161812371,0.09819523818269969,0.09338098245009345,0.09399262070655823,1358496000,0.0,0.0
2002-08-23 00:00:00-04:00,0.0913176868956345,0.09192932486997245,0.08726821485403663,0.08780281990766525,919932000,0.0,0.0
2002-08-26 00:00:00-04:00,0.08948368875124862,0.09009532672740078,0.08436407057743958,0.0884905755519867,698568000,0.0,0.0
2002-08-27 00:00:00-04:00,0.09001921720467367,0.09047771852189551,0.08291245703601725,0.08344706892967224,686712000,0.0,0.0
2002-08-28 00:00:00-04:00,0.0829885659870841,0.08314170948235661,0.07794506526079921,0.07825042307376862,700356000,0.0,0.0
2002-08-29 00:00:00-04:00,0.07725733651332098,0.08283545055229735,0.07664569155305989,0.0792444720864296,815520000,0.0,0.0
2002-08-30 00:00:00-04:00,0.07847967614127077,0.081766204512927,0.07565256458518611,0.07718120515346527,1065888000,0.0,0.0
2002-09-03 00:00:00-04:00,0.07351322249927224,0.07389469099093232,0.07122071533456827,0.07244308292865753,847284000,0.0,0.0
2002-09-04 00:00:00-04:00,0.0726723153405585,0.07458242444444749,0.0688511747873311,0.07198456674814224,930552000,0.0,0.0
2002-09-05 00:00:00-04:00,0.07129681169212139,0.07160217635934725,0.06877506456282889,0.06923355907201767,714312000,0.0,0.0
2002-09-06 00:00:00-04:00,0.07213773659556749,0.0727484593755272,0.06969209210249122,0.07076223194599152,746460000,0.0,0.0
2002-09-09 00:00:00-04:00,0.07022668407402018,0.07290157515677655,0.06808732051586629,0.07068518549203873,578040000,0.0,0.0
2002-09-10 00:00:00-04:00,0.07030369977292153,0.08444017999741678,0.07022666685303793,0.08077217638492584,2317632000,0.0,0.0
2002-09-11 00:00:00-04:00,0.08329392767505782,0.09093620799739732,0.08329392767505782,0.08474645763635635,1657536000,0.0,0.0
2002-09-12 00:00:00-04:00,0.08268324055537535,0.0871912156507359,0.081154599368903,0.08207160234451294,1294932000,0.0,0.0
2002-09-13 00:00:00-04:00,0.0812306776905107,0.08512792853970007,0.08023756450483956,0.08077217638492584,796872000,0.0,0.0
2002-09-16 00:00:00-04:00,0.07954982844362862,0.07985518630273798,0.073742460886444,0.075652576982975,925464000,0.0,0.0
2002-09-17 00:00:00-04:00,0.07901520060909403,0.08092530948978172,0.07404781070489608,0.07450630515813828,884052000,0.0,0.0
2002-09-18 00:00:00-04:00,0.07336007896234921,0.07481169385681391,0.07022668635959588,0.07244308292865753,811692000,0.0,0.0
2002-09-19 00:00:00-04:00,0.07083830763502295,0.07336006149982778,0.0696159471640925,0.06999742239713669,618492000,0.0,0.0
2002-09-20 00:00:00-04:00,0.07053293773659602,0.0719845520370071,0.06885116071655202,0.07037980109453201,687312000,0.0,0.0
2002-09-23 00:00:00-04:00,0.06923354762106236,0.06992130293547062,0.06686493755768008,0.06732343882322311,521676000,0.0,0.0
2002-09-24 00:00:00-04:00,0.0665586619175308,0.07106755747706474,0.06533630151945864,0.06785805523395538,624444000,0.0,0.0
2002-09-25 00:00:00-04:00,0.07183142786833846,0.07297767787357705,0.06900431590437729,0.07160218060016632,896616000,0.0,0.0
2002-09-26 00:00:00-04:00,0.07297767753933047,0.07374245910299264,0.06671181558835193,0.0677819550037384,739560000,0.0,0.0
2002-09-27 00:00:00-04:00,0.0676287831903821,0.06938667733593812,0.06533628414968015,0.06541239470243454,650688000,0.0,0.0
2002-09-30 00:00:00-04:00,0.06518314753123877,0.06824042781558715,0.06380764400750596,0.06541239470243454,584124000,0.0,0.0
2002-10-01 00:00:00-04:00,0.06594796329077136,0.069538942040992,0.063578436698736,0.06892821937799454,888360000,0.0,0.0
2002-10-02 00:00:00-04:00,0.06946282595339143,0.07297768699329556,0.06885118782520294,0.06885118782520294,749100000,0.0,0.0
2002-10-03 00:00:00-04:00,0.06801120272302173,0.06915745273063102,0.06533631192342983,0.06548944860696793,590568000,0.0,0.0
2002-10-04 00:00:00-04:00,0.06533630359357925,0.06739955607710353,0.061133688051126005,0.06220291182398796,529788000,0.0,0.0
2002-10-07 00:00:00-04:00,0.061362945660176374,0.06258530616751923,0.058688055047409635,0.05914654955267906,493068000,0.0,0.0
2002-10-08 00:00:00-04:00,0.061133701298684874,0.061285922482480285,0.05502005651479536,0.05738867074251175,714252000,0.0,0.0
2002-10-09 00:00:00-04:00,0.05654868859034898,0.060216695883082975,0.055325409150597575,0.05631943792104721,573132000,0.0,0.0
2002-10-10 00:00:00-04:00,0.05578392574654893,0.06105668233434768,0.05578392574654893,0.05922268331050873,538032000,0.0,0.0
2002-10-11 00:00:00-04:00,0.06151515717124756,0.06839266249001823,0.06113368198667328,0.06732343882322311,994140000,0.0,0.0
2002-10-14 00:00:00-04:00,0.06533632427453995,0.06732346681165141,0.06396082673826178,0.06533632427453995,611484000,0.0,0.0
2002-10-15 00:00:00-04:00,0.0725961848432034,0.07519404865895382,0.07114365513138438,0.07213768362998962,852768000,0.0,0.0
2002-10-16 00:00:00-04:00,0.06724641440564133,0.06785805233513693,0.0649539080212194,0.06610015779733658,578124000,0.0,0.0
2002-10-17 00:00:00-04:00,0.0718314129131684,0.07450630315032077,0.0700744407352935,0.07114366441965103,585792000,0.0,0.0
2002-10-18 00:00:00-04:00,0.07076221829220596,0.07259622413776357,0.06808732695642461,0.07183144241571426,498372000,0.0,0.0
2002-10-21 00:00:00-04:00,0.07083830399454821,0.08092531210319447,0.06923355285981331,0.07832745462656021,930624000,0.0,0.0
2002-10-22 00:00:00-04:00,0.07473556487691074,0.08558643256478353,0.07465945429999093,0.08092531561851501,1272168000,0.0,0.0
2002-10-23 00:00:00-04:00,0.08214770161225074,0.08535720475175883,0.08100145146702498,0.08421095460653305,925428000,0.0,0.0
2002-10-24 00:00:00-04:00,0.0858927326077048,0.08680973546021763,0.07870894464104723,0.07993222773075104,1055172000,0.0,0.0
2002-10-25 00:00:00-04:00,0.08023759462523013,0.08520499344468607,0.07916745495014364,0.08482260257005692,745956000,0.0,0.0
2002-10-28 00:00:00-05:00,0.0887198159208556,0.08940756441928759,0.08474645475050895,0.08528106659650803,1070544000,0.0,0.0
2002-10-29 00:00:00-05:00,0.08543420689864485,0.08604492934038223,0.07725731464123421,0.08153695613145828,772728000,0.0,0.0
2002-10-30 00:00:00-05:00,0.08413481935299769,0.08864370801813322,0.0838294547198929,0.0858927071094513,1139496000,0.0,0.0
2002-10-31 00:00:00-05:00,0.08650345660364035,0.09154695870857667,0.08627420930294821,0.09093623608350754,1255476000,0.0,0.0
2002-11-01 00:00:00-05:00,0.08956071681411855,0.1090469854206327,0.08940757331426212,0.10774759203195572,2128836000,0.0,0.0
2002-11-04 00:00:00-05:00,0.11424270928912268,0.12616372335533732,0.11393735146210367,0.11951547116041183,2688132000,0.0,0.0
2002-11-05 00:00:00-05:00,0.11921011394548092,0.12119725617093981,0.10965772279260415,0.11477825045585632,2034540000,0.0,0.0
2002-11-06 00:00:00-05:00,0.1186754995322868,0.12379511811431813,0.11401346678539469,0.1236419677734375,1646016000,0.0,0.0
2002-11-07 00:00:00-05:00,0.1204324898179614,0.1204324898179614,0.11049862212464445,0.11118637770414352,1660560000,0.0,0.0
2002-11-08 00:00:00-05:00,0.09399260542333429,0.09957072655844115,0.0841348482160966,0.08680973947048187,3798900000,0.0,0.0
2002-11-11 00:00:00-05:00,0.08268322343952508,0.08390558409465695,0.07809821634278599,0.08008444309234619,1378452000,0.0,0.0
2002-11-12 00:00:00-05:00,0.0819954506376444,0.09017142670485663,0.08130769533459484,0.08719117194414139,1381188000,0.0,0.0
2002-11-13 00:00:00-05:00,0.08512791923550776,0.09246392565868905,0.08344705769126577,0.08994217216968536,1802112000,0.0,0.0
2002-11-14 00:00:00-05:00,0.0959027111530304,0.09773670990676911,0.09299948159495784,0.0959027111530304,1138728000,0.0,0.0
2002-11-15 00:00:00-05:00,0.10087007261182071,0.10629596352081452,0.09972382287362527,0.10293332487344742,2054328000,0.0,0.0
2002-11-18 00:00:00-05:00,0.1111863671558111,0.11156875113242251,0.10644822330696992,0.10675449669361115,1982472000,0.0,0.0
2002-11-19 00:00:00-05:00,0.10614288176046563,0.11370813941035082,0.10499663142953647,0.10828224569559097,1971948000,0.0,0.0
2002-11-20 00:00:00-05:00,0.11156872337571519,0.114625088881222,0.1101161934374205,0.11370808631181717,1292796000,0.0,0.0
2002-11-21 00:00:00-05:00,0.1182930907533375,0.12899175060015045,0.11806384351688864,0.12333659827709198,2053920000,0.0,0.0
2002-11-22 00:00:00-05:00,0.11584749109386572,0.12257278481942682,0.11462513028563251,0.1201271340250969,1251900000,0.0,0.0
2002-11-25 00:00:00-05:00,0.12570525331000768,0.12753925918346345,0.12081489437113979,0.1244828924536705,1230084000,0.0,0.0
2002-11-26 00:00:00-05:00,0.125094475315902,0.12753919581388382,0.12073872377894442,0.12112019211053848,1084332000,0.0,0.0
2002-11-27 00:00:00-05:00,0.1262407531005969,0.13265975823272216,0.124635994985377,0.13051947951316833,1088556000,0.0,0.0
2002-11-29 00:00:00-05:00,0.13395823922897712,0.1358692708344758,0.12990875977250896,0.13090187311172485,519396000,0.0,0.0
2002-12-02 00:00:00-05:00,0.13785546127050638,0.13961335572797864,0.12929709454995694,0.1299087256193161,1167504000,0.0,0.0
2002-12-03 00:00:00-05:00,0.1274631162495608,0.1277684740917128,0.12112022156731188,0.12134946882724762,1046220000,0.0,0.0
2002-12-04 00:00:00-05:00,0.11279109196509197,0.11462509029432352,0.10644819813647313,0.10683058202266693,2206548000,0.0,0.0
2002-12-05 00:00:00-05:00,0.11370810821302271,0.11447197427433263,0.10522584989273795,0.10782371461391449,1594872000,0.0,0.0
2002-12-06 00:00:00-05:00,0.10316259244710808,0.11004009906572787,0.10148173054826366,0.10797684639692307,1159224000,0.0,0.0
2002-12-09 00:00:00-05:00,0.1044619627728249,0.10614282429919247,0.09850146017944483,0.09934142976999283,969792000,0.0,0.0
2002-12-10 00:00:00-05:00,0.10186321592549932,0.1096577260229379,0.1005647446676064,0.10767149925231934,1389888000,0.0,0.0
2002-12-11 00:00:00-05:00,0.10690669289790179,0.11004008453511306,0.10331572231438924,0.10705983638763428,1364208000,0.0,0.0
2002-12-12 00:00:00-05:00,0.11103320254982815,0.11233259590947155,0.10507269916182956,0.10530194640159607,1302552000,0.0,0.0
2002-12-13 00:00:00-05:00,0.10339183135914692,0.10339183135914692,0.10041157642350833,0.10117544233798981,707724000,0.0,0.0
2002-12-16 00:00:00-05:00,0.10469122381232103,0.10774758949424094,0.1020163333529348,0.10713595151901245,1056972000,0.0,0.0
2002-12-17 00:00:00-05:00,0.10904697356468478,0.11271497007723852,0.10614282928096956,0.1069837212562561,1077744000,0.0,0.0
2002-12-18 00:00:00-05:00,0.10362111289997963,0.1037742564381637,0.09857761076048101,0.09880685806274414,1126836000,0.0,0.0
2002-12-19 00:00:00-05:00,0.09704893629274174,0.10216946960916938,0.09567343245671259,0.09666746109724045,1100604000,0.0,0.0
2002-12-20 00:00:00-05:00,0.09972384374970328,0.1007939831447013,0.09315169489452037,0.09796595573425293,804576000,0.0,0.0
2002-12-23 00:00:00-05:00,0.09773671597921692,0.10102324522956187,0.0974313580885083,0.09865371882915497,498648000,0.0,0.0
2002-12-24 00:00:00-05:00,0.09918921471386673,0.10117544096864152,0.09613193373538897,0.09666746109724045,300336000,0.0,0.0
2002-12-26 00:00:00-05:00,0.09827220980240714,0.09972382417369756,0.09406867914402767,0.09490957111120224,719760000,0.0,0.0
2002-12-27 00:00:00-05:00,0.09750744862440013,0.09773669587363089,0.09047772117170381,0.09131769090890884,702528000,0.0,0.0
2002-12-30 00:00:00-05:00,0.09170008267820762,0.09269319592918712,0.08604493680929085,0.08810818940401077,784740000,0.0,0.0
2002-12-31 00:00:00-05:00,0.08719118509374947,0.09017144030392744,0.08551032328685186,0.08795596659183502,825396000,0.0,0.0
2003-01-02 00:00:00-05:00,0.09170009528400613,0.09513884552646402,0.08856670291480562,0.09406870603561401,1302540000,0.0,0.0
2003-01-03 00:00:00-05:00,0.09437498625444105,0.09743135252029203,0.09246395455602911,0.09406870603561401,1037496000,0.0,0.0
2003-01-06 00:00:00-05:00,0.09636119427071282,0.10323869341677903,0.09628507686337198,0.1017109751701355,1033428000,0.0,0.0
2003-01-07 00:00:00-05:00,0.10369720407558398,0.10606673692511832,0.10025845419251463,0.10140470415353775,1498272000,0.0,0.0
2003-01-08 00:00:00-05:00,0.09880683520549931,0.10171097985996738,0.09062994232902817,0.09131769090890884,1852524000,0.0,0.0
2003-01-09 00:00:00-05:00,0.09414570256003368,0.09513881563551545,0.0920054242507716,0.09292242676019669,1436076000,0.0,0.0
2003-01-10 00:00:00-05:00,0.09170008794041674,0.09590270395053026,0.09047772736751808,0.09452719986438751,924492000,0.0,0.0
2003-01-13 00:00:00-05:00,0.09811908903930991,0.09895998114263319,0.09330483519733962,0.0937633365392685,849120000,0.0,0.0
2003-01-14 00:00:00-05:00,0.09406868655283025,0.0953680798900374,0.09162396571758488,0.09445107728242874,868524000,0.0,0.0
2003-01-15 00:00:00-05:00,0.09452720843178469,0.09529199005744693,0.09154695272445679,0.09154695272445679,904584000,0.0,0.0
2003-01-16 00:00:00-05:00,0.09017144300937548,0.09131769294546965,0.08413482866201302,0.0853571891784668,2039976000,0.0,0.0
2003-01-17 00:00:00-05:00,0.08306469106859087,0.084210947955474,0.08107847117104938,0.08214769512414932,1058832000,0.0,0.0
2003-01-21 00:00:00-05:00,0.08367633681430518,0.08543422496469281,0.07985518897980512,0.08008444309234619,967356000,0.0,0.0
2003-01-22 00:00:00-05:00,0.07985517956518186,0.08222471235265005,0.07962593231185748,0.08016145974397659,550992000,0.0,0.0
2003-01-23 00:00:00-05:00,0.08230079423215364,0.08367629776899008,0.08016143178951259,0.08237690478563309,918456000,0.0,0.0
2003-01-24 00:00:00-05:00,0.08168917471046154,0.08207156542148375,0.07634030965063203,0.07771580666303635,897108000,0.0,0.0
2003-01-27 00:00:00-05:00,0.07603498232850714,0.08000835232539728,0.07465948464123878,0.07656959444284439,889116000,0.0,0.0
2003-01-28 00:00:00-05:00,0.07557645053876964,0.08077217941171864,0.07305470351183695,0.07932056486606598,1785480000,0.0,0.0
2003-01-29 00:00:00-05:00,0.07718120814474212,0.08153696043791984,0.07718120814474212,0.08092531561851501,1022040000,0.0,0.0
2003-01-30 00:00:00-05:00,0.08253008561449826,0.08321783427829564,0.07679882853034879,0.07763971388339996,743064000,0.0,0.0
2003-01-31 00:00:00-05:00,0.07534722528131774,0.0810014571270518,0.07465947651256336,0.07886209338903427,949656000,0.0,0.0
2003-02-03 00:00:00-05:00,0.08031367373976459,0.08191842486645148,0.07870892261307769,0.08039070665836334,755556000,0.0,0.0
2003-02-04 00:00:00-05:00,0.07985517797895937,0.08023756873017968,0.07565256909725925,0.07679881900548935,627720000,0.0,0.0
2003-02-05 00:00:00-05:00,0.07847967288619614,0.08061995132921534,0.07718120195224688,0.0774865597486496,581508000,0.0,0.0
2003-02-06 00:00:00-05:00,0.08283544336590441,0.08298858005494793,0.07679882842489247,0.07809821516275406,1226184000,0.0,0.0
2003-02-07 00:00:00-05:00,0.0796259358598483,0.08000832663570295,0.0744302065732718,0.07458242774009705,915156000,0.0,0.0
2003-02-10 00:00:00-05:00,0.07450633170411294,0.07603497276050994,0.07129682839477239,0.07549944519996643,982632000,0.0,0.0
2003-02-11 00:00:00-05:00,0.07611108451568654,0.07832748119505342,0.07374247346964956,0.07412394881248474,850716000,0.0,0.0
2003-02-12 00:00:00-05:00,0.0741239212760518,0.0772573128707178,0.07351319884831044,0.07450630515813828,641400000,0.0,0.0
2003-02-13 00:00:00-05:00,0.07580572089612256,0.07618718937804202,0.07374246791666814,0.07542333006858826,889164000,0.0,0.0
2003-02-14 00:00:00-05:00,0.08573956378063699,0.09208245711278377,0.08367631155162937,0.0920054242014885,3548844000,0.0,0.0
2003-02-18 00:00:00-05:00,0.09552122759124139,0.09911220551710892,0.09437497761534988,0.09727820008993149,1740516000,0.0,0.0
2003-02-19 00:00:00-05:00,0.09666750675331856,0.09880687067172501,0.09559736703732892,0.09819523245096207,1141212000,0.0,0.0
2003-02-20 00:00:00-05:00,0.09857762334020707,0.10117548875384022,0.0978137570752899,0.09819523245096207,978132000,0.0,0.0
2003-02-21 00:00:00-05:00,0.0981190826359283,0.09850147337236738,0.09475643678754125,0.09827221930027008,913260000,0.0,0.0
2003-02-24 00:00:00-05:00,0.09743136005085365,0.10308650030207196,0.09689674802079809,0.09949460625648499,1137012000,0.0,0.0
2003-02-25 00:00:00-05:00,0.09628504995415758,0.09934141477084686,0.09475640978933986,0.09888291358947754,1239204000,0.0,0.0
2003-02-26 00:00:00-05:00,0.09758448921361083,0.09918924069319573,0.09383945875232591,0.09406870603561401,746892000,0.0,0.0
2003-02-27 00:00:00-05:00,0.09498571087279026,0.09651435179523066,0.09345798546374977,0.09605585038661957,675312000,0.0,0.0
2003-02-28 00:00:00-05:00,0.09307560452209403,0.09666749874829066,0.0903246026107349,0.09643825143575668,1653336000,0.0,0.0
2003-03-03 00:00:00-05:00,0.0975844949549862,0.09934146771788101,0.09361021014439706,0.09483349323272705,702036000,0.0,0.0
2003-03-04 00:00:00-05:00,0.09513884552646402,0.09605584832399522,0.0931517032380828,0.09406870603561401,538392000,0.0,0.0
2003-03-05 00:00:00-05:00,0.09315169084434775,0.09613194612370961,0.09292244359156077,0.09559733420610428,522156000,0.0,0.0
2003-03-06 00:00:00-05:00,0.09483351314011353,0.09575051618409317,0.09361022979499274,0.09399262070655823,548064000,0.0,0.0
2003-03-07 00:00:00-05:00,0.09254099475993742,0.09575050504033274,0.0917001092564384,0.0954442247748375,581148000,0.0,0.0
2003-03-10 00:00:00-05:00,0.09445110338690912,0.09490960481743449,0.09261710449699753,0.09277024120092392,344796000,0.0,0.0
2003-03-11 00:00:00-05:00,0.09345796704292297,0.09498569215084457,0.09238782774002112,0.09345796704292297,417144000,0.0,0.0
2003-03-12 00:00:00-05:00,0.09422185158436479,0.09628509767483033,0.09338095935874625,0.09605585038661957,493920000,0.0,0.0
2003-03-13 00:00:00-05:00,0.0988829610445688,0.10621896980274206,0.0984244596431593,0.1056082472205162,1362732000,0.0,0.0
2003-03-14 00:00:00-05:00,0.105989725726359,0.10698375466306019,0.10178710922824474,0.10255096852779388,1094220000,0.0,0.0
2003-03-17 00:00:00-05:00,0.10087007590163624,0.11057469278483197,0.10064082867939535,0.10851144045591354,1307808000,0.0,0.0
2003-03-18 00:00:00-05:00,0.1081300006500733,0.10935236131816486,0.10545510968554027,0.10767149925231934,932280000,0.0,0.0
2003-03-19 00:00:00-05:00,0.10790072865713236,0.10896995245508431,0.1043849529016077,0.10820609331130981,712992000,0.0,0.0
2003-03-20 00:00:00-05:00,0.10820611250563102,0.11149172608595465,0.10537900032842473,0.10919922590255737,780060000,0.0,0.0
2003-03-21 00:00:00-05:00,0.11294423636458255,0.11332570476376241,0.10331572910365573,0.10820609331130981,1681800000,0.0,0.0
2003-03-24 00:00:00-05:00,0.1037742508061447,0.10698375385678276,0.10316260586443951,0.10415571928024292,839016000,0.0,0.0
2003-03-25 00:00:00-05:00,0.10446197657283154,0.10874070269200313,0.10407958583709252,0.10713595151901245,672828000,0.0,0.0
2003-03-26 00:00:00-05:00,0.1095054984309868,0.11195022660873234,0.10866461305424568,0.11011622101068497,1107840000,0.0,0.0
2003-03-27 00:00:00-05:00,0.10866458286151433,0.1109570823899073,0.1066774411220313,0.1069837212562561,1392732000,0.0,0.0
2003-03-28 00:00:00-05:00,0.10698372927369607,0.10736519766013916,0.10094619303384389,0.10262797027826309,1290684000,0.0,0.0
2003-03-31 00:00:00-05:00,0.09949458141886054,0.1007169487111672,0.09796594762488978,0.09842444211244583,680508000,0.0,0.0
2003-04-01 00:00:00-05:00,0.10048770432898484,0.10239873588238842,0.09827223043880508,0.10132859647274017,533808000,0.0,0.0
2003-04-02 00:00:00-05:00,0.10476734969664414,0.1068306024822901,0.10339185239433958,0.10507271438837051,771900000,0.0,0.0
2003-04-03 00:00:00-05:00,0.10698376816718526,0.10698376816718526,0.10423275932820866,0.10644824057817459,702780000,0.0,0.0
2003-04-04 00:00:00-05:00,0.10675449315946874,0.10690671433436977,0.10186321277923438,0.10232171416282654,513840000,0.0,0.0
2003-04-07 00:00:00-04:00,0.10919921585138202,0.11004010115733681,0.10239873519902745,0.1033918485045433,671256000,0.0,0.0
2003-04-08 00:00:00-04:00,0.10430883917045249,0.10484344422107547,0.1017109748180878,0.10239872336387634,475032000,0.0,0.0
2003-04-09 00:00:00-04:00,0.10278023820455393,0.1055312402803823,0.1017110140267557,0.10186323523521423,694260000,0.0,0.0
2003-04-10 00:00:00-04:00,0.10323869305944353,0.10339183655460908,0.10140469465994476,0.10239872336387634,364104000,0.0,0.0
2003-04-11 00:00:00-04:00,0.10354500408390882,0.10438498086205752,0.10025847469285641,0.10125250369310379,374184000,0.0,0.0
2003-04-14 00:00:00-04:00,0.09972384893101031,0.10331574256387428,0.09941848423704923,0.10300946235656738,445776000,0.0,0.0
2003-04-15 00:00:00-04:00,0.10232169438602129,0.10377422435685227,0.09979994067976525,0.10247483104467392,490212000,0.0,0.0
2003-04-16 00:00:00-04:00,0.10484344126008949,0.10507269532366978,0.10163393902746828,0.10247483104467392,671988000,0.0,0.0
2003-04-17 00:00:00-04:00,0.10323869745608745,0.10453809086030072,0.10109934115272338,0.1043088436126709,520740000,0.0,0.0
2003-04-21 00:00:00-04:00,0.10446196767571134,0.10728907904516605,0.10346793904940614,0.1069837212562561,597144000,0.0,0.0
2003-04-22 00:00:00-04:00,0.10644820063509304,0.10843533566807816,0.10469122151756981,0.10835922509431839,787392000,0.0,0.0
2003-04-23 00:00:00-04:00,0.1082061117806693,0.11149172533897991,0.1073652195707601,0.11080397665500641,606204000,0.0,0.0
2003-04-24 00:00:00-04:00,0.11088100726793956,0.11088100726793956,0.10606675261995756,0.10751836746931076,660912000,0.0,0.0
2003-04-25 00:00:00-04:00,0.10690670399013012,0.1087407093470413,0.10255095151574883,0.10354498028755188,884652000,0.0,0.0
2003-04-28 00:00:00-04:00,0.10476734173616645,0.10858848915758099,0.103544981213178,0.10667745769023895,674988000,0.0,0.0
2003-04-29 00:00:00-04:00,0.10912310544064116,0.1114917160004667,0.10828221330116483,0.10996399074792862,670344000,0.0,0.0
2003-04-30 00:00:00-04:00,0.10935234534737844,0.1123326005814216,0.10889384401658808,0.10950548201799393,466620000,0.0,0.0
2003-05-01 00:00:00-04:00,0.10874070757495559,0.11126246148351861,0.1081299850855082,0.11019323766231537,733368000,0.0,0.0
2003-05-02 00:00:00-04:00,0.11164486638903981,0.12226648909814823,0.11103322827138232,0.12150262296199799,1691088000,0.0,0.0
2003-05-05 00:00:00-04:00,0.12264890024459559,0.13021415739212464,0.12043249667210792,0.1244828924536705,1576164000,0.0,0.0
2003-05-06 00:00:00-04:00,0.12387125619764944,0.12784552755599224,0.12264889538969784,0.12463602423667908,1143864000,0.0,0.0
2003-05-07 00:00:00-04:00,0.12280198673728515,0.12570520189876852,0.12050948716524827,0.12264885008335114,897372000,0.0,0.0
2003-05-08 00:00:00-04:00,0.12112019254972581,0.1276162223533963,0.11959247452730722,0.12272495031356812,1957452000,0.0,0.0
2003-05-09 00:00:00-04:00,0.1438930345797045,0.16452554868210043,0.13984263961256843,0.16330227255821228,9230856000,0.0,0.0
2003-05-12 00:00:00-04:00,0.16368465878994226,0.16735266985027195,0.15741878978664364,0.15871727466583252,3007860000,0.0,0.0
2003-05-13 00:00:00-04:00,0.1532922778068688,0.15818264929154444,0.1523752887442644,0.1557370126247406,1824108000,0.0,0.0
2003-05-14 00:00:00-04:00,0.15627250915170662,0.15818262489518936,0.1535976256317964,0.15558476746082306,965580000,0.0,0.0
2003-05-15 00:00:00-04:00,0.157877263194454,0.16123898647345222,0.1570363712020376,0.16093362867832184,1105656000,0.0,0.0
2003-05-16 00:00:00-04:00,0.1589465617042664,0.1652894583949753,0.15871731437174016,0.16246233880519867,1028916000,0.0,0.0
2003-05-19 00:00:00-04:00,0.16032200287691117,0.16185063672407046,0.1513812507434647,0.15329226851463318,1220484000,0.0,0.0
2003-05-20 00:00:00-04:00,0.15352155319298444,0.15550776633782679,0.1528337976668921,0.1543615162372589,884124000,0.0,0.0
2003-05-21 00:00:00-04:00,0.15443855014160535,0.1598635270465202,0.1535976579514882,0.15978741645812988,905472000,0.0,0.0
2003-05-22 00:00:00-04:00,0.16001666754409333,0.1617745488901664,0.1562725457525855,0.16032202541828156,888816000,0.0,0.0
2003-05-23 00:00:00-04:00,0.1604751603413541,0.1635315265827977,0.15879430511741222,0.15948204696178436,867612000,0.0,0.0
2003-05-27 00:00:00-04:00,0.1578002460081957,0.17423014150337904,0.1547438803519982,0.17361851036548615,1677408000,0.0,0.0
2003-05-28 00:00:00-04:00,0.17308387616641194,0.17499399179954592,0.1688812610340208,0.17315998673439026,1235556000,0.0,0.0
2003-05-29 00:00:00-04:00,0.17308391172364349,0.19088932003782272,0.17270152777896589,0.18500491976737976,2297736000,0.0,0.0
2003-05-30 00:00:00-04:00,0.20250407647149485,0.20349810539614235,0.1975375939018658,0.19998231530189514,2142312000,0.0,0.0
2003-06-02 00:00:00-04:00,0.20517891327287732,0.20540817417306148,0.1876797941472348,0.18890215456485748,1566144000,0.0,0.0
2003-06-03 00:00:00-04:00,0.1867628415598922,0.19853071462021318,0.18447034125906342,0.19279946386814117,1596804000,0.0,0.0
2003-06-04 00:00:00-04:00,0.1921878017599314,0.19753758354831363,0.18920754616899746,0.19738444685935974,1175604000,0.0,0.0
2003-06-05 00:00:00-04:00,0.1947865174516119,0.20372726728060472,0.19218773126625563,0.2030395120382309,1204404000,0.0,0.0
2003-06-06 00:00:00-04:00,0.2109863043481947,0.21205644370677398,0.19532117546518488,0.19684982299804688,1378836000,0.0,0.0
2003-06-09 00:00:00-04:00,0.19562653499756857,0.2006700429721635,0.1915000297151161,0.1944802850484848,720588000,0.0,0.0
2003-06-10 00:00:00-04:00,0.19448034144051618,0.1974605976380478,0.19234097759773228,0.19730837643146515,563304000,0.0,0.0
2003-06-11 00:00:00-04:00,0.1960850942289081,0.199218487053812,0.19257021922091808,0.1974605917930603,943836000,0.0,0.0
2003-06-12 00:00:00-04:00,0.1988360375878786,0.20097631632360194,0.19386956937215802,0.1944802850484848,1046688000,0.0,0.0
2003-06-13 00:00:00-04:00,0.18607505881326206,0.19142392478389567,0.17805130893284946,0.17934978008270264,1826808000,0.0,0.0
2003-06-16 00:00:00-04:00,0.1814899869533043,0.18546335410258527,0.16949195759065083,0.1831708550453186,1904868000,0.0,0.0
2003-06-17 00:00:00-04:00,0.1873735364042013,0.18874903359779935,0.18187152030105486,0.187526673078537,999852000,0.0,0.0
2003-06-18 00:00:00-04:00,0.18569269037843222,0.19845459160100432,0.1841640426595185,0.19470955431461334,1122072000,0.0,0.0
2003-06-19 00:00:00-04:00,0.19555045032188975,0.196543563726817,0.18187154603761668,0.18286557495594025,1190532000,0.0,0.0
2003-06-20 00:00:00-04:00,0.18485180433222168,0.18492883043799221,0.17805132973690765,0.18095454573631287,937848000,0.0,0.0
2003-06-23 00:00:00-04:00,0.18080232777356786,0.18171933061626305,0.17094457112725864,0.17453554272651672,734784000,0.0,0.0
2003-06-24 00:00:00-04:00,0.17346634714138223,0.17728658032604022,0.1685750723884928,0.1741541028022766,1008816000,0.0,0.0
2003-06-25 00:00:00-04:00,0.17461258801815105,0.18171933636104376,0.17392483244829243,0.17530032992362976,1060620000,0.0,0.0
2003-06-26 00:00:00-04:00,0.17583491108196017,0.1778981636847147,0.1703328950316968,0.17552953958511353,960540000,0.0,0.0
2003-06-27 00:00:00-04:00,0.17759281328346185,0.1791975715715062,0.17155528958200597,0.17239616811275482,709104000,0.0,0.0
2003-06-30 00:00:00-04:00,0.17468866182933177,0.17812741162575266,0.17270151979870088,0.17507104575634003,544128000,0.0,0.0
2003-07-01 00:00:00-04:00,0.17285463782880525,0.18248314441892102,0.17124987989826485,0.182253897190094,977016000,0.0,0.0
2003-07-02 00:00:00-04:00,0.18393477696341676,0.1863043166510933,0.1791975559433922,0.18171930313110352,846828000,0.0,0.0
2003-07-03 00:00:00-04:00,0.17751575024286745,0.18431715228634837,0.17713428186465952,0.1796560287475586,420912000,0.0,0.0
2003-07-07 00:00:00-04:00,0.18210078633134363,0.1924170360694419,0.18202467574867295,0.1914239227771759,832200000,0.0,0.0
2003-07-08 00:00:00-04:00,0.1861511855915646,0.19180633907904276,0.18569269102426098,0.1892845779657364,602856000,0.0,0.0
2003-07-09 00:00:00-04:00,0.18920749888055616,0.1967727527733023,0.1889021410923203,0.19364027678966522,755352000,0.0,0.0
2003-07-10 00:00:00-04:00,0.18760278391194524,0.19004842046703324,0.18240705481484384,0.1856926679611206,644568000,0.0,0.0
2003-07-11 00:00:00-04:00,0.1879090467155735,0.18905529659151893,0.1850810127250964,0.18668577075004578,495000000,0.0,0.0
2003-07-14 00:00:00-04:00,0.19142391836684589,0.19257016831133655,0.18431717144387913,0.1852341741323471,694344000,0.0,0.0
2003-07-15 00:00:00-04:00,0.18798516529328096,0.1888260573863383,0.17743965505422635,0.1791975498199463,1143456000,0.0,0.0
2003-07-16 00:00:00-04:00,0.1825592637574538,0.18340015580562974,0.1727015094651336,0.1769811511039734,880476000,0.0,0.0
2003-07-17 00:00:00-04:00,0.17163225390357081,0.17384772713161872,0.16582396590838244,0.1681164652109146,853764000,0.0,0.0
2003-07-18 00:00:00-04:00,0.16483095006554108,0.16536556900129176,0.15642480005333248,0.16246233880519867,1280832000,0.0,0.0
2003-07-21 00:00:00-04:00,0.16337928012614505,0.16391388519570757,0.15619549375905123,0.16001664102077484,985140000,0.0,0.0
2003-07-22 00:00:00-04:00,0.16452552389271302,0.16574788431909057,0.16177451605018356,0.16269151866436005,582444000,0.0,0.0
2003-07-23 00:00:00-04:00,0.1625383787199934,0.16582399154583716,0.15764802160002286,0.16483087837696075,605328000,0.0,0.0
2003-07-24 00:00:00-04:00,0.16781110341034092,0.16903346359361343,0.15703634874932665,0.15841184556484222,1116828000,0.0,0.0
2003-07-25 00:00:00-04:00,0.1587172396737244,0.161850617576859,0.15283375593062296,0.16093362867832184,1002084000,0.0,0.0
2003-07-28 00:00:00-04:00,0.1622330360313354,0.16261450444613199,0.15527849666161903,0.15596625208854675,703752000,0.0,0.0
2003-07-29 00:00:00-04:00,0.14182976444124865,0.15405612925449885,0.14030111698189843,0.1457270085811615,2794788000,0.0,0.0
2003-07-30 00:00:00-04:00,0.14519152661040238,0.14687329751959488,0.14320529964826972,0.14412230253219604,788724000,0.0,0.0
2003-07-31 00:00:00-04:00,0.14748392165495972,0.14962419930971838,0.14435144674122885,0.14587916433811188,897600000,0.0,0.0
2003-08-01 00:00:00-04:00,0.1459562703824051,0.15191676708289228,0.1445037334910703,0.15069349110126495,767556000,0.0,0.0
2003-08-04 00:00:00-04:00,0.15054125637577007,0.15909962357388824,0.14962425381273428,0.15634861588478088,1428852000,0.0,0.0
2003-08-05 00:00:00-04:00,0.16039901065425333,0.1640670209209978,0.15459073560897518,0.15589012205600739,1063488000,0.0,0.0
2003-08-06 00:00:00-04:00,0.1538269523557233,0.15589020582335916,0.1458031858339432,0.14954730868339539,1025868000,0.0,0.0
2003-08-07 00:00:00-04:00,0.14916577374355622,0.15130513687104205,0.14549776313780283,0.14748398959636688,1040340000,0.0,0.0
2003-08-08 00:00:00-04:00,0.12647001094550914,0.12700462974571727,0.1166122551666932,0.11844626069068909,3767580000,0.0,0.0
2003-08-11 00:00:00-04:00,0.12035636775510075,0.12647001579784856,0.11959251531555884,0.12486527115106583,1675752000,0.0,0.0
2003-08-12 00:00:00-04:00,0.12647001422585952,0.12769237488098772,0.12440676137394252,0.12738701701164246,764160000,0.0,0.0
2003-08-13 00:00:00-04:00,0.127921637594572,0.13029024834858655,0.12471213463214112,0.12822699546813965,693552000,0.0,0.0
2003-08-14 00:00:00-04:00,0.12394825858938428,0.12578226403926557,0.12241961098858804,0.12379512190818787,1527696000,0.0,0.0
2003-08-15 00:00:00-04:00,0.1230312375815478,0.12417748740129222,0.12226645613814514,0.12341270595788956,217716000,0.0,0.0
2003-08-18 00:00:00-04:00,0.12539989913963984,0.1270807683467865,0.1231835091652668,0.1270807683467865,717684000,0.0,0.0
2003-08-19 00:00:00-04:00,0.1299087253656693,0.1375501032238077,0.1298316992864654,0.13678623735904694,1403976000,0.0,0.0
2003-08-20 00:00:00-04:00,0.13487522304058075,0.13739697000875736,0.13189496792813257,0.13487522304058075,870348000,0.0,0.0
2003-08-21 00:00:00-04:00,0.13816173512713872,0.1398426035121354,0.13602145680342134,0.13854320347309113,644748000,0.0,0.0
2003-08-22 00:00:00-04:00,0.1468733162175492,0.14885954343254187,0.1394602797561832,0.13953731954097748,1002396000,0.0,0.0
2003-08-25 00:00:00-04:00,0.14221123740279246,0.14221123740279246,0.13755012714023268,0.13877248764038086,434028000,0.0,0.0
2003-08-26 00:00:00-04:00,0.1370155222464887,0.13907877504541008,0.13281199054826168,0.13655702769756317,768984000,0.0,0.0
2003-08-27 00:00:00-04:00,0.13747401439934595,0.14213512458861777,0.13602147749312166,0.14068351686000824,567816000,0.0,0.0
2003-08-28 00:00:00-04:00,0.14205899896056146,0.14282286486520346,0.13541074749588008,0.13701549172401428,828312000,0.0,0.0
2003-08-29 00:00:00-04:00,0.13678625918184592,0.13946022739509678,0.13625072492997828,0.13884951174259186,532884000,0.0,0.0
2003-09-02 00:00:00-04:00,0.14129422754376267,0.142517503494919,0.13693847533346748,0.13762623071670532,711456000,0.0,0.0
2003-09-03 00:00:00-04:00,0.1396895121935259,0.1400718961766563,0.13426453508351696,0.13495227694511414,849972000,0.0,0.0
2003-09-04 00:00:00-04:00,0.1354868523190347,0.13946020651140778,0.13449373923312333,0.13625070452690125,740064000,0.0,0.0
2003-09-05 00:00:00-04:00,0.13648000652034648,0.14595629419494124,0.13487524821246305,0.14274679124355316,1198740000,0.0,0.0
2003-09-08 00:00:00-04:00,0.1450393263607921,0.1509998254704798,0.14328143093622736,0.14931805431842804,1508712000,0.0,0.0
2003-09-09 00:00:00-04:00,0.1451915001655208,0.16406704779771306,0.14320527356515536,0.15848800539970398,2489436000,0.0,0.0
2003-09-10 00:00:00-04:00,0.15398000771663353,0.15810651247110882,0.1464147535548873,0.14763711392879486,1380624000,0.0,0.0
2003-09-11 00:00:00-04:00,0.14962426638545084,0.15398001867759706,0.13984262249404153,0.1457270085811615,2612736000,0.0,0.0
2003-09-12 00:00:00-04:00,0.14450374385795697,0.15107588585294013,0.14289899936113737,0.1478663831949234,1162404000,0.0,0.0
2003-09-15 00:00:00-04:00,0.14908875743452957,0.14985353905055387,0.1448861547608564,0.14542075991630554,596028000,0.0,0.0
2003-09-16 00:00:00-04:00,0.14572699756748808,0.1503881209925652,0.14572699756748808,0.14992961287498474,620736000,0.0,0.0
2003-09-17 00:00:00-04:00,0.15084662570535629,0.15459074681429816,0.14962426525368183,0.15168751776218414,902784000,0.0,0.0
2003-09-18 00:00:00-04:00,0.15084658853979158,0.15290984053995008,0.14916573401785707,0.1528337299823761,603492000,0.0,0.0
2003-09-19 00:00:00-04:00,0.15459074884069496,0.155584777576421,0.1502349965244002,0.15161049365997314,648096000,0.0,0.0
2003-09-22 00:00:00-04:00,0.14863022447776064,0.1489364977846599,0.14442760922524264,0.1456499695777893,735504000,0.0,0.0
2003-09-23 00:00:00-04:00,0.1458792309726881,0.14786637293675522,0.1439691287637759,0.1470254808664322,628932000,0.0,0.0
2003-09-24 00:00:00-04:00,0.1438930122934946,0.1451914832891586,0.1356400024650146,0.13586924970149994,1600668000,0.0,0.0
2003-09-25 00:00:00-04:00,0.13693850606113095,0.13938414299901483,0.13334753451697207,0.13395825028419495,736776000,0.0,0.0
2003-09-26 00:00:00-04:00,0.13357681018088416,0.13395827873807278,0.12708077655911523,0.1288386583328247,895908000,0.0,0.0
2003-09-29 00:00:00-04:00,0.12234348121660447,0.1266992332286442,0.11997395551082,0.12188498675823212,1944996000,0.0,0.0
2003-09-30 00:00:00-04:00,0.12081485654733866,0.12616372211217855,0.12035634839033053,0.12203721702098846,1020888000,0.0,0.0
2003-10-01 00:00:00-04:00,0.12226644739205096,0.1244828363003607,0.12196108961018638,0.12303122878074646,877224000,0.0,0.0
2003-10-02 00:00:00-04:00,0.12226648109254293,0.12669926013097588,0.12188501263834405,0.1249413788318634,857628000,0.0,0.0
2003-10-03 00:00:00-04:00,0.12838013216161406,0.13143649843057054,0.12616374258769272,0.12822699546813965,862812000,0.0,0.0
2003-10-06 00:00:00-04:00,0.12845625345307735,0.12975564033678488,0.12616375309812608,0.12723389267921448,377028000,0.0,0.0
2003-10-07 00:00:00-04:00,0.1272338550608348,0.12838010489940643,0.12547596042725392,0.12838010489940643,510588000,0.0,0.0
2003-10-08 00:00:00-04:00,0.1283801574685942,0.12952640777653315,0.12310740058632251,0.12387126684188843,739440000,0.0,0.0
2003-10-09 00:00:00-04:00,0.12570522270743667,0.13051948353714513,0.1246359988279632,0.12562911212444305,852408000,0.0,0.0
2003-10-10 00:00:00-04:00,0.12761620406361315,0.1287624535887755,0.12608757074720858,0.12784545123577118,413976000,0.0,0.0
2003-10-13 00:00:00-04:00,0.12929714963886868,0.13181889737264557,0.12830403613761338,0.12914401292800903,434904000,0.0,0.0
2003-10-14 00:00:00-04:00,0.12776845492280378,0.13189495964006345,0.1270046026753799,0.13151349127292633,623556000,0.0,0.0
2003-10-15 00:00:00-04:00,0.13304127987294923,0.1354869310711297,0.12899181275995794,0.12983177602291107,703488000,0.0,0.0
2003-10-16 00:00:00-04:00,0.12998481642285034,0.13189493172242966,0.12799768872000017,0.13143643736839294,446088000,0.0,0.0
2003-10-17 00:00:00-04:00,0.13067258668743242,0.13319433325418695,0.12715772707901873,0.12730994820594788,459696000,0.0,0.0
2003-10-20 00:00:00-04:00,0.1273870746894714,0.13029030553932233,0.12662229273540182,0.1301380842924118,467388000,0.0,0.0
2003-10-21 00:00:00-04:00,0.13250663006278346,0.13663313557891069,0.1306726245746429,0.13411137461662292,758724000,0.0,0.0
2003-10-22 00:00:00-04:00,0.13204810801516154,0.13510447378241028,0.13113111903160277,0.13181886076927185,620952000,0.0,0.0
2003-10-23 00:00:00-04:00,0.12990874301242714,0.13372897470388864,0.12967949576986107,0.13120722770690918,451524000,0.0,0.0
2003-10-24 00:00:00-04:00,0.1299087128248682,0.13189493878549885,0.1286854371422533,0.1307486891746521,447084000,0.0,0.0
2003-10-27 00:00:00-05:00,0.13143643736839294,0.13296507071720642,0.13051943499594704,0.13143643736839294,254460000,0.0,0.0
2003-10-28 00:00:00-05:00,0.13319436093826775,0.1404542580449353,0.1325827297642411,0.13968949019908905,956064000,0.0,0.0
2003-10-29 00:00:00-05:00,0.13556298502171776,0.14137126071372635,0.13548687444243382,0.13968949019908905,494004000,0.0,0.0
2003-10-30 00:00:00-05:00,0.14328137965318669,0.1433574902340762,0.13686237450061403,0.13709162175655365,581256000,0.0,0.0
2003-10-31 00:00:00-05:00,0.13831399518235263,0.13946024523334108,0.13296512889406586,0.1351044923067093,598152000,0.0,0.0
2003-11-03 00:00:00-05:00,0.13441672836888907,0.14022500376996114,0.13380599907432866,0.13762623071670532,773724000,0.0,0.0
2003-11-04 00:00:00-05:00,0.14060651701805094,0.14098891470819253,0.13716776633355368,0.1380847692489624,700896000,0.0,0.0
2003-11-05 00:00:00-05:00,0.1352576338304041,0.1399957845574202,0.13304124423719782,0.1386202871799469,882024000,0.0,0.0
2003-11-06 00:00:00-05:00,0.14068351705533863,0.14137125879933612,0.13632775102147088,0.13884951174259186,1175280000,0.0,0.0
2003-11-07 00:00:00-05:00,0.1655186194609328,0.16857498479029012,0.16200375970548547,0.16620637476444244,4292820000,0.0,0.0
2003-11-10 00:00:00-05:00,0.16674099410432391,0.16903349376078014,0.16475476776701398,0.16574788093566895,1210056000,0.0,0.0
2003-11-11 00:00:00-05:00,0.16200384911272384,0.16483095512489446,0.15871731924344043,0.16162145137786865,799140000,0.0,0.0
2003-11-12 00:00:00-05:00,0.16108676858987178,0.16429627079277867,0.16032198715248647,0.1637607365846634,617664000,0.0,0.0
2003-11-13 00:00:00-05:00,0.1637607494967626,0.16613028905462104,0.16284374684300373,0.16383777558803558,580332000,0.0,0.0
2003-11-14 00:00:00-05:00,0.16429628890869102,0.16429628890869102,0.15367375246203507,0.15413224697113037,888420000,0.0,0.0
2003-11-17 00:00:00-05:00,0.1512290547230107,0.1543615180042791,0.14977651754952181,0.15252752602100372,599880000,0.0,0.0
2003-11-18 00:00:00-05:00,0.1562725180225885,0.15818263387449988,0.149776487133794,0.15031202137470245,991428000,0.0,0.0
2003-11-19 00:00:00-05:00,0.15138127787228292,0.15512630165738264,0.15084665902908834,0.15451467037200928,567552000,0.0,0.0
2003-11-20 00:00:00-05:00,0.15206902163663077,0.15543166147089554,0.14977652135106514,0.15038816630840302,738852000,0.0,0.0
2003-11-21 00:00:00-05:00,0.15222211505659222,0.15245137595146618,0.1480956239144958,0.1509997546672821,543240000,0.0,0.0
2003-11-24 00:00:00-05:00,0.152451418968789,0.1604751699509266,0.1513812794224028,0.1600927859544754,940644000,0.0,0.0
2003-11-25 00:00:00-05:00,0.16078049634584715,0.16421925975754711,0.15894650467923427,0.1628437489271164,822804000,0.0,0.0
2003-11-26 00:00:00-05:00,0.16551861993907332,0.1660532249333561,0.159940507921358,0.16299687325954437,430032000,0.0,0.0
2003-11-28 00:00:00-05:00,0.16292078021505207,0.16337927469177832,0.16085752774103168,0.16223302483558655,206136000,0.0,0.0
2003-12-01 00:00:00-05:00,0.1640670590264556,0.16574791423107177,0.16215602736527687,0.16452555358409882,526980000,0.0,0.0
2003-12-02 00:00:00-05:00,0.16353150224941704,0.1671994992000758,0.16284374684300373,0.16383777558803558,574740000,0.0,0.0
2003-12-03 00:00:00-05:00,0.1642962491261846,0.16964511358792558,0.16177448894364524,0.16215597093105316,710028000,0.0,0.0
2003-12-04 00:00:00-05:00,0.1626914893154988,0.16559471778379994,0.1574948460444697,0.16131599247455597,521952000,0.0,0.0
2003-12-05 00:00:00-05:00,0.15749494866396102,0.16200385328458702,0.15482006380021296,0.1561194509267807,559848000,0.0,0.0
2003-12-08 00:00:00-05:00,0.15611935386326747,0.15887036129163687,0.15474385698126977,0.15726560354232788,340980000,0.0,0.0
2003-12-09 00:00:00-05:00,0.15696028248076271,0.1584880008465978,0.14901262976772506,0.14908874034881592,598128000,0.0,0.0
2003-12-10 00:00:00-05:00,0.14908875313291464,0.15321525876209252,0.14901264254529742,0.15237529575824738,568656000,0.0,0.0
2003-12-11 00:00:00-05:00,0.15229826860314347,0.16200381775206268,0.15199291071403914,0.1600927859544754,694872000,0.0,0.0
2003-12-12 00:00:00-05:00,0.16223309365640262,0.1633023178779145,0.1566540631588744,0.1592528373003006,700692000,0.0,0.0
2003-12-15 00:00:00-05:00,0.16391385765799138,0.1641431185298403,0.15558475197348612,0.15604324638843536,622752000,0.0,0.0
2003-12-16 00:00:00-05:00,0.15512632858430891,0.15917580910925855,0.15237533326397806,0.15818269550800323,601728000,0.0,0.0
2003-12-17 00:00:00-05:00,0.15688328301940066,0.1574188037177687,0.15252752974807093,0.15512630343437195,499116000,0.0,0.0
2003-12-18 00:00:00-05:00,0.15543162730495552,0.16024588777790844,0.15527849063702,0.15864112973213196,436728000,0.0,0.0
2003-12-19 00:00:00-05:00,0.16261457839003685,0.16506022971096418,0.15925285314908333,0.16100983321666718,916956000,0.0,0.0
2003-12-22 00:00:00-05:00,0.15864112695153895,0.1616213820811897,0.15703638259826627,0.16123899817466736,371184000,0.0,0.0
2003-12-23 00:00:00-05:00,0.16062831246623177,0.16941594357467668,0.16055128635609686,0.16781118512153625,722760000,0.0,0.0
2003-12-24 00:00:00-05:00,0.16773509317806984,0.1682697121055427,0.16613034821085157,0.16658884286880493,210852000,0.0,0.0
2003-12-26 00:00:00-05:00,0.167887235527422,0.17476474781684972,0.1671994801991667,0.17377163469791412,363960000,0.0,0.0
2003-12-29 00:00:00-05:00,0.17705726078894835,0.18171928630846731,0.17621728425820404,0.18110765516757965,756624000,0.0,0.0
2003-12-30 00:00:00-05:00,0.1791975636410144,0.1849288137067218,0.17904442695673722,0.18149006366729736,550884000,0.0,0.0
2003-12-31 00:00:00-05:00,0.18141302584675117,0.1822539179503314,0.1743832913867896,0.1772865206003189,497268000,0.0,0.0
2004-01-02 00:00:00-05:00,0.1801145548746507,0.18255927591566112,0.17636951804161072,0.17636951804161072,436416000,0.0,0.0
2004-01-05 00:00:00-05:00,0.17904440711104602,0.18332404883401848,0.17743964907189622,0.18210077285766602,575292000,0.0,0.0
2004-01-06 00:00:00-05:00,0.18156610757277278,0.19203550419482418,0.1807252157236763,0.18951375782489777,1093344000,0.0,0.0
2004-01-07 00:00:00-05:00,0.1873735347015416,0.19211167108773353,0.18607504994916696,0.19119466841220856,673032000,0.0,0.0
2004-01-08 00:00:00-05:00,0.19356325652466083,0.19448025909442618,0.19004839656525757,0.1918824017047882,433752000,0.0,0.0
2004-01-09 00:00:00-05:00,0.19058305778305423,0.19700206353947264,0.18905532561316693,0.19463343918323517,766584000,0.0,0.0
2004-01-12 00:00:00-05:00,0.19532117546518488,0.1974605386690763,0.19348717009680816,0.19684982299804688,541980000,0.0,0.0
2004-01-13 00:00:00-05:00,0.19585576975760902,0.19776680111445455,0.18462251824046877,0.18668577075004578,865800000,0.0,0.0
2004-01-14 00:00:00-05:00,0.18760286463652892,0.19027774959778584,0.18355338373722893,0.18531036376953125,544872000,0.0,0.0
2004-01-15 00:00:00-05:00,0.1839347834282099,0.18714428617281906,0.18064917009871956,0.18561656773090363,609204000,0.0,0.0
2004-01-16 00:00:00-05:00,0.18752670261129506,0.19004845014075997,0.18576880754727088,0.18844370543956757,451728000,0.0,0.0
2004-01-20 00:00:00-05:00,0.19073619590263846,0.1940218093935324,0.1885968324722439,0.19371645152568817,487764000,0.0,0.0
2004-01-21 00:00:00-05:00,0.19211162674549134,0.19287549257176048,0.18447026293678012,0.18477562069892883,494460000,0.0,0.0
2004-01-22 00:00:00-05:00,0.1857687312504503,0.18874898580222482,0.17828050417908747,0.1804959774017334,605724000,0.0,0.0
2004-01-23 00:00:00-05:00,0.1795790034134574,0.18317090322812077,0.17606414334967496,0.17644652724266052,482472000,0.0,0.0
2004-01-26 00:00:00-05:00,0.17759279503896536,0.18416402136499682,0.1762172978365056,0.18340016901493073,393684000,0.0,0.0
2004-01-27 00:00:00-05:00,0.17973218196699053,0.18263632709473815,0.1715552945901458,0.1729307919740677,934104000,0.0,0.0
2004-01-28 00:00:00-05:00,0.17514715081312285,0.17789815876213197,0.1715552644565175,0.1724722534418106,615204000,0.0,0.0
2004-01-29 00:00:00-05:00,0.17300774393063256,0.17384772027691617,0.16162134476400347,0.16742871701717377,929700000,0.0,0.0
2004-01-30 00:00:00-05:00,0.1670472691823413,0.17384775580131354,0.16605324049004155,0.17002752423286438,466464000,0.0,0.0
2004-02-02 00:00:00-05:00,0.17140306439968067,0.17614028572216625,0.16964516946165317,0.17277856171131134,560844000,0.0,0.0
2004-02-03 00:00:00-05:00,0.17232002060370935,0.17530027559699066,0.16987438430890275,0.1721668839454651,418032000,0.0,0.0
2004-02-04 00:00:00-05:00,0.1697212293322801,0.17109672623288202,0.167276508814508,0.16750575602054596,436800000,0.0,0.0
2004-02-05 00:00:00-05:00,0.1684227799221987,0.17193764001708894,0.16735264065590022,0.17002752423286438,331980000,0.0,0.0
2004-02-06 00:00:00-05:00,0.17224306373158005,0.17636957020132416,0.1713260607755946,0.17392484843730927,471132000,0.0,0.0
2004-02-09 00:00:00-05:00,0.17522328498699688,0.17805131940776844,0.17262542702115413,0.17270153760910034,373992000,0.0,0.0
2004-02-10 00:00:00-05:00,0.17323703680177577,0.17919754725663273,0.17316001071001672,0.17904441058635712,509700000,0.0,0.0
2004-02-11 00:00:00-05:00,0.18133699348361834,0.18592199521761368,0.1807253483711529,0.18531036376953125,737808000,0.0,0.0
2004-02-12 00:00:00-05:00,0.18431720280488634,0.18531031624324665,0.17690508311945316,0.17973218858242035,974892000,0.0,0.0
2004-02-13 00:00:00-05:00,0.174994011653528,0.18255926632514402,0.173466279713188,0.17805129289627075,1747500000,0.0,0.0
2004-02-17 00:00:00-05:00,0.17873904351458664,0.1805730488790294,0.17629340696715937,0.18003752827644348,575976000,0.0,0.0
2004-02-18 00:00:00-05:00,0.1805730488790294,0.18149005156125075,0.1788151540949853,0.18003752827644348,320244000,0.0,0.0
2004-02-19 00:00:00-05:00,0.18225391296045598,0.18546341543487826,0.17957901556183503,0.1799614131450653,631032000,0.0,0.0
2004-02-20 00:00:00-05:00,0.17965603552643405,0.18492879038775753,0.1786620068095876,0.1844702959060669,618120000,0.0,0.0
2004-02-23 00:00:00-05:00,0.18416401069094068,0.1844702976882102,0.17560564280609461,0.17805129289627075,853332000,0.0,0.0
2004-02-24 00:00:00-05:00,0.1749940666107168,0.17721045648951755,0.1690335544329883,0.17094458639621735,708384000,0.0,0.0
2004-02-25 00:00:00-05:00,0.17201374014987653,0.1752232422407675,0.17010362448159572,0.17193762958049774,652512000,0.0,0.0
2004-02-26 00:00:00-05:00,0.17445936853342606,0.17476473997477882,0.17094450880923218,0.17308387160301208,344976000,0.0,0.0
2004-02-27 00:00:00-05:00,0.17346627375375592,0.1736185085661293,0.16742875122989892,0.17002752423286438,595548000,0.0,0.0
2004-03-01 00:00:00-05:00,0.1695690665504172,0.17285468012293537,0.16933981926549788,0.1725493222475052,506628000,0.0,0.0
2004-03-02 00:00:00-05:00,0.17277852542826075,0.17400088579572237,0.16865202069554594,0.16933977603912354,813348000,0.0,0.0
2004-03-03 00:00:00-05:00,0.16888131710748333,0.16888131710748333,0.16437242717986605,0.16712342202663422,552492000,0.0,0.0
2004-03-04 00:00:00-05:00,0.1688042899004043,0.1710967901458931,0.16742879248598688,0.17079143226146698,413352000,0.0,0.0
2004-03-05 00:00:00-05:00,0.16697030241807043,0.1734663353846489,0.16635958658272318,0.16956909000873566,354888000,0.0,0.0
2004-03-08 00:00:00-05:00,0.16964516212209438,0.17193766209708844,0.1623852645872594,0.1636846512556076,465168000,0.0,0.0
2004-03-09 00:00:00-05:00,0.1650601399959632,0.16521327665624014,0.15978738529613035,0.16253837943077087,371232000,0.0,0.0
2004-03-10 00:00:00-05:00,0.16360856043455344,0.16536553999545164,0.15902355993073072,0.1601698100566864,481692000,0.0,0.0
2004-03-11 00:00:00-05:00,0.15802952622481464,0.16368466609107762,0.15802952622481464,0.15894652903079987,526872000,0.0,0.0
2004-03-12 00:00:00-05:00,0.1610868386571633,0.16429634225609502,0.15932894330166256,0.1623091995716095,377952000,0.0,0.0
2004-03-15 00:00:00-05:00,0.16131602709137674,0.16200378249162045,0.1576480301736222,0.15864112973213196,421224000,0.0,0.0
2004-03-16 00:00:00-05:00,0.16062826603699437,0.16620639229119366,0.15955812676119513,0.16544252634048462,597504000,0.0,0.0
2004-03-17 00:00:00-05:00,0.16811648076047564,0.17109673559516897,0.16742873910472905,0.1694919914007187,524592000,0.0,0.0
2004-03-18 00:00:00-05:00,0.16857503092053128,0.1734663044702108,0.16811652270459676,0.17140306532382965,528048000,0.0,0.0
2004-03-19 00:00:00-05:00,0.17048601542931752,0.1722429807134209,0.16842276318889762,0.16941587626934052,452964000,0.0,0.0
2004-03-22 00:00:00-05:00,0.16681799443675432,0.16941586516248575,0.1642962479368437,0.1681164652109146,576708000,0.0,0.0
2004-03-23 00:00:00-05:00,0.17040906130483444,0.17224305344287316,0.166894186410629,0.16880430281162262,576036000,0.0,0.0
2004-03-24 00:00:00-05:00,0.16849890513684865,0.17919755218986058,0.16811650754287688,0.17636951804161072,787344000,0.0,0.0
2004-03-25 00:00:00-05:00,0.17835664578180985,0.1875266582299158,0.1780512879705839,0.1866096556186676,997128000,0.0,0.0
2004-03-26 00:00:00-05:00,0.18607506155967712,0.18897829092709026,0.183553314292917,0.18607506155967712,551604000,0.0,0.0
2004-03-29 00:00:00-05:00,0.18874906301282376,0.19662059264956472,0.18836759453743587,0.1940988451242447,985764000,0.0,0.0
2004-03-30 00:00:00-05:00,0.19279946676519694,0.20082321793866473,0.19264631639589944,0.19990621507167816,724956000,0.0,0.0
2004-03-31 00:00:00-05:00,0.2008992834032611,0.20387953863537134,0.19983005958500288,0.20174017548561096,604752000,0.0,0.0
2004-04-01 00:00:00-05:00,0.20196941386441836,0.20609591882543385,0.19310477280042895,0.19814828038215637,1319508000,0.0,0.0
2004-04-02 00:00:00-05:00,0.20250401413282604,0.20380340053802987,0.19639128333670935,0.20097628235816956,649740000,0.0,0.0
2004-04-05 00:00:00-04:00,0.19990622552979526,0.2090001304152958,0.19990622552979526,0.20815923810005188,576744000,0.0,0.0
2004-04-06 00:00:00-04:00,0.20403276421932112,0.2054843862542127,0.1986838962573676,0.19975312054157257,624096000,0.0,0.0
2004-04-07 00:00:00-04:00,0.20128165438102358,0.20135776494959906,0.19516800805441525,0.19868378341197968,447864000,0.0,0.0
2004-04-08 00:00:00-04:00,0.20311563893873383,0.2063251408873933,0.20158700536259724,0.20433799922466278,447096000,0.0,0.0
2004-04-12 00:00:00-04:00,0.20594279463160214,0.2068597973078391,0.1992945423093554,0.20051781833171844,443784000,0.0,0.0
2004-04-13 00:00:00-04:00,0.20235182634831184,0.20250404751011986,0.19486268183112965,0.1958557814359665,442704000,0.0,0.0
2004-04-14 00:00:00-04:00,0.19486268095527925,0.2005178200704232,0.1926462779931817,0.19684982299804688,512016000,0.0,0.0
2004-04-15 00:00:00-04:00,0.1941748898258636,0.19501578177488718,0.18569263363710464,0.18653352558612823,828084000,0.0,0.0
2004-04-16 00:00:00-04:00,0.18576878791657384,0.185845814014366,0.18003753792598173,0.180419921875,654864000,0.0,0.0
2004-04-19 00:00:00-04:00,0.18026673336914656,0.18149000911338645,0.17698112100161845,0.18019062280654907,522804000,0.0,0.0
2004-04-20 00:00:00-04:00,0.18064918346084488,0.1826363257633658,0.17247228247922866,0.1725493222475052,513804000,0.0,0.0
2004-04-21 00:00:00-04:00,0.17323705626039546,0.178815169758362,0.17147917498674625,0.17277856171131134,688812000,0.0,0.0
2004-04-22 00:00:00-04:00,0.1711737637011745,0.1766757789984667,0.16758187773674169,0.17377163469791412,695520000,0.0,0.0
2004-04-23 00:00:00-04:00,0.1759110284762435,0.18057305446074545,0.17537640970601992,0.17759279906749725,443928000,0.0,0.0
2004-04-26 00:00:00-04:00,0.17797425527774338,0.17873902304721695,0.17017974020359866,0.17063824832439423,429912000,0.0,0.0
2004-04-27 00:00:00-04:00,0.172625400084375,0.17721039957032741,0.16857500565733707,0.16918663680553436,494568000,0.0,0.0
2004-04-28 00:00:00-04:00,0.16926281572636392,0.1718616035137574,0.16719956239171183,0.1684989631175995,468768000,0.0,0.0
2004-04-29 00:00:00-04:00,0.16750578620307097,0.16865203610417537,0.16162138636386306,0.16383777558803558,645048000,0.0,0.0
2004-04-30 00:00:00-04:00,0.16292080208470994,0.16391390174652515,0.15619550953052247,0.15680715441703796,512928000,0.0,0.0
2004-05-03 00:00:00-04:00,0.15848800731357002,0.16009276550362744,0.15206900188209588,0.1548200100660324,610668000,0.0,0.0
2004-05-04 00:00:00-04:00,0.15703641698500817,0.16666492620615708,0.15665403299475406,0.16467778384685516,772380000,0.0,0.0
2004-05-05 00:00:00-04:00,0.16483091952747303,0.16750581740904097,0.16345542212277092,0.16605328023433685,464280000,0.0,0.0
2004-05-06 00:00:00-04:00,0.16437235201719586,0.16872810325313728,0.16085749264053914,0.16742871701717377,711348000,0.0,0.0
2004-05-07 00:00:00-04:00,0.17232005970725614,0.17552956265963163,0.1678111699834933,0.16872817277908325,956772000,0.0,0.0
2004-05-10 00:00:00-04:00,0.16421922305114273,0.16597710374582245,0.15856498716399187,0.16215597093105316,669072000,0.0,0.0
2004-05-11 00:00:00-04:00,0.16421924330246593,0.1677350187897604,0.16353148795616496,0.16613027453422546,399936000,0.0,0.0
2004-05-12 00:00:00-04:00,0.1652132864008622,0.16544253364820774,0.1581065260825136,0.16383777558803558,482328000,0.0,0.0
2004-05-13 00:00:00-04:00,0.16246225404824807,0.1673526244082064,0.16200375962239325,0.16437236964702606,347952000,0.0,0.0
2004-05-14 00:00:00-04:00,0.16506012495018293,0.16796425548037924,0.16353147769755116,0.16437236964702606,459000000,0.0,0.0
2004-05-17 00:00:00-04:00,0.16200377700755664,0.1641431400488442,0.159328879738861,0.16177451610565186,308340000,0.0,0.0
2004-05-18 00:00:00-04:00,0.16322611991801433,0.16628248524580405,0.16261447518146685,0.16437236964702606,204420000,0.0,0.0
2004-05-19 00:00:00-04:00,0.16804037006899747,0.1704089938146974,0.1631500132563642,0.16398997604846954,498276000,0.0,0.0
2004-05-20 00:00:00-04:00,0.16368470476269825,0.16643571383059844,0.16078055896388788,0.16162145137786865,421488000,0.0,0.0
2004-05-21 00:00:00-04:00,0.16353150368975863,0.16376075093912332,0.1597873961280865,0.1620037853717804,282096000,0.0,0.0
2004-05-24 00:00:00-04:00,0.16169751471333696,0.16330227294988078,0.15955815134530976,0.1614682674407959,301620000,0.0,0.0
2004-05-25 00:00:00-04:00,0.16215606638645724,0.16926281572636392,0.15887045211068365,0.1684989631175995,681264000,0.0,0.0
2004-05-26 00:00:00-04:00,0.16849888026833781,0.1742301291219377,0.167505767149508,0.17193762958049774,524568000,0.0,0.0
2004-05-27 00:00:00-04:00,0.17476476689817316,0.17736354002741192,0.17224300619548732,0.1724722534418106,556548000,0.0,0.0
2004-05-28 00:00:00-04:00,0.17461255012101018,0.18019066307221418,0.17323703927982778,0.1791975498199463,637980000,0.0,0.0
2004-06-01 00:00:00-04:00,0.1761402659374452,0.18087840224107124,0.17591101868865303,0.17904441058635712,318420000,0.0,0.0
2004-06-02 00:00:00-04:00,0.1834001317250211,0.18424102366278713,0.17751573285120614,0.17766886949539185,643800000,0.0,0.0
2004-06-03 00:00:00-04:00,0.17774501550333527,0.17812741309788088,0.16857501597042773,0.16911053657531738,700824000,0.0,0.0
2004-06-04 00:00:00-04:00,0.17254924955395373,0.17293071785918537,0.16727649590028154,0.16742871701717377,649608000,0.0,0.0
2004-06-07 00:00:00-04:00,0.17017976523658046,0.17338926789675638,0.1680404019675615,0.17147916555404663,571956000,0.0,0.0
2004-06-08 00:00:00-04:00,0.17048607109803154,0.1707914289765846,0.16590105703085958,0.16842281818389893,615000000,0.0,0.0
2004-06-09 00:00:00-04:00,0.16941593663891638,0.1696451839330141,0.1600166746014954,0.1605512797832489,498336000,0.0,0.0
2004-06-10 00:00:00-04:00,0.16315006092960352,0.16345541880567607,0.1574949073989616,0.15894652903079987,564516000,0.0,0.0
2004-06-14 00:00:00-04:00,0.15810652170381864,0.15810652170381864,0.15275674074987478,0.15398001670837402,424752000,0.0,0.0
2004-06-15 00:00:00-04:00,0.15657796178571404,0.15864120159228362,0.15482006627572314,0.15627259016036987,394584000,0.0,0.0
2004-06-16 00:00:00-04:00,0.15581401936339848,0.15680713255110726,0.15321523267356,0.15382687747478485,252576000,0.0,0.0
2004-06-17 00:00:00-04:00,0.15283378281807644,0.15657790429891125,0.1500057485481718,0.15077053010463715,482376000,0.0,0.0
2004-06-18 00:00:00-04:00,0.15161048393754029,0.15520237004619714,0.149012612836489,0.1509997546672821,534336000,0.0,0.0
2004-06-21 00:00:00-04:00,0.1512290215559616,0.15359763185601633,0.14733176382552404,0.1483248770236969,266568000,0.0,0.0
2004-06-22 00:00:00-04:00,0.14916580178549407,0.15321526789058978,0.14817177285610844,0.15252752602100372,430308000,0.0,0.0
2004-06-23 00:00:00-04:00,0.15206902149276386,0.1557370328777023,0.1516875530092768,0.15512630343437195,264660000,0.0,0.0
2004-06-24 00:00:00-04:00,0.15925273332547024,0.15978735191936896,0.15260448294701942,0.1537507325410843,590652000,0.0,0.0
2004-06-25 00:00:00-04:00,0.15481997569963357,0.1565778701811835,0.15298597065078196,0.15474386513233185,329124000,0.0,0.0
2004-06-28 00:00:00-04:00,0.1569602592925178,0.15749486430772178,0.15283375462680235,0.15344448387622833,299376000,0.0,0.0
2004-06-29 00:00:00-04:00,0.15436150811559646,0.15894652194100856,0.1537507923906923,0.15871727466583252,363852000,0.0,0.0
2004-06-30 00:00:00-04:00,0.15451465836666997,0.15887041124967474,0.15451465836666997,0.15642476081848145,329268000,0.0,0.0
2004-07-01 00:00:00-04:00,0.15818258385579656,0.15841183102661446,0.1490125740437315,0.1492418348789215,505620000,0.0,0.0
2004-07-02 00:00:00-04:00,0.15084658620545613,0.1509226967618523,0.14603234072250157,0.14717859029769897,294948000,0.0,0.0
2004-07-06 00:00:00-04:00,0.14542071550804225,0.14694934909552287,0.13693845931903978,0.13854320347309113,575388000,0.0,0.0
2004-07-07 00:00:00-04:00,0.14030109077404987,0.14320523481886124,0.13854319639914092,0.13923095166683197,344136000,0.0,0.0
2004-07-08 00:00:00-04:00,0.13793253267183897,0.1402250328725876,0.13472302965791508,0.13495227694511414,430056000,0.0,0.0
2004-07-09 00:00:00-04:00,0.13479915338989665,0.1349522901007563,0.1266222515298518,0.12914401292800903,1114500000,0.0,0.0
2004-07-12 00:00:00-04:00,0.1255530362642565,0.12914402201503056,0.12448289657553006,0.1261637657880783,676044000,0.0,0.0
2004-07-13 00:00:00-04:00,0.12769233255396287,0.12990872136255566,0.12455894126355205,0.1259344518184662,567108000,0.0,0.0
2004-07-14 00:00:00-04:00,0.12150262362389226,0.12486527709967321,0.11791073651836882,0.12035637348890305,901608000,0.0,0.0
2004-07-15 00:00:00-04:00,0.12157872372633723,0.12287811030371755,0.11875160517186678,0.11951547116041183,611352000,0.0,0.0
2004-07-16 00:00:00-04:00,0.12318347127755627,0.12333660795159858,0.11600060015916824,0.11600060015916824,464700000,0.0,0.0
2004-07-19 00:00:00-04:00,0.11630595280068752,0.11859845230204878,0.11470119495110973,0.11729998141527176,461088000,0.0,0.0
2004-07-20 00:00:00-04:00,0.11722296019260488,0.12012710490097188,0.11607671026080069,0.11966861039400101,341544000,0.0,0.0
2004-07-21 00:00:00-04:00,0.12150260132356926,0.12165575166039563,0.11202723726286541,0.11240871250629425,613416000,0.0,0.0
2004-07-22 00:00:00-04:00,0.113708110998892,0.11538897984741131,0.11004010675710298,0.11477825045585632,521460000,0.0,0.0
2004-07-23 00:00:00-04:00,0.11554211962783754,0.11569525632040532,0.11095711249485722,0.111720971763134,371496000,0.0,0.0
2004-07-26 00:00:00-04:00,0.11317350211418983,0.11416661549733342,0.10751836232487233,0.10858850181102753,503208000,0.0,0.0
2004-07-27 00:00:00-04:00,0.10912312087459554,0.11248576073041584,0.10576047418658541,0.1121794804930687,789888000,0.0,0.0
2004-07-28 00:00:00-04:00,0.11195021483303766,0.11233260560223383,0.10621895819027678,0.10935235023498535,505116000,0.0,0.0
2004-07-29 00:00:00-04:00,0.11088099335146447,0.11936325828438898,0.11034546589328842,0.11653522402048111,747360000,0.0,0.0
2004-07-30 00:00:00-04:00,0.11508362634259028,0.11997399881452829,0.11485437903065902,0.11783463507890701,403956000,0.0,0.0
2004-08-02 00:00:00-04:00,0.11791071881640611,0.1198217503182267,0.11592449224573192,0.11936325579881668,420984000,0.0,0.0
2004-08-03 00:00:00-04:00,0.11989785436791726,0.11997396494591014,0.11225648898119846,0.1131734848022461,741540000,0.0,0.0
2004-08-04 00:00:00-04:00,0.1119502061622617,0.11546598870386181,0.1117979850098769,0.11439584940671921,507816000,0.0,0.0
2004-08-05 00:00:00-04:00,0.1156182232395242,0.11615374387450328,0.10927624383839478,0.11126247048377991,859920000,0.0,0.0
2004-08-06 00:00:00-04:00,0.07725732677798722,0.07794507541384145,0.07106756855873224,0.07206068187952042,5088948000,0.0,0.0
2004-08-09 00:00:00-04:00,0.0738946646743028,0.07695194559260275,0.07267230434773128,0.0752701684832573,1579212000,0.0,0.0
2004-08-10 00:00:00-04:00,0.07947371265182031,0.08199546664692721,0.07817431919080471,0.08123068511486053,2051916000,0.0,0.0
2004-08-11 00:00:00-04:00,0.0801614803269789,0.0801614803269789,0.0783274813329038,0.07886209338903427,963816000,0.0,0.0
2004-08-12 00:00:00-04:00,0.07909134907920812,0.07932059641567986,0.07687495899335312,0.07702809572219849,654384000,0.0,0.0
2004-08-13 00:00:00-04:00,0.07886207761300844,0.08077218682453836,0.07817432214964637,0.08023757487535477,815700000,0.0,0.0
2004-08-16 00:00:00-04:00,0.07932059778887056,0.08145996179054303,0.07886210310798966,0.07947374135255814,531732000,0.0,0.0
2004-08-17 00:00:00-04:00,0.08123066086253902,0.08428794138708744,0.08046680190399748,0.08382944017648697,744912000,0.0,0.0
2004-08-18 00:00:00-04:00,0.08421095432205632,0.08940759301185608,0.08352319877149236,0.08940759301185608,872424000,0.0,0.0
2004-08-19 00:00:00-04:00,0.08887296881856749,0.09047772003966977,0.08772671209019017,0.08910221606492996,724404000,0.0,0.0
2004-08-20 00:00:00-04:00,0.08864375536535175,0.09567348595181167,0.08833747505549037,0.09437501430511475,1199040000,0.0,0.0
2004-08-23 00:00:00-04:00,0.09590272386532242,0.09743136494995212,0.09536811180838521,0.09643825143575668,800028000,0.0,0.0
2004-08-24 00:00:00-04:00,0.09781372450356193,0.09827222584610883,0.09101233544256129,0.0928463339805603,939420000,0.0,0.0
2004-08-25 00:00:00-04:00,0.09490959693465052,0.09750746176591896,0.09315170195379363,0.09681970626115799,721308000,0.0,0.0
2004-08-26 00:00:00-04:00,0.0966674556497987,0.09766056872122181,0.09590268110779972,0.09704893082380295,612720000,0.0,0.0
2004-08-27 00:00:00-04:00,0.09712594176301441,0.10025841713358549,0.09704891569618644,0.09888291358947754,565128000,0.0,0.0
2004-08-30 00:00:00-04:00,0.09850147890562327,0.0990360908232286,0.09552122362626143,0.09559733420610428,628056000,0.0,0.0
2004-08-31 00:00:00-04:00,0.09597971459014572,0.09643821587835151,0.09223468503191115,0.09521493315696716,587064000,0.0,0.0
2004-09-01 00:00:00-04:00,0.09399256553069912,0.09842442775013194,0.09277020524895026,0.09704893082380295,591744000,0.0,0.0
2004-09-02 00:00:00-04:00,0.09750745825618863,0.1017871004931612,0.09659045550430724,0.10102323442697525,770088000,0.0,0.0
2004-09-03 00:00:00-04:00,0.09796595573425293,0.09995309101245778,0.09712597911530765,0.09796595573425293,715056000,0.0,0.0
2004-09-07 00:00:00-04:00,0.09857761701328134,0.10064087019328202,0.09483350151798232,0.09613197296857834,727332000,0.0,0.0
2004-09-08 00:00:00-04:00,0.09620898297231952,0.09704895964864685,0.09391648285940975,0.09414573013782501,834984000,0.0,0.0
2004-09-09 00:00:00-04:00,0.09643822660999232,0.105225842138841,0.09597972527076452,0.10354498028755188,1299324000,0.0,0.0
2004-09-10 00:00:00-04:00,0.10178710998394466,0.10805297948127987,0.10148174526522673,0.10751836746931076,1039344000,0.0,0.0
2004-09-13 00:00:00-04:00,0.10736522241398315,0.1117209755814791,0.10721300122958857,0.1095816120505333,967752000,0.0,0.0
2004-09-14 00:00:00-04:00,0.10858850533506977,0.11080397945553849,0.10774761310390732,0.11004011332988739,683556000,0.0,0.0
2004-09-15 00:00:00-04:00,0.10667744342339035,0.10698372356422256,0.10255093871751166,0.10392644256353378,1163904000,0.0,0.0
2004-09-16 00:00:00-04:00,0.10568435126575186,0.1088938540446602,0.10530196047843249,0.10782371461391449,810024000,0.0,0.0
2004-09-17 00:00:00-04:00,0.10866460368072728,0.11286721967171572,0.10774760096080517,0.1122564971446991,1003800000,0.0,0.0
2004-09-20 00:00:00-04:00,0.11004008318826586,0.11531284456167325,0.10866458616232283,0.11210333555936813,794628000,0.0,0.0
2004-09-21 00:00:00-04:00,0.11462511051200393,0.11600060779349208,0.11324960639832678,0.11508360505104065,503904000,0.0,0.0
2004-09-22 00:00:00-04:00,0.11202725142311253,0.11477825295633848,0.10919922378729803,0.10973475128412247,625920000,0.0,0.0
2004-09-23 00:00:00-04:00,0.11103323432746921,0.11133951457580751,0.10782373105905155,0.11072787642478943,578664000,0.0,0.0
2004-09-24 00:00:00-04:00,0.1111863532909748,0.11133948996519942,0.10576045460448702,0.1073652058839798,476316000,0.0,0.0
2004-09-27 00:00:00-04:00,0.10652526251055416,0.10774762333168028,0.10354500646813229,0.10545512288808823,406020000,0.0,0.0
2004-09-28 00:00:00-04:00,0.10522582673673736,0.10790071696830078,0.10377421918363094,0.1069837212562561,474840000,0.0,0.0
2004-09-29 00:00:00-04:00,0.10690672100179574,0.11263797840585392,0.10553122359742313,0.1095816120505333,537228000,0.0,0.0
2004-09-30 00:00:00-04:00,0.1108039419898553,0.11347883213091424,0.10874068975123642,0.1109570786356926,619680000,0.0,0.0
2004-10-01 00:00:00-04:00,0.11149171164967689,0.11615373751689907,0.110957099725091,0.11554210633039474,590412000,0.0,0.0
2004-10-04 00:00:00-04:00,0.11653523762662688,0.12035637197831331,0.1163059903353822,0.11882773786783218,673932000,0.0,0.0
2004-10-05 00:00:00-04:00,0.11592446238977187,0.11898082755405216,0.115083570485283,0.11615370959043503,633180000,0.0,0.0
2004-10-06 00:00:00-04:00,0.11592449267664318,0.11714685322622899,0.11324960197143617,0.11661224812269211,498504000,0.0,0.0
2004-10-07 00:00:00-04:00,0.11875158895126173,0.12142647231909709,0.11668833666716164,0.11729998141527176,798072000,0.0,0.0
2004-10-08 00:00:00-04:00,0.11607671578021769,0.11653522397336753,0.10988696448771627,0.11088099330663681,693420000,0.0,0.0
2004-10-11 00:00:00-04:00,0.11103320121765137,0.11324959034195668,0.10904698167574554,0.11103320121765137,373848000,0.0,0.0
2004-10-12 00:00:00-04:00,0.10728908011589686,0.11026933499830027,0.10553119241102214,0.10942844301462173,827232000,0.0,0.0
2004-10-13 00:00:00-04:00,0.11271499468713454,0.11416660938937022,0.10782371442817451,0.10874071717262268,672816000,0.0,0.0
2004-10-14 00:00:00-04:00,0.10973476586445914,0.10973476586445914,0.10469125668992832,0.10545512288808823,513264000,0.0,0.0
2004-10-15 00:00:00-04:00,0.10568436100990819,0.10583750454093503,0.09995310356709278,0.10255096852779388,1280484000,0.0,0.0
2004-10-18 00:00:00-04:00,0.10194021629173798,0.10545508306119769,0.10109933113051986,0.10438494384288788,573972000,0.0,0.0
2004-10-19 00:00:00-04:00,0.10675448453066716,0.10782370838632878,0.10293334391472504,0.10369720309972763,618480000,0.0,0.0
2004-10-20 00:00:00-04:00,0.1033918728052312,0.10537901539661522,0.10278023461988317,0.10492051392793655,540204000,0.0,0.0
2004-10-21 00:00:00-04:00,0.1059896968352508,0.10866458717294449,0.10514972033976427,0.10728908330202103,1013964000,0.0,0.0
2004-10-22 00:00:00-04:00,0.10828221657507406,0.10851146384673169,0.10117546233522998,0.10148173570632935,686460000,0.0,0.0
2004-10-25 00:00:00-04:00,0.10064083556747037,0.10415569570447542,0.10041158149735124,0.10194022208452225,529164000,0.0,0.0
2004-10-26 00:00:00-04:00,0.11195023721335713,0.11607673653547265,0.1082822325019955,0.11072787642478943,2455776000,0.0,0.0
2004-10-27 00:00:00-04:00,0.10874072213470402,0.11584747664800182,0.10874072213470402,0.11378422379493713,1074036000,0.0,0.0
2004-10-28 00:00:00-04:00,0.11225648647092351,0.11462509679685122,0.11149170499077532,0.11256184428930283,561552000,0.0,0.0
2004-10-29 00:00:00-04:00,0.11149173260043498,0.11302037359387804,0.10958161628566551,0.11057472974061966,742860000,0.0,0.0
2004-11-01 00:00:00-05:00,0.11210335320524784,0.11302035592167789,0.11065174537955363,0.11294424533843994,653892000,0.0,0.0
2004-11-02 00:00:00-05:00,0.11263794991869104,0.11691759141162941,0.11172094732623453,0.11454898118972778,1095756000,0.0,0.0
2004-11-03 00:00:00-05:00,0.11921012347201607,0.11959252113145212,0.1150075069225734,0.11561823636293411,910356000,0.0,0.0
2004-11-04 00:00:00-05:00,0.11645909621920411,0.119210090314992,0.11401345309428697,0.11775848269462585,995544000,0.0,0.0
2004-11-05 00:00:00-05:00,0.13602148334387035,0.1434345173305407,0.13327048892461682,0.13479912281036377,3849012000,0.0,0.0
2004-11-08 00:00:00-05:00,0.13334748950039774,0.13808470956501204,0.13273584476186853,0.13625070452690125,718620000,0.0,0.0
2004-11-09 00:00:00-05:00,0.13418746626810413,0.13739696858729555,0.1341113556933114,0.13541075587272644,615936000,0.0,0.0
2004-11-10 00:00:00-05:00,0.13525760554556718,0.13670922687456774,0.1346459744076321,0.13541075587272644,645912000,0.0,0.0
2004-11-11 00:00:00-05:00,0.136250763418145,0.1380847692489624,0.13533376050273627,0.1380847692489624,507000000,0.0,0.0
2004-11-12 00:00:00-05:00,0.14022507076248067,0.14060653933529094,0.1369385407558475,0.13831403851509094,647076000,0.0,0.0
2004-11-15 00:00:00-05:00,0.1369385030115132,0.14137128220644027,0.13609852630755592,0.1403772532939911,536472000,0.0,0.0
2004-11-16 00:00:00-05:00,0.140835777277112,0.14236441152324475,0.13732090234640237,0.13991877436637878,472728000,0.0,0.0
2004-11-17 00:00:00-05:00,0.1421351160509613,0.1460323736849456,0.14075961898312161,0.14228825271129608,602772000,0.0,0.0
2004-11-18 00:00:00-05:00,0.1435106575502963,0.14534466331814894,0.14053040159363078,0.14412230253219604,532524000,0.0,0.0
2004-11-19 00:00:00-05:00,0.15512630675798603,0.1568832863806584,0.1437399020266782,0.14488616585731506,2126052000,0.0,0.0
2004-11-22 00:00:00-05:00,0.14542072426836836,0.14901261031627655,0.14404522724426633,0.14901261031627655,733788000,0.0,0.0
2004-11-23 00:00:00-05:00,0.14779026781748583,0.15122903129009718,0.1465669917877846,0.1496242731809616,676896000,0.0,0.0
2004-11-24 00:00:00-05:00,0.1494710719898028,0.1526805731583589,0.14908867456216054,0.15023493766784668,428580000,0.0,0.0
2004-11-26 00:00:00-05:00,0.15092274081149581,0.1531391300523894,0.14962426974452284,0.15176363289356232,350760000,0.0,0.0
2004-11-29 00:00:00-05:00,0.15290990643334296,0.1539800459298592,0.14748401387377463,0.14878340065479279,704388000,0.0,0.0
2004-11-30 00:00:00-05:00,0.14939500450359106,0.1495472256424798,0.14534461042913835,0.146185502409935,576540000,0.0,0.0
2004-12-01 00:00:00-05:00,0.14748398680217453,0.14985351264476776,0.14641476301530607,0.14985351264476776,514572000,0.0,0.0
2004-12-02 00:00:00-05:00,0.14840099819257682,0.1529859979690617,0.1472547482484556,0.1518397480249405,758652000,0.0,0.0
2004-12-03 00:00:00-05:00,0.15550770163719466,0.16047509762030226,0.1549730966938666,0.15841184556484222,1347312000,0.0,0.0
2004-12-06 00:00:00-05:00,0.1591757751932896,0.16727656554428835,0.156348656204607,0.16597716510295868,970500000,0.0,0.0
2004-12-07 00:00:00-05:00,0.1756817857376081,0.19073620094113922,0.1722430354652718,0.17430628836154938,2927052000,0.0,0.0
2004-12-08 00:00:00-05:00,0.17675191563558248,0.17957902060618755,0.1749940208466141,0.17636951804161072,872724000,0.0,0.0
2004-12-09 00:00:00-05:00,0.17323702055275667,0.17659874387069271,0.16987438172166403,0.1747647523880005,869964000,0.0,0.0
2004-12-10 00:00:00-05:00,0.17881519465049645,0.1800375691091907,0.1770573131321397,0.1781274527311325,652848000,0.0,0.0
2004-12-13 00:00:00-05:00,0.1754525596880942,0.17774506014712277,0.17239619302576228,0.17323708534240723,738024000,0.0,0.0
2004-12-14 00:00:00-05:00,0.1733892734304045,0.1769050632252685,0.17308391557584857,0.17675192654132843,512988000,0.0,0.0
2004-12-15 00:00:00-05:00,0.17850979906908837,0.1788912811547267,0.17575880464351276,0.17835666239261627,432768000,0.0,0.0
2004-12-16 00:00:00-05:00,0.18355334097981263,0.18997234737789842,0.18041994837642739,0.1807253062725067,1524036000,0.0,0.0
2004-12-17 00:00:00-05:00,0.18408788471039303,0.18485175061664497,0.17415402053404697,0.17621727287769318,1214244000,0.0,0.0
2004-12-20 00:00:00-05:00,0.1782805729728433,0.1810315813893397,0.17338928555605057,0.17430628836154938,898728000,0.0,0.0
2004-12-21 00:00:00-05:00,0.1743062532913374,0.17682801391517858,0.17002752717839575,0.1756056398153305,899400000,0.0,0.0
2004-12-22 00:00:00-05:00,0.17912052215434618,0.1799614142400202,0.17545251149590213,0.17583490908145905,421824000,0.0,0.0
2004-12-23 00:00:00-05:00,0.17484178039363094,0.17828052983388493,0.17400088838223535,0.17629338800907135,366972000,0.0,0.0
2004-12-27 00:00:00-05:00,0.17873902232958425,0.17950288824720617,0.17384774981446666,0.1747647523880005,308208000,0.0,0.0
2004-12-28 00:00:00-05:00,0.17514716631121172,0.17652266357524035,0.17316002416741144,0.17384777963161469,291612000,0.0,0.0
2004-12-29 00:00:00-05:00,0.17331317723060272,0.17751579366871612,0.1728546826540503,0.17537643015384674,294732000,0.0,0.0
2004-12-30 00:00:00-05:00,0.17545253438888575,0.17690507149970175,0.17392481586694747,0.1746886819601059,259812000,0.0,0.0
2004-12-31 00:00:00-05:00,0.17721040964938073,0.18095451729428777,0.17652265422162042,0.18003752827644348,575964000,0.0,0.0
2005-01-03 00:00:00-05:00,0.1863042686529693,0.18890212575359303,0.17942675697704719,0.18019062280654907,1066716000,0.0,0.0
2005-01-04 00:00:00-05:00,0.18149003348317091,0.18179539128761418,0.16895738234405322,0.1717083901166916,790224000,0.0,0.0
2005-01-05 00:00:00-05:00,0.16987443508982772,0.17537643859517807,0.16895743222820606,0.1733131855726242,724812000,0.0,0.0
2005-01-06 00:00:00-05:00,0.17636957185738866,0.17843282511163414,0.17040907308408726,0.17163234949111938,563568000,0.0,0.0
2005-01-07 00:00:00-05:00,0.17201377648884258,0.17331316318595613,0.16582401822070522,0.16834577918052673,763092000,0.0,0.0
2005-01-10 00:00:00-05:00,0.16888130947207788,0.17040904167726853,0.16773505939368513,0.16872817277908325,579552000,0.0,0.0
2005-01-11 00:00:00-05:00,0.1671233986092911,0.1680404013178498,0.16100976482176513,0.16353151202201843,1093380000,0.0,0.0
2005-01-12 00:00:00-05:00,0.16498399072329858,0.1655947199097445,0.15818260332791395,0.16215597093105316,1057800000,0.0,0.0
2005-01-13 00:00:00-05:00,0.1625383890176219,0.16811650185383462,0.15894650264499946,0.16383777558803558,898764000,0.0,0.0
2005-01-14 00:00:00-05:00,0.16689411631797693,0.16727651384159697,0.16276761182778487,0.16437236964702606,573912000,0.0,0.0
2005-01-18 00:00:00-05:00,0.16253844805063192,0.1673527103152835,0.16215606399509747,0.16697031259536743,464556000,0.0,0.0
2005-01-19 00:00:00-05:00,0.16773505745725628,0.16811652591527151,0.16246230169176978,0.16315005719661713,336492000,0.0,0.0
2005-01-20 00:00:00-05:00,0.15986351485216113,0.16750579621317457,0.15986351485216113,0.16353151202201843,640080000,0.0,0.0
2005-01-21 00:00:00-05:00,0.1637607494967626,0.1670472780440032,0.1632261444240352,0.16383777558803558,596352000,0.0,0.0
2005-01-24 00:00:00-05:00,0.1629207550387113,0.16528936496012478,0.15634860106620474,0.15726560354232788,463704000,0.0,0.0
2005-01-25 00:00:00-05:00,0.15795338847812598,0.16223303023182642,0.15703638582979576,0.16001664102077484,439704000,0.0,0.0
2005-01-26 00:00:00-05:00,0.1605512382039988,0.16429627470417907,0.15787727014554803,0.16207988560199738,429120000,0.0,0.0
2005-01-27 00:00:00-05:00,0.16238525674506119,0.17583491176147206,0.16139214348637648,0.17507104575634003,1002912000,0.0,0.0
2005-01-28 00:00:00-05:00,0.17575880901197685,0.17644655080327584,0.1710206587344837,0.17484180629253387,671052000,0.0,0.0
2005-01-31 00:00:00-05:00,0.17629342584832614,0.17843278927675613,0.17270153897952245,0.1751471757888794,562968000,0.0,0.0
2005-02-01 00:00:00-05:00,0.17499401295816647,0.17919754411192454,0.17392478916035153,0.17843276262283325,507180000,0.0,0.0
2005-02-02 00:00:00-05:00,0.18546340118062643,0.18981915322797185,0.18019064654472788,0.1883675456047058,2035404000,0.0,0.0
2005-02-03 00:00:00-05:00,0.18638044595718384,0.1876798327293231,0.18378257426190536,0.18638044595718384,690120000,0.0,0.0
2005-02-04 00:00:00-05:00,0.18645658280832744,0.19761372729751683,0.18638047220775553,0.1970791220664978,806448000,0.0,0.0
2005-02-07 00:00:00-05:00,0.19730834152235302,0.20097633904116138,0.1929525884906024,0.19470955431461334,521628000,0.0,0.0
2005-02-08 00:00:00-05:00,0.1934871325556406,0.19975299979046182,0.19287550149001523,0.19662052392959595,455772000,0.0,0.0
2005-02-09 00:00:00-05:00,0.19715517506621497,0.19776680623261955,0.1887490281444095,0.1897430568933487,783756000,0.0,0.0
2005-02-10 00:00:00-05:00,0.19073618054861746,0.19516804374325133,0.19004842510192987,0.19417493045330048,602376000,0.0,0.0
2005-02-11 00:00:00-05:00,0.19295258470226073,0.20128170662634823,0.19226482920282154,0.1998300850391388,556512000,0.0,0.0
2005-02-14 00:00:00-05:00,0.19975301697076706,0.2005177984112227,0.19486265990692614,0.19562651216983795,432900000,0.0,0.0
2005-02-15 00:00:00-05:00,0.19692595230585225,0.20365031590578123,0.19662058077692024,0.19738444685935974,748500000,0.0,0.0
2005-02-16 00:00:00-05:00,0.19677277944238958,0.1996008135342064,0.19318180853314318,0.1966966688632965,466464000,0.0,0.0
2005-02-17 00:00:00-05:00,0.1993716029048625,0.1994477134979358,0.1934110913100116,0.19493882358074188,1017408000,0.0,0.0
2005-02-18 00:00:00-05:00,0.2099171341903443,0.21625911484345317,0.20410884325092996,0.21602986752986908,3132120000,0.0,0.0
2005-02-22 00:00:00-05:00,0.21457819960251015,0.22382432373815267,0.21266808357557015,0.21878081560134888,1420800000,0.0,0.0
2005-02-23 00:00:00-05:00,0.21526601032633547,0.2179408949299317,0.20815924765738647,0.21167410910129547,1107840000,0.0,0.0
2005-02-24 00:00:00-05:00,0.20877083117788742,0.21755844678752384,0.20877083117788742,0.21725308895111084,695496000,0.0,0.0
2005-02-25 00:00:00-05:00,0.21755844770049054,0.2215318163011212,0.2151898372247388,0.2203855663537979,525132000,0.0,0.0
2005-02-28 00:00:00-05:00,0.2193163494074373,0.22160884937427794,0.21740531787140926,0.22153182327747345,758064000,0.0,0.0
2005-03-01 00:00:00-05:00,0.22252587698136114,0.2261938746056624,0.21878083958726158,0.22099722921848297,737148000,0.0,0.0
2005-03-02 00:00:00-05:00,0.2185515604469882,0.21977483648574986,0.21320269465530237,0.21450208127498627,947460000,0.0,0.0
2005-03-03 00:00:00-05:00,0.2139666036793218,0.21534210115642424,0.20846458644215207,0.2115979790687561,761292000,0.0,0.0
2005-03-04 00:00:00-05:00,0.21220961059618415,0.2140436162256919,0.2089230814719389,0.2106809765100479,593124000,0.0,0.0
2005-03-07 00:00:00-05:00,0.21159791620992352,0.21725306847303089,0.21014630856782462,0.21282027661800385,511176000,0.0,0.0
2005-03-08 00:00:00-05:00,0.21228571350671985,0.21274420806531813,0.20067006254294426,0.20204555988311768,1332384000,0.0,0.0
2005-03-09 00:00:00-05:00,0.20074706809545556,0.20449118942713362,0.19616206832130248,0.19677278399467468,910140000,0.0,0.0
2005-03-10 00:00:00-05:00,0.19738442427925929,0.1991423190331491,0.19356327694185796,0.1966966688632965,689280000,0.0,0.0
2005-03-11 00:00:00-05:00,0.19845461423735697,0.19875997214486688,0.19050695970571024,0.1922648549079895,732180000,0.0,0.0
2005-03-14 00:00:00-05:00,0.19623819356584984,0.19853069362423104,0.19486269626369676,0.19768980145454407,572148000,0.0,0.0
2005-03-15 00:00:00-05:00,0.1986838357375138,0.2005939518886842,0.1935633011707055,0.19371645152568817,378108000,0.0,0.0
2005-03-16 00:00:00-05:00,0.19295253569935678,0.19600890112321437,0.19035374920263742,0.19043077528476715,535356000,0.0,0.0
2005-03-17 00:00:00-05:00,0.1910415077591748,0.1917292630955837,0.18806125285390327,0.18851976096630096,442584000,0.0,0.0
2005-03-18 00:00:00-05:00,0.18867299486066613,0.18928462627764076,0.18126087365123977,0.1846996247768402,639012000,0.0,0.0
2005-03-21 00:00:00-05:00,0.18462256740180377,0.19150006848881862,0.18347631722063465,0.19104157388210297,654456000,0.0,0.0
2005-03-22 00:00:00-05:00,0.19119464441464148,0.1929525389652085,0.18691500307117762,0.18760275840759277,622992000,0.0,0.0
2005-03-23 00:00:00-05:00,0.187373549817437,0.19295257874938532,0.1869920677098122,0.19165319204330444,728784000,0.0,0.0
2005-03-24 00:00:00-05:00,0.19218779190849672,0.19738443674154807,0.1918824340595956,0.19203557074069977,865356000,0.0,0.0
2005-03-28 00:00:00-05:00,0.19211169157035493,0.19486269989023763,0.18806129651067777,0.18989530205726624,511188000,0.0,0.0
2005-03-29 00:00:00-05:00,0.18966603653731196,0.19180631525658376,0.18485177585666387,0.1856926679611206,587400000,0.0,0.0
2005-03-30 00:00:00-05:00,0.18576877854175766,0.1883675654357649,0.17934977341047828,0.1856926679611206,858708000,0.0,0.0
2005-03-31 00:00:00-05:00,0.18462249950460008,0.18592188591462916,0.18072524212326152,0.18156613409519196,518316000,0.0,0.0
2005-04-01 00:00:00-05:00,0.1837825124417858,0.18485173605794908,0.1787390055918293,0.17980822920799255,510756000,0.0,0.0
2005-04-04 00:00:00-04:00,0.17881515166937784,0.17934977041582367,0.17476477073128893,0.1787390410900116,421428000,0.0,0.0
2005-04-05 00:00:00-04:00,0.17881514215663874,0.18255926321595178,0.1745355005304931,0.1756056398153305,430128000,0.0,0.0
2005-04-06 00:00:00-04:00,0.17889126163715122,0.18187150299564195,0.17766888756982294,0.1782805323600769,567468000,0.0,0.0
2005-04-07 00:00:00-04:00,0.1791975240073068,0.18340013917633655,0.17614024308477497,0.18156613409519196,506352000,0.0,0.0
2005-04-08 00:00:00-04:00,0.1823300262492161,0.1863804208644041,0.17881515223103178,0.1791975498199463,621540000,0.0,0.0
2005-04-11 00:00:00-04:00,0.18049598479670576,0.18110762951533568,0.17514712016758283,0.1756817251443863,328380000,0.0,0.0
2005-04-12 00:00:00-04:00,0.1751471559822086,0.17812741126549675,0.17124989802218743,0.1778220534324646,512232000,0.0,0.0
2005-04-13 00:00:00-04:00,0.17805133618348565,0.1785098307810733,0.16926278974134304,0.17040905356407166,498408000,0.0,0.0
2005-04-14 00:00:00-04:00,0.17079143739768365,0.17239618215203364,0.16842282648821047,0.16903354227542877,352080000,0.0,0.0
2005-04-15 00:00:00-04:00,0.16689416526118223,0.16811652591527151,0.16162140949569573,0.16315005719661713,630156000,0.0,0.0
2005-04-18 00:00:00-04:00,0.16215600652919368,0.16567178235474586,0.16123900386735812,0.1620037853717804,473100000,0.0,0.0
2005-04-19 00:00:00-04:00,0.1646777460856013,0.16888127713178883,0.16391388012928415,0.1676580011844635,365460000,0.0,0.0
2005-04-20 00:00:00-04:00,0.17048603135607301,0.1715552551028394,0.16238524277049393,0.16253837943077087,564672000,0.0,0.0
2005-04-21 00:00:00-04:00,0.16582398819221716,0.17216688199598323,0.16437238058705492,0.17155525088310242,538152000,0.0,0.0
2005-04-22 00:00:00-04:00,0.17048603435883955,0.17163228421252463,0.1679642737492315,0.16995050013065338,336276000,0.0,0.0
2005-04-25 00:00:00-04:00,0.171403061871597,0.17392480918312214,0.17056216970851865,0.17262542247772217,318168000,0.0,0.0
2005-04-26 00:00:00-04:00,0.17270155078972596,0.17629343790416102,0.16834579753308426,0.17186157405376434,353148000,0.0,0.0
2005-04-27 00:00:00-04:00,0.16735263953852977,0.1679642706660001,0.16185062394458768,0.16528938710689545,609348000,0.0,0.0
2005-04-28 00:00:00-04:00,0.16475480190596262,0.1680404154118879,0.1631500572796734,0.1658240258693695,372948000,0.0,0.0
2005-04-29 00:00:00-04:00,0.16742880894375728,0.1687281958931476,0.15986355192424953,0.1675819456577301,478356000,0.0,0.0
2005-05-02 00:00:00-04:00,0.16956910034443587,0.17147921692373297,0.16444856462992904,0.16697031259536743,334908000,0.0,0.0
2005-05-03 00:00:00-04:00,0.16712341975676964,0.17017978611282242,0.16536553836417542,0.16605328023433685,439512000,0.0,0.0
2005-05-04 00:00:00-04:00,0.16681803771908485,0.172549301126813,0.16628251711089834,0.17132601141929626,468816000,0.0,0.0
2005-05-05 00:00:00-04:00,0.1723200575783957,0.17682804539746685,0.17140306845851308,0.1746886819601059,619272000,0.0,0.0
2005-05-06 00:00:00-04:00,0.17675192328757802,0.17713430723372695,0.17270152844347209,0.17705728113651276,355728000,0.0,0.0
2005-05-09 00:00:00-04:00,0.1778220448514179,0.18156615229323914,0.17675190555318002,0.18034379184246063,745332000,0.0,0.0
2005-05-10 00:00:00-04:00,0.17805133658475436,0.1781274471800431,0.17132604314535912,0.1733131855726242,735120000,0.0,0.0
2005-05-11 00:00:00-04:00,0.1742301880415888,0.17499405419746725,0.17010368200578088,0.17040905356407166,555420000,0.0,0.0
2005-05-12 00:00:00-04:00,0.17040907837462335,0.1764466034527489,0.17025684349784467,0.1741541028022766,835584000,0.0,0.0
2005-05-13 00:00:00-04:00,0.18989532923941424,0.1946334668090085,0.18187156407282942,0.1935633271932602,2650320000,0.0,0.0
2005-05-16 00:00:00-04:00,0.19127089283954846,0.19555053726747926,0.19119478221440334,0.194251149892807,664104000,0.0,0.0
2005-05-17 00:00:00-04:00,0.19310487353188907,0.19730840677413786,0.1929526523018974,0.19639140367507935,639804000,0.0,0.0
2005-05-18 00:00:00-04:00,0.19593283822892205,0.19830144890433954,0.19386958541693958,0.19784294068813324,550056000,0.0,0.0
2005-05-19 00:00:00-04:00,0.19830148412291695,0.1991423764527736,0.19524511741256484,0.1974605917930603,452880000,0.0,0.0
2005-05-20 00:00:00-04:00,0.19723125979239683,0.2010523929265288,0.19493876028166673,0.20097628235816956,517008000,0.0,0.0
2005-05-23 00:00:00-04:00,0.20235179759220487,0.20770066262248424,0.20174015282770258,0.20563741028308868,703668000,0.0,0.0
2005-05-24 00:00:00-04:00,0.20464431431184177,0.20930542439830596,0.2036502855872807,0.20854157209396362,522192000,0.0,0.0
2005-05-25 00:00:00-04:00,0.2080830386560665,0.20915226231393616,0.2038795080524873,0.20586664974689484,535272000,0.0,0.0
2005-05-26 00:00:00-04:00,0.20770075301104576,0.21327886769225027,0.20731835530353415,0.21167410910129547,788784000,0.0,0.0
2005-05-27 00:00:00-04:00,0.2122857252754595,0.2122857252754595,0.2080831087689302,0.2102985829114914,322740000,0.0,0.0
2005-05-31 00:00:00-04:00,0.2093815063422905,0.2111394007951819,0.20365025773853265,0.20708900690078735,763176000,0.0,0.0
2005-06-01 00:00:00-04:00,0.205713566787182,0.21282031428586204,0.20326884553832106,0.2090000957250595,796632000,0.0,0.0
2005-06-02 00:00:00-04:00,0.2082353106886289,0.21679459512233734,0.2082353106886289,0.21679459512233734,684348000,0.0,0.0
2005-06-03 00:00:00-04:00,0.2160298299176822,0.21801695845831995,0.21396657712588993,0.21625907719135284,559620000,0.0,0.0
2005-06-06 00:00:00-04:00,0.2123618565688539,0.21656538899854863,0.21220963536828696,0.2141958624124527,512892000,0.0,0.0
2005-06-07 00:00:00-04:00,0.21274420369877925,0.21625907806228342,0.20823531413647128,0.2090000957250595,974136000,0.0,0.0
2005-06-08 00:00:00-04:00,0.20953467372433032,0.2124388183239848,0.20533207174570509,0.20754754543304443,618720000,0.0,0.0
2005-06-09 00:00:00-04:00,0.20594281323239153,0.21633610329147093,0.2057135659587209,0.21625907719135284,619908000,0.0,0.0
2005-06-10 00:00:00-04:00,0.2160298507266971,0.2162590980224499,0.21236183933713368,0.2138143628835678,465096000,0.0,0.0
2005-06-13 00:00:00-04:00,0.2139665322644503,0.22458906737001927,0.21335580300722723,0.21855153143405914,1409916000,0.0,0.0
2005-06-14 00:00:00-04:00,0.21862855541958903,0.22221952590396582,0.19875989793031176,0.20563741028308868,2408412000,0.0,0.0
2005-06-15 00:00:00-04:00,0.20433803669805664,0.20594279479886896,0.19692593203099285,0.2050257921218872,1669788000,0.0,0.0
2005-06-16 00:00:00-04:00,0.20494969878875413,0.2074714461143801,0.20196944325386462,0.20609594881534576,489240000,0.0,0.0
2005-06-17 00:00:00-04:00,0.2086176651804795,0.20900004905720154,0.20510279160181547,0.20563741028308868,456348000,0.0,0.0
2005-06-20 00:00:00-04:00,0.20563743453863031,0.2101463236259802,0.20227479536788423,0.20877082645893097,606060000,0.0,0.0
2005-06-21 00:00:00-04:00,0.21014634734792542,0.2117511056109468,0.20815920511991406,0.2107570767402649,428172000,0.0,0.0
2005-06-22 00:00:00-04:00,0.2129734125996656,0.21442502014400308,0.20792990546904316,0.21052776277065277,700668000,0.0,0.0
2005-06-23 00:00:00-04:00,0.21014636515838395,0.21641223472409513,0.2093815834992083,0.2138143628835678,836976000,0.0,0.0
2005-06-24 00:00:00-04:00,0.21343191089302022,0.21350802146288123,0.2058666568925883,0.20701290667057037,475632000,0.0,0.0
2005-06-27 00:00:00-04:00,0.20571359870165093,0.20739536964952512,0.2034981243836745,0.20533213019371033,354588000,0.0,0.0
2005-06-28 00:00:00-04:00,0.20617204958805857,0.208006055009059,0.20387954964399682,0.20663055777549744,262308000,0.0,0.0
2005-06-29 00:00:00-04:00,0.20670757958528316,0.20708904800439532,0.20303956881934157,0.20472043752670288,283572000,0.0,0.0
2005-06-30 00:00:00-04:00,0.20609595966291513,0.20800607585811787,0.20258109881177191,0.2041858434677124,593232000,0.0,0.0
2005-07-01 00:00:00-04:00,0.20349810137238689,0.20540821756532,0.20097634025264982,0.2051028460264206,315168000,0.0,0.0
2005-07-05 00:00:00-04:00,0.20586669595725599,0.20915230926181036,0.2038795538167998,0.20831233263015747,388440000,0.0,0.0
2005-07-06 00:00:00-04:00,0.20900010609681266,0.21480746715882762,0.20663057980409982,0.21389047801494598,703632000,0.0,0.0
2005-07-07 00:00:00-04:00,0.21052774803786667,0.21396651073341258,0.2098400064302567,0.21236175298690796,465900000,0.0,0.0
2005-07-08 00:00:00-04:00,0.21366122385035569,0.21572447681837506,0.21091022900258277,0.21503673493862152,408132000,0.0,0.0
2005-07-11 00:00:00-04:00,0.21694680633313523,0.22046259599034929,0.21602981729204515,0.2182462066411972,399492000,0.0,0.0
2005-07-12 00:00:00-04:00,0.21809307468434766,0.2187047195987769,0.21259107165209526,0.21702386438846588,564252000,0.0,0.0
2005-07-13 00:00:00-04:00,0.21794086516758684,0.21855159460132711,0.21366122255747047,0.2173292338848114,594780000,0.0,0.0
2005-07-14 00:00:00-04:00,0.2196216918570484,0.22390133364337297,0.207395313176355,0.2077006846666336,1871496000,0.0,0.0
2005-07-15 00:00:00-04:00,0.20708906031015764,0.20770070520004394,0.2018933308680979,0.2054843157529831,1223352000,0.0,0.0
2005-07-18 00:00:00-04:00,0.20487359865039093,0.20494970924064096,0.1983014560144907,0.20036470890045166,1044900000,0.0,0.0
2005-07-19 00:00:00-04:00,0.20158711199417514,0.20357425470802523,0.20005939312302795,0.20311574637889862,517896000,0.0,0.0
2005-07-20 00:00:00-04:00,0.20074704353911474,0.2070129112472306,0.19799604947688854,0.20617201924324036,526500000,0.0,0.0
2005-07-21 00:00:00-04:00,0.2034980850892357,0.20441508781718506,0.19845457691770296,0.20265719294548035,594528000,0.0,0.0
2005-07-22 00:00:00-04:00,0.20365031590578123,0.2065544609089153,0.195932838946659,0.19738444685935974,699264000,0.0,0.0
2005-07-25 00:00:00-04:00,0.19509195351950284,0.2046443518655853,0.1942510613067875,0.19853070378303528,974952000,0.0,0.0
2005-07-26 00:00:00-04:00,0.19768979535814168,0.2029625507955673,0.19692594297626892,0.20265719294548035,759492000,0.0,0.0
2005-07-27 00:00:00-04:00,0.20296254944109077,0.20770069973091637,0.1995237994825125,0.2067836970090866,807828000,0.0,0.0
2005-07-28 00:00:00-04:00,0.20640123178238318,0.20938148623590055,0.20357412762374816,0.20838837325572968,411240000,0.0,0.0
2005-07-29 00:00:00-04:00,0.20754756305023947,0.20976395243893886,0.20510282824610404,0.2067836970090866,351660000,0.0,0.0
2005-08-01 00:00:00-04:00,0.20800603712867968,0.21083407111311916,0.20663054001335707,0.2099170684814453,389040000,0.0,0.0
2005-08-02 00:00:00-04:00,0.21014631878491427,0.21343193178765632,0.20984004544920987,0.21274417638778687,422652000,0.0,0.0
2005-08-03 00:00:00-04:00,0.21274417638778687,0.2147313183457066,0.21083407418478373,0.21274417638778687,518256000,0.0,0.0
2005-08-04 00:00:00-04:00,0.21113940752228016,0.2120564100609729,0.2100692683334939,0.21052776277065277,356424000,0.0,0.0
2005-08-05 00:00:00-04:00,0.2102224095202316,0.21633605597157413,0.20877080194456812,0.21587754786014557,684096000,0.0,0.0
2005-08-08 00:00:00-04:00,0.21732924125436331,0.22137963670996308,0.21511285152462448,0.21664148569107056,725544000,0.0,0.0
2005-08-09 00:00:00-04:00,0.2169468098878331,0.21748234417714676,0.21373730719829734,0.2161068469285965,291900000,0.0,0.0
2005-08-10 00:00:00-04:00,0.21702385085668827,0.21809306108590312,0.2106809560258978,0.21289734542369843,440556000,0.0,0.0
2005-08-11 00:00:00-04:00,0.2128973066255487,0.21625902988830417,0.21083405428505841,0.21587754786014557,701556000,0.0,0.0
2005-08-12 00:00:00-04:00,0.2285624573376573,0.23085495727921565,0.22076795480348338,0.22886782884597778,2295420000,0.0,0.0
2005-08-15 00:00:00-04:00,0.22963263000242554,0.23704476333519012,0.22672849843884368,0.23467615246772766,882804000,0.0,0.0
2005-08-16 00:00:00-04:00,0.2324597137827266,0.23452295266266424,0.2290209504326185,0.23070181906223297,637488000,0.0,0.0
2005-08-17 00:00:00-04:00,0.22970869217113885,0.2335298531003233,0.22955556916698913,0.23070181906223297,607572000,0.0,0.0
2005-08-18 00:00:00-04:00,0.22894484108327004,0.23009107732028689,0.2237481966491647,0.22474130988121033,822732000,0.0,0.0
2005-08-19 00:00:00-04:00,0.22512368613730854,0.22581144152049193,0.2224488025087929,0.2231365442276001,422232000,0.0,0.0
2005-08-22 00:00:00-04:00,0.22275506096709682,0.22634603146547794,0.21870466684259768,0.22130252420902252,547224000,0.0,0.0
2005-08-23 00:00:00-04:00,0.22107336435977676,0.22390139924574776,0.2203095118145966,0.22275514900684357,254460000,0.0,0.0
2005-08-24 00:00:00-04:00,0.22130260587738312,0.2276455019143726,0.22023339544484152,0.22290736436843872,514620000,0.0,0.0
2005-08-25 00:00:00-04:00,0.22390133530725412,0.22565831453954785,0.2219903038910072,0.2244359403848648,296484000,0.0,0.0
2005-08-26 00:00:00-04:00,0.22466524050716338,0.22466524050716338,0.21885786569268073,0.22099722921848297,323436000,0.0,0.0
2005-08-29 00:00:00-04:00,0.21893391333058923,0.22160881043592276,0.21717603244811842,0.22137956321239471,343392000,0.0,0.0
2005-08-30 00:00:00-04:00,0.22099720139617485,0.2298618569560243,0.22069184355315566,0.22932632267475128,948852000,0.0,0.0
2005-08-31 00:00:00-04:00,0.2287916996860639,0.23735005389182687,0.22810394429368921,0.23444683849811554,906804000,0.0,0.0
2005-09-01 00:00:00-04:00,0.2337590579405475,0.23666227302171491,0.23253579576920586,0.23452292382717133,556884000,0.0,0.0
2005-09-02 00:00:00-04:00,0.23498144715501113,0.23498144715501113,0.2299379530816889,0.23070181906223297,469800000,0.0,0.0
2005-09-06 00:00:00-04:00,0.23154273857659707,0.23383523877408752,0.22802787768920188,0.23261287808418274,423096000,0.0,0.0
2005-09-07 00:00:00-04:00,0.232306621548782,0.24063664623584735,0.23169590574840326,0.24002502858638763,588012000,0.0,0.0
2005-09-08 00:00:00-04:00,0.2385733652216387,0.2458323472080855,0.2385733652216387,0.2428520917892456,646116000,0.0,0.0
2005-09-09 00:00:00-04:00,0.2454507986911939,0.24652003595147307,0.2414765155326994,0.24598540365695953,454236000,0.0,0.0
2005-09-12 00:00:00-04:00,0.24621473012954515,0.24697859616470422,0.24224137508973215,0.24514459073543549,556584000,0.0,0.0
2005-09-13 00:00:00-04:00,0.24399832203548777,0.25377996597148156,0.24399832203548777,0.2525576055049896,854724000,0.0,0.0
2005-09-14 00:00:00-04:00,0.25064655419613663,0.25400919283592244,0.24835402739616497,0.2495003044605255,503448000,0.0,0.0
2005-09-15 00:00:00-04:00,0.2533215760272872,0.25676032711418867,0.25179294159447896,0.25393322110176086,759756000,0.0,0.0
2005-09-16 00:00:00-04:00,0.2560724904410413,0.2574480013722642,0.2520220955607157,0.25408536195755005,519828000,0.0,0.0
2005-09-19 00:00:00-04:00,0.2537798092183565,0.254620687101613,0.24911870196317842,0.25049421191215515,428316000,0.0,0.0
2005-09-20 00:00:00-04:00,0.2524044876523704,0.25821187575188476,0.2520991434552331,0.25538474321365356,522192000,0.0,0.0
2005-09-21 00:00:00-04:00,0.2543916642009182,0.2594351593066772,0.25095291381125173,0.25316837430000305,625656000,0.0,0.0
2005-09-22 00:00:00-04:00,0.2537799918200937,0.2537799918200937,0.2418589698947528,0.24636788666248322,739152000,0.0,0.0
2005-09-23 00:00:00-04:00,0.24583236706105874,0.2520991517650547,0.2437691005296569,0.24995887279510498,314640000,0.0,0.0
2005-09-26 00:00:00-04:00,0.25186983662533236,0.25377995238888934,0.24736094788692897,0.25202205777168274,406776000,0.0,0.0
2005-09-27 00:00:00-04:00,0.2530922234947976,0.2553086128092018,0.2509528739391794,0.25286298990249634,404160000,0.0,0.0
2005-09-28 00:00:00-04:00,0.25362681546877147,0.25507936602123993,0.2507236000477938,0.254391610622406,353556000,0.0,0.0
2005-09-29 00:00:00-04:00,0.25446774171633874,0.259816607677517,0.2524044753534839,0.259664386510849,513372000,0.0,0.0
2005-09-30 00:00:00-04:00,0.2598166214496385,0.26432551102886687,0.2592820163113617,0.2619569003582001,458832000,0.0,0.0
2005-10-03 00:00:00-04:00,0.26501323181548025,0.271049852760417,0.2628738550360459,0.26913973689079285,549888000,0.0,0.0
2005-10-04 00:00:00-04:00,0.27028593035657905,0.2747177786651434,0.2650131764904785,0.2656248211860657,514476000,0.0,0.0
2005-10-05 00:00:00-04:00,0.2659302132262487,0.2659302132262487,0.25523158059346535,0.25683632493019104,599184000,0.0,0.0
2005-10-06 00:00:00-04:00,0.25653101449994964,0.260504397404056,0.24820189202691798,0.2559193968772888,685512000,0.0,0.0
2005-10-07 00:00:00-04:00,0.2563778418581899,0.2589766150189728,0.2506465923086587,0.2526337206363678,551952000,0.0,0.0
2005-10-10 00:00:00-04:00,0.2539331689985999,0.2543916635836912,0.2461386517370124,0.24621476233005524,459216000,0.0,0.0
2005-10-11 00:00:00-04:00,0.2471317253961832,0.24927110238929673,0.24033033594499775,0.24315837025642395,540048000,0.0,0.0
2005-10-12 00:00:00-04:00,0.24247057794814036,0.24980659873517397,0.2421643046280183,0.2460615485906601,657660000,0.0,0.0
2005-10-13 00:00:00-04:00,0.2455270169779567,0.245909400985875,0.2353638884473186,0.24476315081119537,509304000,0.0,0.0
2005-10-14 00:00:00-04:00,0.24652014411115789,0.24957741247635373,0.24071275531279837,0.24476315081119537,311256000,0.0,0.0
2005-10-17 00:00:00-04:00,0.24491546371264142,0.24957750593110684,0.24491546371264142,0.2471318542957306,243912000,0.0,0.0
2005-10-18 00:00:00-04:00,0.24804877298444683,0.24850726757875294,0.2414766163109231,0.24308136105537415,299832000,0.0,0.0
2005-10-19 00:00:00-04:00,0.23994881710931332,0.24140041091675332,0.2331474021452192,0.24101802706718445,635952000,0.0,0.0
2005-10-20 00:00:00-04:00,0.24140047607012374,0.24774337100314822,0.2403303366459744,0.24269987642765045,359520000,0.0,0.0
2005-10-21 00:00:00-04:00,0.2468263973460536,0.2475902634503727,0.24239361820209576,0.24407540261745453,298368000,0.0,0.0
2005-10-24 00:00:00-04:00,0.2462148284702603,0.2507237195968628,0.2439984382137032,0.2507237195968628,291012000,0.0,0.0
2005-10-25 00:00:00-04:00,0.24904186666277986,0.25309226197519225,0.24797265631123258,0.25232839584350586,334680000,0.0,0.0
2005-10-26 00:00:00-04:00,0.2524043725304376,0.25293900475133635,0.24506838110698792,0.24545076489448547,415344000,0.0,0.0
2005-10-27 00:00:00-04:00,0.24590933690288858,0.24667320287058947,0.2395664427080651,0.240330308675766,227784000,0.0,0.0
2005-10-28 00:00:00-04:00,0.24094199324821605,0.24820187761025847,0.23498148197812796,0.2477433830499649,464640000,0.0,0.0
2005-10-31 00:00:00-05:00,0.24873653825742498,0.2581358007873087,0.24873653825742498,0.2563779056072235,432420000,0.0,0.0
2005-11-01 00:00:00-05:00,0.25637792045475477,0.258288938789695,0.2512582868400419,0.25324544310569763,400488000,0.0,0.0
2005-11-02 00:00:00-05:00,0.25332148921403186,0.2682227388172811,0.25217523924455115,0.2679173946380615,523668000,0.0,0.0
2005-11-03 00:00:00-05:00,0.269751450135223,0.2712791551501232,0.2626446880735469,0.264784038066864,465072000,0.0,0.0
2005-11-04 00:00:00-05:00,0.2649372566138719,0.26554797257160173,0.25752421923086527,0.2602752149105072,570276000,0.0,0.0
2005-11-07 00:00:00-05:00,0.2616507199055496,0.26256770933302903,0.2580597473305551,0.25912895798683167,370824000,0.0,0.0
2005-11-08 00:00:00-05:00,0.2601227693844248,0.2603520302136988,0.25316823272318384,0.25431448221206665,538968000,0.0,0.0
2005-11-09 00:00:00-05:00,0.25485014708702736,0.26745892526569787,0.25194600201012063,0.2657771408557892,818880000,0.0,0.0
2005-11-10 00:00:00-05:00,0.27502419430027186,0.2809846785878139,0.2509529142059853,0.2559193968772888,2503620000,0.0,0.0
2005-11-11 00:00:00-05:00,0.2581357962561729,0.26317929155955794,0.25698954608136904,0.2601229250431061,545928000,0.0,0.0
2005-11-14 00:00:00-05:00,0.2601989170195286,0.2674588260954155,0.25622556310611483,0.2656248211860657,493668000,0.0,0.0
2005-11-15 00:00:00-05:00,0.26722961870922113,0.26975137938030425,0.2653956134328655,0.2662355899810791,496200000,0.0,0.0
2005-11-16 00:00:00-05:00,0.26654183221211225,0.26799345340892267,0.26012282815826826,0.26531854271888733,455280000,0.0,0.0
2005-11-17 00:00:00-05:00,0.2675350356393201,0.2773166811719142,0.26440162961798847,0.27708742022514343,703260000,0.0,0.0
2005-11-18 00:00:00-05:00,0.27800439588322984,0.2802969232535743,0.27112689575846505,0.27655187249183655,465768000,0.0,0.0
2005-11-21 00:00:00-05:00,0.2768581804709575,0.2819017030559197,0.2750242020714363,0.28144320845603943,454704000,0.0,0.0
2005-11-22 00:00:00-05:00,0.2828948069191136,0.2916824243537388,0.2806784171545793,0.2889314293861389,731700000,0.0,0.0
2005-11-23 00:00:00-05:00,0.289237731024383,0.29229409785444405,0.28656284639234963,0.2880914807319641,411948000,0.0,0.0
2005-11-25 00:00:00-05:00,0.28946687791708753,0.29137699370183173,0.2874797223807596,0.2909184992313385,116676000,0.0,0.0
2005-11-28 00:00:00-05:00,0.29168240777791693,0.29420416896335266,0.2842703019126892,0.2894669473171234,424524000,0.0,0.0
2005-11-29 00:00:00-05:00,0.2723493465615244,0.28006775507036646,0.26990372268907625,0.27112698554992676,1043136000,0.0,0.0
2005-11-30 00:00:00-05:00,0.26921592577462333,0.27762206137398404,0.2691398151750836,0.276246577501297,575448000,0.0,0.0
2005-12-01 00:00:00-05:00,0.27853903483864373,0.2808315349337143,0.2755587792493006,0.27953213453292847,562032000,0.0,0.0
2005-12-02 00:00:00-05:00,0.28083153416826345,0.28151928966066136,0.2758641226974014,0.27960917353630066,334476000,0.0,0.0
2005-12-05 00:00:00-05:00,0.28021978195804687,0.28021978195804687,0.2734954072906414,0.2744124233722687,387708000,0.0,0.0
2005-12-06 00:00:00-05:00,0.27487089532070513,0.27930277041554447,0.2744885115338717,0.2755586504936218,375252000,0.0,0.0
2005-12-07 00:00:00-05:00,0.2766288636128933,0.2783097184666746,0.27127906922850703,0.2760172188282013,352668000,0.0,0.0
2005-12-08 00:00:00-05:00,0.2745656775206569,0.27815667649835935,0.2706684324657541,0.27380090951919556,386664000,0.0,0.0
2005-12-09 00:00:00-05:00,0.274641733759423,0.2780805108669944,0.2708206000555548,0.2776980996131897,262896000,0.0,0.0
2005-12-12 00:00:00-05:00,0.2784629333521596,0.28236017817540565,0.2780044114551537,0.28174853324890137,281136000,0.0,0.0
2005-12-13 00:00:00-05:00,0.2822830195487958,0.28786207377292966,0.28021978119605107,0.2854164242744446,443412000,0.0,0.0
2005-12-14 00:00:00-05:00,0.2832770832818311,0.2846525939073079,0.2793798396146463,0.28274157643318176,287472000,0.0,0.0
2005-12-15 00:00:00-05:00,0.28251234484235715,0.2846526234188742,0.276246490467924,0.2791506350040436,332724000,0.0,0.0
2005-12-16 00:00:00-05:00,0.2801436983533658,0.2828185816397094,0.2774688150670222,0.2815953195095062,1065600000,0.0,0.0
2005-12-19 00:00:00-05:00,0.28220699146562717,0.284270257750108,0.2762465081886646,0.2769342362880707,292296000,0.0,0.0
2005-12-20 00:00:00-05:00,0.27662883122362025,0.2808314461191568,0.27311304242741147,0.2767810523509979,304356000,0.0,0.0
2005-12-21 00:00:00-05:00,0.2780805833269741,0.28037308377688025,0.27372481607489585,0.276246577501297,289380000,0.0,0.0
2005-12-22 00:00:00-05:00,0.2760171689892245,0.2849579323621344,0.2759410584303671,0.28465256094932556,318336000,0.0,0.0
2005-12-23 00:00:00-05:00,0.28541650378336425,0.287250509123787,0.2835063878635397,0.2868681252002716,214536000,0.0,0.0
2005-12-27 00:00:00-05:00,0.28656280568686093,0.2917594511555512,0.2856458165146868,0.2886260449886322,367968000,0.0,0.0
2005-12-28 00:00:00-05:00,0.28862604089167737,0.29221794159369757,0.28679206257336176,0.2913009524345398,264420000,0.0,0.0
2005-12-29 00:00:00-05:00,0.291147775549475,0.2920647919538527,0.28358252002494966,0.2848048806190491,310464000,0.0,0.0
2005-12-30 00:00:00-05:00,0.28320013640504765,0.2832771488392772,0.27823365425992025,0.2793799042701721,229608000,0.0,0.0
2006-01-03 00:00:00-05:00,0.28098467139134026,0.2942041656037555,0.28006768224097595,0.2920648157596588,472812000,0.0,0.0
2006-01-04 00:00:00-05:00,0.2942811658171421,0.3007001709931565,0.29122387072709266,0.3002416491508484,510072000,0.0,0.0
2006-01-05 00:00:00-05:00,0.30031777467657184,0.3075776859885516,0.2997831695552474,0.3070421516895294,646092000,0.0,0.0
2006-01-06 00:00:00-05:00,0.3105578373094915,0.3132318185257354,0.29840758586264,0.3120855689048767,623388000,0.0,0.0
2006-01-09 00:00:00-05:00,0.31193345025126995,0.3224789620826049,0.31124572205559164,0.3207972049713135,560484000,0.0,0.0
2006-01-10 00:00:00-05:00,0.3192694991706591,0.32087424397468567,0.31521910360858874,0.32087424397468567,339660000,0.0,0.0
2006-01-11 00:00:00-05:00,0.32117960534549217,0.33432296225663866,0.3206450001537389,0.3324889838695526,626304000,0.0,0.0
2006-01-12 00:00:00-05:00,0.3324128038834121,0.337532408631682,0.3253821540454254,0.32775166630744934,495504000,0.0,0.0
2006-01-13 00:00:00-05:00,0.3269868687012567,0.32966175221381433,0.32026249281819436,0.3248475193977356,421296000,0.0,0.0
2006-01-17 00:00:00-05:00,0.32041578195882586,0.3247715495314446,0.31613612499134774,0.324618399143219,329232000,0.0,0.0
2006-01-18 00:00:00-05:00,0.31476060784154136,0.3273693599149343,0.3117803518857146,0.3262992203235626,459948000,0.0,0.0
2006-01-19 00:00:00-05:00,0.33065491363294486,0.3489188019750624,0.330044197965379,0.34440991282463074,914760000,0.0,0.0
2006-01-20 00:00:00-05:00,0.34494558975888684,0.3489189462876206,0.3347054467099389,0.33478155732154846,461604000,0.0,0.0
2006-01-23 00:00:00-05:00,0.3373802676147072,0.3395196176211319,0.332795266857472,0.3366925120353699,334884000,0.0,0.0
2006-01-24 00:00:00-05:00,0.3374562846453793,0.3454039231697263,0.3365392956796899,0.3383732736110687,388896000,0.0,0.0
2006-01-25 00:00:00-05:00,0.3400541211561748,0.34227051009682363,0.33134261755641886,0.3353930115699768,400236000,0.0,0.0
2006-01-26 00:00:00-05:00,0.34028339580579,0.3471609224919844,0.3381440463525669,0.3468555510044098,448836000,0.0,0.0
2006-01-27 00:00:00-05:00,0.3513644123047717,0.35732492220959444,0.3484602679238535,0.3534276783466339,385044000,0.0,0.0
2006-01-30 00:00:00-05:00,0.3549553474137331,0.35533773125933416,0.3478485884159467,0.3494533598423004,315780000,0.0,0.0
2006-01-31 00:00:00-05:00,0.3476963490881146,0.34960646451875077,0.34089496187935947,0.3435698449611664,384456000,0.0,0.0
2006-02-01 00:00:00-05:00,0.3373801691789008,0.34517468458928807,0.33608076899651895,0.3437991738319397,450852000,0.0,0.0
2006-02-02 00:00:00-05:00,0.34693173498460844,0.3471609959431974,0.3327952512137073,0.33332985639572144,473736000,0.0,0.0
2006-02-03 00:00:00-05:00,0.3311904584006536,0.3405126793176621,0.33012031901420735,0.33638617396354675,504252000,0.0,0.0
2006-02-06 00:00:00-05:00,0.3354692438422699,0.3462439899775213,0.3340176221104705,0.3458625078201294,363468000,0.0,0.0
2006-02-07 00:00:00-05:00,0.34655023050688843,0.34655023050688843,0.333405945504403,0.3335590958595276,399408000,0.0,0.0
2006-02-08 00:00:00-05:00,0.33455217573874624,0.3431875705718994,0.33455217573874624,0.3431875705718994,393072000,0.0,0.0
2006-02-09 00:00:00-05:00,0.3442578220340943,0.34960668979572673,0.33524004031821564,0.3373803198337555,437100000,0.0,0.0
2006-02-10 00:00:00-05:00,0.33860265496012704,0.3401312892821357,0.3275986468138904,0.3354692757129669,414996000,0.0,0.0
2006-02-13 00:00:00-05:00,0.3343999556682559,0.33898495565782577,0.332107455673471,0.3366154432296753,280740000,0.0,0.0
2006-02-14 00:00:00-05:00,0.3366153992163625,0.3384493771093887,0.33279516762384975,0.3372270166873932,342348000,0.0,0.0
2006-02-15 00:00:00-05:00,0.3365393207145207,0.3446391809935479,0.33569841493359426,0.3437221646308899,493296000,0.0,0.0
2006-02-16 00:00:00-05:00,0.3501411498808294,0.36145145496849473,0.3477725395207011,0.36068665981292725,1305888000,0.0,0.0
2006-02-17 00:00:00-05:00,0.38720359370893814,0.38758597763096997,0.36068666794821874,0.36274993419647217,2356956000,0.0,0.0
2006-02-21 00:00:00-05:00,0.3619861145782154,0.36259775949355605,0.3518990976170735,0.3550325036048889,684060000,0.0,0.0
2006-02-22 00:00:00-05:00,0.3499888754460713,0.35724785575378243,0.34158274357277335,0.3544207513332367,939756000,0.0,0.0
2006-02-23 00:00:00-05:00,0.35335064666107285,0.3557201860692963,0.3480017814099833,0.3489948809146881,385128000,0.0,0.0
2006-02-24 00:00:00-05:00,0.3505236272037282,0.35472624364807537,0.34708487688134715,0.3489188551902771,416412000,0.0,0.0
2006-02-27 00:00:00-05:00,0.35159377105243,0.36527176006975864,0.34792575973184964,0.3630562722682953,666468000,0.0,0.0
2006-02-28 00:00:00-05:00,0.3614514959272583,0.36450786203429836,0.35663723490646665,0.36015209555625916,563316000,0.0,0.0
2006-03-01 00:00:00-05:00,0.36145145874851736,0.3759703235747465,0.3591589589418042,0.37383097410202026,703932000,0.0,0.0
2006-03-02 00:00:00-05:00,0.3734485518680544,0.37963832302706374,0.3695513077770596,0.37436556816101074,545460000,0.0,0.0
2006-03-03 00:00:00-05:00,0.37092685625853267,0.38216012252008075,0.37023910080109007,0.37566497921943665,595800000,0.0,0.0
2006-03-06 00:00:00-05:00,0.3830009203769997,0.38552268074723894,0.37306612736011846,0.37490013241767883,529020000,0.0,0.0
2006-03-07 00:00:00-05:00,0.374977264191374,0.3778804799611859,0.36106911352658366,0.36848121881484985,606204000,0.0,0.0
2006-03-08 00:00:00-05:00,0.3685581990558777,0.37046831484140197,0.3535038007962094,0.3666471540927887,670800000,0.0,0.0
2006-03-09 00:00:00-05:00,0.3710799614671672,0.3772697329583559,0.368328967098169,0.36855822801589966,536700000,0.0,0.0
2006-03-10 00:00:00-05:00,0.3681757279680346,0.37283686447728154,0.3588526077583694,0.36213913559913635,521580000,0.0,0.0
2006-03-13 00:00:00-05:00,0.3658071982231361,0.36825191919138933,0.3630562039150151,0.36649495363235474,372132000,0.0,0.0
2006-03-14 00:00:00-05:00,0.36680041436159466,0.37818680561122214,0.3654249032085117,0.376658171415329,627792000,0.0,0.0
2006-03-15 00:00:00-05:00,0.37742190712478146,0.3832301958149746,0.3759702858766189,0.38269466161727905,510600000,0.0,0.0
2006-03-16 00:00:00-05:00,0.38338253375295184,0.3838410283422507,0.36840514404130575,0.36970454454421997,568416000,0.0,0.0
2006-03-17 00:00:00-05:00,0.3679465673201849,0.3736778167290073,0.3624445514904637,0.3726847171783447,618588000,0.0,0.0
2006-03-20 00:00:00-05:00,0.375970349050785,0.37604645963412814,0.36947523310793773,0.36985671520233154,293772000,0.0,0.0
2006-03-21 00:00:00-05:00,0.38812056183815,0.395074198875382,0.37795746346555353,0.38812056183815,1235472000,0.0,0.0
2006-03-22 00:00:00-05:00,0.37826292908452697,0.3800969349081489,0.3684812822946793,0.3769635558128357,1158576000,0.0,0.0
2006-03-23 00:00:00-05:00,0.37826273508970754,0.3855226440614433,0.37398310796556394,0.3839939832687378,661992000,0.0,0.0
2006-03-24 00:00:00-05:00,0.3849871995526833,0.3976729882373769,0.3843764839011063,0.3969852328300476,687936000,0.0,0.0
2006-03-27 00:00:00-05:00,0.397290595786455,0.40798922859749287,0.395991195577845,0.40768295526504517,651444000,0.0,0.0
2006-03-28 00:00:00-05:00,0.40584902698220343,0.4193747945057466,0.40500905027730166,0.4139498174190521,795204000,0.0,0.0
2006-03-29 00:00:00-05:00,0.4157067239427171,0.4369508948898364,0.41226797414712146,0.4361870288848877,987096000,0.0,0.0
2006-03-30 00:00:00-05:00,0.43664564863037364,0.44153602125844227,0.42877411800976606,0.43916741013526917,1063308000,0.0,0.0
2006-03-31 00:00:00-05:00,0.4388610561029974,0.4449746903199705,0.4348876734816483,0.43756258487701416,835560000,0.0,0.0
2006-04-03 00:00:00-04:00,0.439855033761477,0.4485665385938018,0.4343530177642833,0.44245287775993347,968916000,0.0,0.0
2006-04-04 00:00:00-04:00,0.44306442426412995,0.4638491939666419,0.4426059298649759,0.463161438703537,1200612000,0.0,0.0
2006-04-05 00:00:00-04:00,0.46232160706645675,0.4691991071933188,0.4524638240901137,0.4669066071510315,1112976000,0.0,0.0
2006-04-06 00:00:00-04:00,0.46568331594483725,0.4713384554472885,0.459264283051517,0.4678235948085785,789312000,0.0,0.0
2006-04-07 00:00:00-04:00,0.46583654941884034,0.46996302835569465,0.4574303865110244,0.4666003882884979,682674000,0.0,2.0
2006-04-10 00:00:00-04:00,0.4655310650936393,0.46828208682360284,0.454985554672124,0.4585004150867462,634230000,0.0,0.0
2006-04-11 00:00:00-04:00,0.46002916847645686,0.46002916847645686,0.44459235450430606,0.4473433494567871,702072000,0.0,0.0
2006-04-12 00:00:00-04:00,0.4502473585674355,0.4678235172006671,0.4478017085886006,0.4653778672218323,598308000,0.0,0.0
2006-04-13 00:00:00-04:00,0.4554440043200925,0.4606397192604687,0.4505527316734155,0.452386736869812,738360000,0.0,0.0
2006-04-17 00:00:00-04:00,0.4516228747855289,0.46491940574068036,0.4499419925704437,0.45361000299453735,443868000,0.0,0.0
2006-04-18 00:00:00-04:00,0.4455093503199871,0.44566250069244134,0.4308373314745406,0.4429115056991577,1165488000,0.0,0.0
2006-04-19 00:00:00-04:00,0.44016051062057204,0.4505529009112494,0.434046875272397,0.4456625282764435,517476000,0.0,0.0
2006-04-20 00:00:00-04:00,0.441689065808199,0.45299841532299445,0.43435304403490865,0.44505077600479126,552684000,0.0,0.0
2006-04-21 00:00:00-04:00,0.4464262788851717,0.44826028429548787,0.4238075256051381,0.4290032684803009,770016000,0.0,0.0
2006-04-24 00:00:00-04:00,0.43175420530155895,0.4464262192969368,0.4241128405021311,0.44214749336242676,676848000,0.0,0.0
2006-04-25 00:00:00-04:00,0.43710411464200466,0.442911503495498,0.4294618455055366,0.44184136390686035,719766000,0.0,0.0
2006-04-26 00:00:00-04:00,0.4435230802806765,0.450247457731531,0.4340468062547016,0.43878495693206787,330528000,0.0,0.0
2006-04-27 00:00:00-04:00,0.4371040891106106,0.44994210137053453,0.42762781476500394,0.4458156228065491,462966000,0.0,0.0
2006-04-28 00:00:00-04:00,0.4461208724378977,0.4522345330526818,0.44229973890302315,0.44657936692237854,284736000,0.0,0.0
2006-05-01 00:00:00-04:00,0.4496357826909982,0.4809669713848082,0.4496357826909982,0.4722554385662079,902472000,0.0,0.0
2006-05-02 00:00:00-04:00,0.47577019332736786,0.48142533150044264,0.46354385729165437,0.47164371609687805,539700000,0.0,0.0
2006-05-03 00:00:00-04:00,0.4662949449344887,0.47989684978783803,0.4658364777107019,0.4747011065483093,378114000,0.0,0.0
2006-05-04 00:00:00-04:00,0.4653778350257611,0.4768403325076765,0.4629321852161227,0.47164371609687805,511128000,0.0,0.0
2006-05-05 00:00:00-04:00,0.4740894806348724,0.47974462017647546,0.4675172973467945,0.47806280851364136,338184000,0.0,0.0
2006-05-08 00:00:00-04:00,0.47684046773045685,0.4872328836366522,0.47149162866706473,0.47592347860336304,503622000,0.0,0.0
2006-05-09 00:00:00-04:00,0.47531180733911127,0.47775745756612326,0.46079291467172695,0.4614045321941376,561648000,0.0,0.0
2006-05-10 00:00:00-04:00,0.45590263759121075,0.46125153181327067,0.44657948577504464,0.45116451382637024,753264000,0.0,0.0
2006-05-11 00:00:00-04:00,0.4557494442946929,0.4600291001220755,0.4316020562982104,0.4351169168949127,1201110000,0.0,0.0
2006-05-12 00:00:00-04:00,0.4247246132831425,0.4268639632307615,0.39339342036270675,0.4024102985858917,1568172000,0.0,0.0
2006-05-15 00:00:00-04:00,0.4016463476679028,0.4117333633250685,0.3981314873411863,0.40821850299835205,553380000,0.0,0.0
2006-05-16 00:00:00-04:00,0.4105109251513825,0.41066314628061584,0.3949219237792244,0.3975197672843933,497532000,0.0,0.0
2006-05-17 00:00:00-04:00,0.3961444265957084,0.39843692681866755,0.3744417577408433,0.3814724087715149,841074000,0.0,0.0
2006-05-18 00:00:00-04:00,0.384528754225784,0.38819673798596405,0.36374400483572056,0.36420249938964844,686730000,0.0,0.0
2006-05-19 00:00:00-04:00,0.36756418676830016,0.3805553194966084,0.3638961761816392,0.3718438148498535,932808000,0.0,0.0
2006-05-22 00:00:00-04:00,0.3698567039365301,0.3706214717998688,0.35671332210681733,0.36680033802986145,734886000,0.0,0.0
2006-05-23 00:00:00-04:00,0.37444156792802286,0.3831530698249638,0.3612981908648163,0.3628268241882324,532314000,0.0,0.0
2006-05-24 00:00:00-04:00,0.3660365583726306,0.3784160771085393,0.3577835458820248,0.36756429076194763,579522000,0.0,0.0
2006-05-25 00:00:00-04:00,0.37444169191356114,0.37994368054990374,0.36359081031823887,0.36557796597480774,423666000,0.0,0.0
2006-05-26 00:00:00-04:00,0.3669533273915173,0.3693980748841371,0.3625205503835927,0.3663417100906372,294642000,0.0,0.0
2006-05-30 00:00:00-04:00,0.3669534632811268,0.3671056844441058,0.35090596393757645,0.3510581851005554,448788000,0.0,0.0
2006-05-31 00:00:00-04:00,0.35579630640003196,0.3591589454051787,0.34907193023856636,0.351211279630661,598422000,0.0,0.0
2006-06-01 00:00:00-04:00,0.3551846007312552,0.36955124139785767,0.3496825859480529,0.36955124139785767,537126000,0.0,0.0
2006-06-02 00:00:00-04:00,0.3755118768569144,0.37734588240138284,0.36053448830071155,0.36420249938964844,673710000,0.0,0.0
2006-06-05 00:00:00-04:00,0.36221538923132707,0.368939739514832,0.347848715674555,0.3489188551902771,581052000,0.0,0.0
2006-06-06 00:00:00-04:00,0.35335076495120243,0.3536570383730102,0.33012038912957953,0.3395957350730896,824130000,0.0,0.0
2006-06-07 00:00:00-04:00,0.34326363547087635,0.34387528026722086,0.3308841207900261,0.33348292112350464,565380000,0.0,0.0
2006-06-08 00:00:00-04:00,0.3296618024862093,0.3339414582521785,0.3142259475357273,0.3273693025112152,730572000,0.0,0.0
2006-06-09 00:00:00-04:00,0.3316490164313348,0.33730322759882125,0.32354822533693806,0.3262992203235626,433824000,0.0,0.0
2006-06-12 00:00:00-04:00,0.32064490232014303,0.3249236282330651,0.30643138285566957,0.3082653880119324,463230000,0.0,0.0
2006-06-13 00:00:00-04:00,0.30811226542613274,0.31437814738040704,0.30062312113462913,0.30352726578712463,532548000,0.0,0.0
2006-06-14 00:00:00-04:00,0.30536131575993425,0.31330895571173156,0.3021517991460649,0.3123919665813446,480492000,0.0,0.0
2006-06-15 00:00:00-04:00,0.3238543670637991,0.3408188793524502,0.3212555943281478,0.339748740196228,837336000,0.0,0.0
2006-06-16 00:00:00-04:00,0.3374563788894629,0.3383733681112471,0.3278278554169276,0.33103737235069275,503448000,0.0,0.0
2006-06-19 00:00:00-04:00,0.3347053617959944,0.336386217084842,0.3203386881330955,0.3211034834384918,388044000,0.0,0.0
2006-06-20 00:00:00-04:00,0.3122388128476348,0.323242818937071,0.3110164521937509,0.316059947013855,535818000,0.0,0.0
2006-06-21 00:00:00-04:00,0.3146844611567997,0.3246183277014832,0.3146844611567997,0.31957483291625977,441174000,0.0,0.0
2006-06-22 00:00:00-04:00,0.32308975667502626,0.3240067459679589,0.30811236509592144,0.31025174260139465,532338000,0.0,0.0
2006-06-23 00:00:00-04:00,0.30964088177743787,0.3168237523225681,0.30673676461762167,0.3104047477245331,335202000,0.0,0.0
2006-06-26 00:00:00-04:00,0.3099462808512112,0.31330892011147315,0.3059729259156699,0.3075006306171417,281736000,0.0,0.0
2006-06-27 00:00:00-04:00,0.30933473957124064,0.30964101302470176,0.2935935083919486,0.2977200150489807,608514000,0.0,0.0
2006-06-28 00:00:00-04:00,0.3000124204435554,0.3191162859426806,0.2922179042712074,0.3142259418964386,833376000,0.0,0.0
2006-06-29 00:00:00-04:00,0.30566666596268366,0.32843947410583496,0.30459745563184765,0.32843947410583496,687666000,0.0,0.0
2006-06-30 00:00:00-04:00,0.3316489268942304,0.3368446420493566,0.3229374223478456,0.32538214325904846,468240000,0.0,0.0
2006-07-03 00:00:00-04:00,0.33287131959894517,0.3331766637836525,0.32782779777958276,0.330120325088501,174696000,0.0,0.0
2006-07-05 00:00:00-04:00,0.32492371234990575,0.32782783016405187,0.31529518961906433,0.31529518961906433,459708000,0.0,0.0
2006-07-06 00:00:00-04:00,0.3152951682914568,0.3183524362595023,0.3023049358986168,0.3055144250392914,470634000,0.0,0.0
2006-07-07 00:00:00-04:00,0.30765373942568247,0.3082653841960443,0.2926763542251561,0.29603809118270874,541230000,0.0,0.0
2006-07-10 00:00:00-04:00,0.296802892888098,0.29894226972712745,0.28060224362277014,0.28320011496543884,449922000,0.0,0.0
2006-07-11 00:00:00-04:00,0.2822831575829983,0.29374568654040295,0.27815667885969375,0.2926764488220215,600582000,0.0,0.0
2006-07-12 00:00:00-04:00,0.29160631262326636,0.29496895255528865,0.27830980511468234,0.27861517667770386,461034000,0.0,0.0
2006-07-13 00:00:00-04:00,0.2743363653738008,0.2812138643243026,0.27005671021422056,0.27143222093582153,540582000,0.0,0.0
2006-07-14 00:00:00-04:00,0.2764756378431775,0.2780042711346121,0.2624152723812987,0.2700566351413727,572148000,0.0,0.0
2006-07-17 00:00:00-04:00,0.2688343472396965,0.27525335166439685,0.2674588638600294,0.27219608426094055,502806000,0.0,0.0
2006-07-18 00:00:00-04:00,0.28151920235272365,0.2899253340210568,0.2714321886929522,0.2870211899280548,979332000,0.0,0.0
2006-07-19 00:00:00-04:00,0.28579896047316067,0.3032219746500591,0.2836586812436953,0.2995539903640747,1055550000,0.0,0.0
2006-07-20 00:00:00-04:00,0.3049027211052537,0.3102515857607567,0.2931348526579164,0.2935933470726013,505602000,0.0,0.0
2006-07-21 00:00:00-04:00,0.28365864877191305,0.2848819386220366,0.26944512588843705,0.2715854048728943,633918000,0.0,0.0
2006-07-24 00:00:00-04:00,0.2816724654821269,0.3058198588573141,0.2801438311867236,0.29894235730171204,983178000,0.0,0.0
2006-07-25 00:00:00-04:00,0.30261023182803215,0.31269721860359195,0.2981783558536141,0.3094877302646637,574104000,0.0,0.0
2006-07-26 00:00:00-04:00,0.3094877302646637,0.313155740362367,0.3003177050204055,0.3094877302646637,495318000,0.0,0.0
2006-07-27 00:00:00-04:00,0.31346116887579084,0.3262991803454762,0.3082654529545262,0.31391966342926025,694338000,0.0,0.0
2006-07-28 00:00:00-04:00,0.32202045634246973,0.3470848619226269,0.3201864507838238,0.34647321701049805,815298000,0.0,0.0
2006-07-31 00:00:00-04:00,0.3428051500960449,0.34632093946416836,0.3374562846453793,0.3383732736110687,594762000,0.0,0.0
2006-08-01 00:00:00-04:00,0.3342468081160107,0.3348584530008809,0.31865780255539794,0.3247714638710022,600966000,0.0,0.0
2006-08-02 00:00:00-04:00,0.33195424967338844,0.35136441311919026,0.3311904110815884,0.34968262910842896,756774000,0.0,0.0
2006-08-03 00:00:00-04:00,0.3484602939395696,0.3811669629576993,0.34356992290070537,0.37169069051742554,890568000,0.0,0.0
2006-08-04 00:00:00-04:00,0.38147231878149274,0.3820839635778389,0.35717178389040505,0.3666471540927887,818232000,0.0,0.0
2006-08-07 00:00:00-04:00,0.3602281560944544,0.3669534341156138,0.35533778516708536,0.3623684346675873,436146000,0.0,0.0
2006-08-08 00:00:00-04:00,0.36527166145380363,0.37979142697321255,0.36435464520685507,0.3719969391822815,619806000,0.0,0.0
2006-08-09 00:00:00-04:00,0.3793329590269235,0.38972534596326075,0.36909282057423437,0.3718438148498535,584706000,0.0,0.0
2006-08-10 00:00:00-04:00,0.3677172235528377,0.3713852332794549,0.3614513704922228,0.36924585700035095,1072140000,0.0,0.0
2006-08-11 00:00:00-04:00,0.34234673621302697,0.36695352354403854,0.34112437547768465,0.3576303720474243,1603272000,0.0,0.0
2006-08-14 00:00:00-04:00,0.3620622223503905,0.36573023345840794,0.3538092110217298,0.35579636693000793,809412000,0.0,0.0
2006-08-15 00:00:00-04:00,0.36496630797781693,0.3920178376718392,0.36145144779606625,0.3900306820869446,902172000,0.0,0.0
2006-08-16 00:00:00-04:00,0.39217099541569195,0.4196810220285847,0.3820840066096768,0.4179992377758026,1029246000,0.0,0.0
2006-08-17 00:00:00-04:00,0.41280357518011473,0.4236544587377894,0.4073015582199939,0.4114280641078949,814224000,0.0,0.0
2006-08-18 00:00:00-04:00,0.41188659560942315,0.42029180143697725,0.3975199215952224,0.41815245151519775,665898000,0.0,0.0
2006-08-21 00:00:00-04:00,0.4118864838357198,0.4126503224459649,0.4017994689089624,0.4027164578437805,500220000,0.0,0.0
2006-08-22 00:00:00-04:00,0.4014933263283138,0.413262101810002,0.40118795475728675,0.4021049439907074,473928000,0.0,0.0
2006-08-23 00:00:00-04:00,0.4051611799445498,0.4092876848218522,0.3929348156377024,0.4017994701862335,485412000,0.0,0.0
2006-08-24 00:00:00-04:00,0.40286869425282845,0.40806533857327076,0.39644968947967313,0.405925989151001,260802000,0.0,0.0
2006-08-25 00:00:00-04:00,0.402868658317356,0.41188646269952656,0.3988953039816392,0.40470266342163086,238314000,0.0,0.0
2006-08-28 00:00:00-04:00,0.41142802900244485,0.4305319227058654,0.41066326109017015,0.41861090064048767,764562000,0.0,0.0
2006-08-29 00:00:00-04:00,0.4225842944597713,0.43954881159882164,0.4195279282757734,0.43756258487701416,727962000,0.0,0.0
2006-08-30 00:00:00-04:00,0.4400072391518664,0.4511643937534448,0.4389380017014693,0.44657936692237854,681564000,0.0,0.0
2006-08-31 00:00:00-04:00,0.44550926142553565,0.4474964171732597,0.4352700515223785,0.4448985457420349,511278000,0.0,0.0
2006-09-01 00:00:00-04:00,0.43832635975010786,0.4418412473048983,0.4245713611533119,0.42625221610069275,605742000,0.0,0.0
2006-09-05 00:00:00-04:00,0.42762778592310186,0.4372562808042594,0.4213619305784952,0.4355754256248474,549354000,0.0,0.0
2006-09-06 00:00:00-04:00,0.4279340709138039,0.42854478665583784,0.4126504086699252,0.4137205481529236,493572000,0.0,0.0
2006-09-07 00:00:00-04:00,0.4069952369452342,0.43129577483280307,0.4025633873601034,0.4219735264778137,742836000,0.0,0.0
2006-09-08 00:00:00-04:00,0.42869791882898794,0.43053192433280396,0.41402590212721585,0.4233490526676178,447978000,0.0,0.0
2006-09-11 00:00:00-04:00,0.41387264327608414,0.4348114389151441,0.40913542325046887,0.42992016673088074,598266000,0.0,0.0
2006-09-12 00:00:00-04:00,0.42793400155427813,0.4439815272957824,0.4268638622447279,0.44123050570487976,498432000,0.0,0.0
2006-09-13 00:00:00-04:00,0.4422998600651884,0.4505528723616568,0.4409243489061903,0.4447455108165741,476286000,0.0,0.0
2006-09-14 00:00:00-04:00,0.44260604610505166,0.45085905677227506,0.43725625104831584,0.44306454062461853,428814000,0.0,0.0
2006-09-15 00:00:00-04:00,0.4445922841611899,0.45391543445037946,0.4424529071925762,0.45177605748176575,649764000,0.0,0.0
2006-09-18 00:00:00-04:00,0.4529984352424861,0.46965758065244995,0.4516229515960772,0.46889281272888184,793896000,0.0,0.0
2006-09-19 00:00:00-04:00,0.4658364368598314,0.46919907611452116,0.4528452762023036,0.45666640996932983,708054000,0.0,0.0
2006-09-20 00:00:00-04:00,0.4626267442246842,0.4739361443508058,0.46170975549547333,0.4733254015445709,511884000,0.0,0.0
2006-09-21 00:00:00-04:00,0.47286714506440436,0.47760436659019784,0.4650726007516719,0.4695045053958893,539106000,0.0,0.0
2006-09-22 00:00:00-04:00,0.4681289954996981,0.47103311327775904,0.45040061167448237,0.45559632778167725,653334000,0.0,0.0
2006-09-25 00:00:00-04:00,0.46247383756875704,0.47393633801144674,0.44994207218955673,0.47195008397102356,684486000,0.0,0.0
2006-09-26 00:00:00-04:00,0.4714915409202617,0.472713901355487,0.45605473118140316,0.4620152413845062,516120000,0.0,0.0
2006-09-27 00:00:00-04:00,0.46063974499702454,0.47531178738794305,0.45620789574720244,0.46063974499702454,578142000,0.0,0.0
2006-09-28 00:00:00-04:00,0.44260600807028155,0.4537622333892969,0.4406188798207801,0.4519282281398773,647346000,0.0,0.0
2006-09-29 00:00:00-04:00,0.4549855306654348,0.4585003908946002,0.44978888630979313,0.45223453640937805,373890000,0.0,0.0
2006-10-02 00:00:00-04:00,0.45009421381701714,0.4529983307919764,0.43710395697044063,0.4407719671726227,647442000,0.0,0.0
2006-10-03 00:00:00-04:00,0.4325191378593445,0.43588087615624693,0.4228906412330024,0.4325191378593445,907692000,0.0,0.0
2006-10-04 00:00:00-04:00,0.4331297344055846,0.47515955186718206,0.4319073466404141,0.4750064015388489,1460382000,0.0,0.0
2006-10-05 00:00:00-04:00,0.4731724430157599,0.4779105935297576,0.46033443163150495,0.4615567922592163,662682000,0.0,0.0
2006-10-06 00:00:00-04:00,0.462321470383011,0.47760419824734796,0.4609459598328002,0.472713828086853,593610000,0.0,0.0
2006-10-09 00:00:00-04:00,0.47164385686161286,0.509393999250791,0.4702683458217542,0.503128170967102,932304000,0.0,0.0
2006-10-10 00:00:00-04:00,0.5005292701632785,0.5025163984070806,0.4860103785383986,0.4916655719280243,624648000,0.0,0.0
2006-10-11 00:00:00-04:00,0.48906691508920985,0.503128218211055,0.48157867076396105,0.4944166839122772,481944000,0.0,0.0
2006-10-12 00:00:00-04:00,0.49716762759816735,0.5066429992514317,0.4892199880677255,0.4964028596878052,414720000,0.0,0.0
2006-10-13 00:00:00-04:00,0.4947218977865941,0.519022405168326,0.48662203838520274,0.5161182880401611,584190000,0.0,0.0
2006-10-16 00:00:00-04:00,0.5178001359036712,0.5262053682560196,0.5060313348575319,0.5152013897895813,478968000,0.0,0.0
2006-10-17 00:00:00-04:00,0.5067962679276742,0.5103111293838081,0.49059561356372544,0.49548593163490295,526506000,0.0,0.0
2006-10-18 00:00:00-04:00,0.5028218312928836,0.5081715991991304,0.47882762102398685,0.4823424816131592,822750000,0.0,0.0
2006-10-19 00:00:00-04:00,0.48050832814332495,0.49518036820373057,0.47668722247708434,0.49151235818862915,473040000,0.0,0.0
2006-10-20 00:00:00-04:00,0.4953336748250685,0.4956390463949434,0.4788277047132133,0.48585742712020874,359478000,0.0,0.0
2006-10-23 00:00:00-04:00,0.48478802540582133,0.49655589567739333,0.4814253863460465,0.48264774680137634,280248000,0.0,0.0
2006-10-24 00:00:00-04:00,0.4835648221114893,0.5022111220549391,0.48218931123533926,0.49670907855033875,519288000,0.0,0.0
2006-10-25 00:00:00-04:00,0.5014462976052148,0.508935469485015,0.493041065874988,0.5012940764427185,389436000,0.0,0.0
2006-10-26 00:00:00-04:00,0.5025164460915772,0.5188693171836113,0.5025164460915772,0.5171884894371033,366690000,0.0,0.0
2006-10-27 00:00:00-04:00,0.5171884849088445,0.5286509845112327,0.48906681367442656,0.49487510323524475,566988000,0.0,0.0
2006-10-30 00:00:00-05:00,0.49823679699678614,0.5096992962228044,0.4928879586363571,0.5008355975151062,479592000,0.0,0.0
2006-10-31 00:00:00-05:00,0.5118397631811472,0.5329307913780212,0.5092410163644274,0.5329307913780212,996174000,0.0,0.0
2006-11-01 00:00:00-05:00,0.5259001502611839,0.530790523351387,0.48448198658273645,0.49181801080703735,1176540000,0.0,0.0
2006-11-02 00:00:00-05:00,0.4941105762978868,0.5048091877644597,0.48173102696485404,0.4884563088417053,862944000,0.0,0.0
2006-11-03 00:00:00-05:00,0.4939581356592238,0.49884850721816026,0.4860104415167072,0.49823683500289917,548070000,0.0,0.0
2006-11-06 00:00:00-05:00,0.49961212248304154,0.5202446134353743,0.49334624278311945,0.5133671164512634,739602000,0.0,0.0
2006-11-07 00:00:00-05:00,0.5171886495067268,0.5266640237097353,0.5142844764732953,0.5211620330810547,553254000,0.0,0.0
2006-11-08 00:00:00-05:00,0.5174938452081017,0.5352231011769735,0.51627148469237,0.5288041234016418,648324000,0.0,0.0
2006-11-09 00:00:00-05:00,0.5396549274241059,0.5532567743495651,0.5347645568886894,0.5393495559692383,1207758000,0.0,0.0
2006-11-10 00:00:00-05:00,0.534764464549084,0.5373623350956428,0.5130617785757934,0.5263583064079285,1317192000,0.0,0.0
2006-11-13 00:00:00-05:00,0.5274286186547021,0.5517291284984172,0.5272754683146584,0.5502005219459534,852282000,0.0,0.0
2006-11-14 00:00:00-05:00,0.5482132768639654,0.556772587137644,0.5364454072061541,0.5557024478912354,628530000,0.0,0.0
2006-11-15 00:00:00-05:00,0.5540215685141617,0.5616629607252895,0.5434760591945338,0.5465324521064758,491892000,0.0,0.0
2006-11-16 00:00:00-05:00,0.5488249091217097,0.5555492572246304,0.544086759867107,0.5535630583763123,457182000,0.0,0.0
2006-11-17 00:00:00-05:00,0.549741947060481,0.5566194460890269,0.5463793081200601,0.5550907850265503,361608000,0.0,0.0
2006-11-20 00:00:00-05:00,0.5482134213106084,0.5633439338394943,0.5440869427379654,0.560287594795227,608634000,0.0,0.0
2006-11-21 00:00:00-05:00,0.56196837313962,0.5628853621347681,0.5477548524135486,0.5515759587287903,387384000,0.0,0.0
2006-11-22 00:00:00-05:00,0.5535632392232323,0.5616631005867483,0.5506590667340523,0.5610514283180237,240258000,0.0,0.0
2006-11-24 00:00:00-05:00,0.5583005939928732,0.566401386466069,0.5532570704420728,0.5651780962944031,144336000,0.0,0.0
2006-11-27 00:00:00-05:00,0.5618162528633985,0.5693044419837144,0.5358339277194731,0.5396550893783569,585294000,0.0,0.0
2006-11-28 00:00:00-05:00,0.5378209624462378,0.5546323545624208,0.5294148017993343,0.5497419834136963,480966000,0.0,0.0
2006-11-29 00:00:00-05:00,0.5547854396688667,0.5645670553363579,0.5526460357705143,0.5578417778015137,579792000,0.0,0.0
2006-11-30 00:00:00-05:00,0.5578418698108939,0.569916041685616,0.5511175203444628,0.5653310418128967,583632000,0.0,0.0
2006-12-01 00:00:00-05:00,0.5590651337271227,0.5598289723922503,0.5382794849169138,0.5431698560714722,785010000,0.0,0.0
2006-12-04 00:00:00-05:00,0.5502007306976822,0.5722087489940835,0.5482135468912724,0.5651780962944031,621570000,0.0,0.0
2006-12-05 00:00:00-05:00,0.559217486568362,0.562580126526985,0.5531047534801576,0.5593706369400024,663354000,0.0,0.0
2006-12-06 00:00:00-05:00,0.5612047355137776,0.5612047355137776,0.5509645922519424,0.5586068630218506,478242000,0.0,0.0
2006-12-07 00:00:00-05:00,0.5586068268013822,0.5616632211303666,0.5402668211016244,0.5451571941375732,486894000,0.0,0.0
2006-12-08 00:00:00-05:00,0.5411837495360347,0.5508122733075712,0.5333892589225405,0.5433230996131897,564858000,0.0,0.0
2006-12-11 00:00:00-05:00,0.5434761598293629,0.5592174143018246,0.5422528700275304,0.5526461601257324,515484000,0.0,0.0
2006-12-12 00:00:00-05:00,0.5485195921117902,0.5503535700080008,0.5396549647917417,0.5469909310340881,568116000,0.0,0.0
2006-12-13 00:00:00-05:00,0.551422746534181,0.5578417228013741,0.551422746534181,0.5534098744392395,491952000,0.0,0.0
2006-12-14 00:00:00-05:00,0.5578417663302938,0.570221307416218,0.5573832992225742,0.5631915330886841,715380000,0.0,0.0
2006-12-15 00:00:00-05:00,0.5668597177742185,0.5731256008148193,0.5633439276791933,0.5731256008148193,746094000,0.0,0.0
2006-12-18 00:00:00-05:00,0.5737371544528552,0.5899369300064036,0.5734309084217319,0.5830594301223755,688356000,0.0,0.0
2006-12-19 00:00:00-05:00,0.575571183497315,0.5945219260875156,0.5748064156158605,0.5914655327796936,545622000,0.0,0.0
2006-12-20 00:00:00-05:00,0.5884091859697972,0.5954389068775584,0.5842826533287616,0.5847411751747131,306594000,0.0,0.0
2006-12-21 00:00:00-05:00,0.5879505584848256,0.5896314405679092,0.5731254222844763,0.5796975493431091,367920000,0.0,0.0
2006-12-22 00:00:00-05:00,0.5787807772376947,0.5807670315145486,0.563191741985512,0.5659427642822266,370170000,0.0,0.0
2006-12-26 00:00:00-05:00,0.5689990644439885,0.5740425316140787,0.5634970207566014,0.565789520740509,228192000,0.0,0.0
2006-12-27 00:00:00-05:00,0.5682350848754018,0.5752648049289328,0.5682350848754018,0.5732786059379578,264954000,0.0,0.0
2006-12-28 00:00:00-05:00,0.5738892774498421,0.5745009495447989,0.5665533116229441,0.5691520571708679,213912000,0.0,0.0
2006-12-29 00:00:00-05:00,0.5691521263322624,0.581073147403637,0.5650256484692908,0.5656363368034363,386094000,0.0,0.0
2007-01-03 00:00:00-05:00,0.5665535270517241,0.5734310283744165,0.5317074438295523,0.5514230132102966,1154820000,0.0,0.0
2007-01-04 00:00:00-05:00,0.5494364640864183,0.551422717366486,0.5353751682323528,0.5488248467445374,797298000,0.0,0.0
2007-01-05 00:00:00-05:00,0.5358339527769554,0.5379742319209493,0.5107695447985207,0.5144375562667847,1243344000,0.0,0.0
2007-01-08 00:00:00-05:00,0.5162715621639233,0.5281925304866114,0.5074068781917473,0.5182586908340454,657270000,0.0,0.0
2007-01-09 00:00:00-05:00,0.5190223790928709,0.5225372389874449,0.5075598813431609,0.5081714987754822,764166000,0.0,0.0
2007-01-10 00:00:00-05:00,0.5028218531899834,0.5379741773233141,0.49518051412568287,0.533236026763916,1108746000,0.0,0.0
2007-01-11 00:00:00-05:00,0.5332358763148187,0.5373624081301196,0.5225372175751568,0.5312487483024597,924504000,0.0,0.0
2007-01-12 00:00:00-05:00,0.5233020314150516,0.540571887619918,0.5208563816883833,0.5384325385093689,698190000,0.0,0.0
2007-01-16 00:00:00-05:00,0.5425590443941224,0.54286441584899,0.5332358959168373,0.5393495559692383,711864000,0.0,0.0
2007-01-17 00:00:00-05:00,0.5318605625421043,0.5350701066943012,0.5260532011863558,0.5280394554138184,707934000,0.0,0.0
2007-01-18 00:00:00-05:00,0.5234543225988205,0.5234543225988205,0.477757423761655,0.48432955145835876,1501638000,0.0,0.0
2007-01-19 00:00:00-05:00,0.479132772630126,0.49731967069172195,0.47577013437013105,0.48723268508911133,942606000,0.0,0.0
2007-01-22 00:00:00-05:00,0.4918176835137064,0.49976532019829645,0.48539865292477774,0.48723268508911133,730644000,0.0,0.0
2007-01-23 00:00:00-05:00,0.4849402783820833,0.4951804720440115,0.47592342909086527,0.48738592863082886,630354000,0.0,0.0
2007-01-24 00:00:00-05:00,0.49365182020131315,0.5090886315002147,0.49135932024978635,0.5025164484977722,685722000,0.0,0.0
2007-01-25 00:00:00-05:00,0.5071015448843242,0.5089355779890036,0.4824956582753588,0.48494037985801697,616284000,0.0,0.0
2007-01-26 00:00:00-05:00,0.4890669369784238,0.493805088355553,0.4722555399439639,0.48096707463264465,829584000,0.0,0.0
2007-01-29 00:00:00-05:00,0.4788275981247279,0.4791329149691173,0.4571249050615062,0.461251437664032,1258284000,0.0,0.0
2007-01-30 00:00:00-05:00,0.4643079363700306,0.47317256749867026,0.4601814570019084,0.4701162278652191,636174000,0.0,0.0
2007-01-31 00:00:00-05:00,0.467823531238004,0.4728670524933047,0.46201524217555984,0.46843427419662476,467976000,0.0,0.0
2007-02-01 00:00:00-05:00,0.46400234999685647,0.47684035881641373,0.46308536107921006,0.47439470887184143,650898000,0.0,0.0
2007-02-02 00:00:00-05:00,0.47699355324093107,0.48906679540329795,0.4730192965594756,0.4867742955684662,586590000,0.0,0.0
2007-02-05 00:00:00-05:00,0.4890667804629688,0.49884845166931363,0.4883029418197371,0.494721919298172,579906000,0.0,0.0
2007-02-06 00:00:00-05:00,0.5058791335135607,0.5187171453326472,0.49839001544339157,0.5122981667518616,775386000,0.0,0.0
2007-02-07 00:00:00-05:00,0.5164244316523336,0.5335411906538265,0.5133671648057341,0.5323188304901123,761058000,0.0,0.0
2007-02-08 00:00:00-05:00,0.5242191667504295,0.5329306451126724,0.5196341666318778,0.5254415273666382,726276000,0.0,0.0
2007-02-09 00:00:00-05:00,0.5280392211157036,0.5324719985682329,0.49701431552003233,0.4990014433860779,937956000,0.0,0.0
2007-02-12 00:00:00-05:00,0.5026694544893777,0.520856353192693,0.4973196882394999,0.5100054740905762,789360000,0.0,0.0
2007-02-13 00:00:00-05:00,0.5182584384124896,0.5237604253168333,0.5130617682466463,0.519633948802948,849732000,0.0,0.0
2007-02-14 00:00:00-05:00,0.5242192064485307,0.5272755454806056,0.5115334153975549,0.5127567052841187,1081848000,0.0,0.0
2007-02-15 00:00:00-05:00,0.5124501167625415,0.5184106249520634,0.5075597474961265,0.5158127546310425,488682000,0.0,0.0
2007-02-16 00:00:00-05:00,0.5136735877039496,0.5142842760137833,0.49854307837955525,0.5000708103179932,915060000,0.0,0.0
2007-02-20 00:00:00-05:00,0.500835597069376,0.5072545747672305,0.49731980754760496,0.504503607749939,625578000,0.0,0.0
2007-02-21 00:00:00-05:00,0.5003769522953841,0.5057258439943406,0.49197079365746127,0.4970143139362335,655332000,0.0,0.0
2007-02-22 00:00:00-05:00,0.5048091148790311,0.5129090326203283,0.49900175250260015,0.5002241134643555,655452000,0.0,0.0
2007-02-23 00:00:00-05:00,0.5049619524643042,0.5052673238854615,0.49884834774429127,0.4990014433860779,403050000,0.0,0.0
2007-02-26 00:00:00-05:00,0.5003770412600403,0.5041972728399855,0.49059542504104947,0.49135926365852356,494070000,0.0,0.0
2007-02-27 00:00:00-05:00,0.48601042835061936,0.4974729827980009,0.475770289122943,0.4765351116657257,714630000,0.0,0.0
2007-02-28 00:00:00-05:00,0.4751596896590438,0.48402339046110376,0.4693513989165268,0.4737841784954071,780048000,0.0,0.0
2007-03-01 00:00:00-05:00,0.46354394574382823,0.47668732781207834,0.4574302846418852,0.46797579526901245,837228000,0.0,0.0
2007-03-02 00:00:00-05:00,0.46384940375451317,0.46950454406131453,0.4540686318518308,0.454985648393631,682728000,0.0,0.0
2007-03-05 00:00:00-05:00,0.4470378746830258,0.45590250192603615,0.43802099896336594,0.4395487308502197,663558000,0.0,0.0
2007-03-06 00:00:00-05:00,0.4491773380116628,0.4705746630026285,0.4473433323372749,0.4655311405658722,805974000,0.0,0.0
2007-03-07 00:00:00-05:00,0.4632385195725897,0.4653778689114908,0.45040051052656593,0.452386736869812,811656000,0.0,0.0
2007-03-08 00:00:00-05:00,0.4618629790426259,0.47622871903807346,0.46155667841357584,0.471032977104187,770622000,0.0,0.0
2007-03-09 00:00:00-05:00,0.47760434903250154,0.4829541171378215,0.4609461053587558,0.46629494428634644,555306000,0.0,0.0
2007-03-12 00:00:00-04:00,0.4609460504026376,0.47026827081941874,0.46033437824210355,0.46354392170906067,428010000,0.0,0.0
2007-03-13 00:00:00-04:00,0.4588058568075068,0.4615568243009923,0.44367531696326806,0.4439816176891327,617070000,0.0,0.0
2007-03-14 00:00:00-04:00,0.4452040038666217,0.44780184847452575,0.4285448289598311,0.44184136390686035,971610000,0.0,0.0
2007-03-15 00:00:00-04:00,0.44077204024419736,0.4447454225604776,0.4306850241803375,0.4374094009399414,655752000,0.0,0.0
2007-03-16 00:00:00-04:00,0.43771484899255303,0.43847961700030896,0.4302266048983147,0.4332829713821411,525648000,0.0,0.0
2007-03-19 00:00:00-04:00,0.43557545412842263,0.44245295482627073,0.43404682002366884,0.4354223310947418,461508000,0.0,0.0
2007-03-20 00:00:00-04:00,0.43404683754083123,0.44398163417789166,0.4316021160249003,0.4332829713821411,656490000,0.0,0.0
2007-03-21 00:00:00-04:00,0.4508590647460058,0.4652247802435067,0.44229978057217045,0.4580419361591339,1268376000,0.0,0.0
2007-03-22 00:00:00-04:00,0.4585003693619758,0.47087985659722775,0.4563610200256858,0.46812888979911804,810954000,0.0,0.0
2007-03-23 00:00:00-04:00,0.46461398063592535,0.47286698947310635,0.4595704600527876,0.46293216943740845,524640000,0.0,0.0
2007-03-26 00:00:00-04:00,0.4632385928697409,0.4676704425731908,0.4554440763839357,0.46384933590888977,447336000,0.0,0.0
2007-03-27 00:00:00-04:00,0.4627800873071243,0.4636970764183489,0.45467932449613024,0.45513781905174255,469020000,0.0,0.0
2007-03-28 00:00:00-04:00,0.4513175154094801,0.4551377470841257,0.4456623766247889,0.44642624258995056,459504000,0.0,0.0
2007-03-29 00:00:00-04:00,0.45315156812417573,0.453762283823472,0.4314489015277989,0.4386317729949951,719016000,0.0,0.0
2007-03-30 00:00:00-04:00,0.4445923202487684,0.44780180955791393,0.4375625985524733,0.43985509872436523,581244000,0.0,0.0
2007-04-02 00:00:00-04:00,0.43878488556545936,0.44245286882745016,0.4322127303633623,0.43939653038978577,400830000,0.0,0.0
2007-04-03 00:00:00-04:00,0.43939650979428185,0.4442868532980968,0.4335882208438232,0.43771472573280334,473724000,0.0,0.0
2007-04-04 00:00:00-04:00,0.4371040412407718,0.4406189291328997,0.43557540730035915,0.43679776787757874,361692000,0.0,0.0
2007-04-05 00:00:00-04:00,0.4386317771948133,0.4727139604304806,0.4386317771948133,0.4722554385662079,1332900000,0.0,0.0
2007-04-09 00:00:00-04:00,0.47225545867959035,0.47760435230130316,0.4627800867337226,0.46369707584381104,640950000,0.0,0.0
2007-04-10 00:00:00-04:00,0.46308540163623807,0.4684342946038726,0.458041907489971,0.4589589238166809,794220000,0.0,0.0
2007-04-11 00:00:00-04:00,0.459875912504289,0.46446091214848373,0.44917725205612513,0.450705885887146,810150000,0.0,0.0
2007-04-12 00:00:00-04:00,0.4482602616642496,0.4649194325295413,0.44535701886636875,0.46354392170906067,743640000,0.0,0.0
2007-04-13 00:00:00-04:00,0.46201534740777345,0.4682821597053519,0.45636113656350974,0.4673651158809662,638694000,0.0,0.0
2007-04-16 00:00:00-04:00,0.46614186818657266,0.4696576035745475,0.4589589960918926,0.4649195075035095,671838000,0.0,0.0
2007-04-17 00:00:00-04:00,0.47668734334919133,0.4875391003574681,0.4670588214502634,0.46935132145881653,1059108000,0.0,0.0
2007-04-18 00:00:00-04:00,0.4685874320565009,0.4792860934656807,0.4661418363372185,0.475159615278244,683802000,0.0,0.0
2007-04-19 00:00:00-04:00,0.4713383704705456,0.48448175075088357,0.46996285976585733,0.48173072934150696,568056000,0.0,0.0
2007-04-20 00:00:00-04:00,0.48876143950712636,0.48906681101097577,0.4809669507514529,0.48738592863082886,590052000,0.0,0.0
2007-04-23 00:00:00-04:00,0.48509341411696133,0.4860104031210466,0.478062764263919,0.47943827509880066,595272000,0.0,0.0
2007-04-24 00:00:00-04:00,0.487539049495625,0.5019047910827467,0.4843295607499784,0.49747294187545776,1028088000,0.0,0.0
2007-04-25 00:00:00-04:00,0.4967090544537083,0.5087822964143733,0.4944165546571762,0.5060312747955322,509640000,0.0,0.0
2007-04-26 00:00:00-04:00,0.5060313546932907,0.5161183991166899,0.5014463543762966,0.5122981667518616,500070000,0.0,0.0
2007-04-27 00:00:00-04:00,0.5106161875269238,0.5162713248730638,0.4973196595977161,0.505420446395874,554058000,0.0,0.0
2007-04-30 00:00:00-04:00,0.5122982154840942,0.5187171946754836,0.5025165416674336,0.5026696920394897,563388000,0.0,0.0
2007-05-01 00:00:00-04:00,0.5118395401510933,0.5152013045910214,0.5038919018120522,0.508018434047699,544554000,0.0,0.0
2007-05-02 00:00:00-04:00,0.5106163516368194,0.5127566303723462,0.4994600981696903,0.5020579695701599,659658000,0.0,0.0
2007-05-03 00:00:00-04:00,0.5067962763415617,0.5148961390690489,0.5058792323729412,0.5115334987640381,500250000,0.0,0.0
2007-05-04 00:00:00-04:00,0.5142843460361173,0.5178001359036712,0.5093939743736016,0.5152013897895813,405246000,0.0,0.0
2007-05-07 00:00:00-04:00,0.522690591719484,0.5284979534129371,0.5043505882176668,0.5049622058868408,557100000,0.0,0.0
2007-05-08 00:00:00-04:00,0.5019047685707985,0.5100055571548698,0.49212402696115515,0.5087822675704956,737100000,0.0,0.0
2007-05-09 00:00:00-04:00,0.505114271187889,0.5139789532859332,0.499306911286805,0.5110747814178467,417870000,0.0,0.0
2007-05-10 00:00:00-04:00,0.513215080481284,0.519939429611334,0.4971675817295317,0.5015994310379028,802584000,0.0,0.0
2007-05-11 00:00:00-04:00,0.5286510587682411,0.5422529098601051,0.520551197326859,0.5370572209358215,1530630000,0.0,0.0
2007-05-14 00:00:00-04:00,0.5349166503370147,0.5399601153271889,0.5266636430306083,0.5317071080207825,731568000,0.0,0.0
2007-05-15 00:00:00-04:00,0.533236091176709,0.5364455807768409,0.5257469723837854,0.5269702076911926,621360000,0.0,0.0
2007-05-16 00:00:00-04:00,0.5274286234672335,0.5336945056915283,0.5173416347582305,0.5336945056915283,523104000,0.0,0.0
2007-05-17 00:00:00-04:00,0.5321657658099028,0.5349167871682429,0.5217734071317389,0.5248297452926636,443664000,0.0,0.0
2007-05-18 00:00:00-04:00,0.5288043250028703,0.5367510378224359,0.5243715447318797,0.5352233052253723,604266000,0.0,0.0
2007-05-21 00:00:00-04:00,0.533694725536484,0.5502007536105538,0.5310968530428234,0.5369042158126831,645768000,0.0,0.0
2007-05-22 00:00:00-04:00,0.5373626176481852,0.5446985859731885,0.5286510835242489,0.5398082137107849,401736000,0.0,0.0
2007-05-23 00:00:00-04:00,0.5401135168145008,0.5433230059659845,0.5239128660487109,0.5254415273666382,448248000,0.0,0.0
2007-05-24 00:00:00-04:00,0.5278871968141545,0.5294148743519447,0.5043505231468655,0.5064898729324341,607800000,0.0,0.0
2007-05-25 00:00:00-04:00,0.5101579271566264,0.5170354281630518,0.5086301948323563,0.5144375562667847,308976000,0.0,0.0
2007-05-29 00:00:00-04:00,0.5122980845831353,0.52162030490164,0.5107694234442319,0.5199394226074219,316242000,0.0,0.0
2007-05-30 00:00:00-04:00,0.513826009137796,0.5211620330810547,0.5074069745230629,0.5211620330810547,331650000,0.0,0.0
2007-05-31 00:00:00-04:00,0.5249832194367966,0.5326246161275634,0.5225375680299916,0.5294150710105896,481572000,0.0,0.0
2007-06-01 00:00:00-04:00,0.5353752829242628,0.5433229213067763,0.5321657942728736,0.5330827832221985,429084000,0.0,0.0
2007-06-04 00:00:00-04:00,0.5281924758881016,0.5390433582309787,0.5260531262556495,0.5359870195388794,322002000,0.0,0.0
2007-06-05 00:00:00-04:00,0.5375156299338041,0.5527983619947301,0.5365986408676934,0.5518813729286194,698586000,0.0,0.0
2007-06-06 00:00:00-04:00,0.5480612153454811,0.5648726109662989,0.5457687150397886,0.556007981300354,950736000,0.0,0.0
2007-06-07 00:00:00-04:00,0.5534099770683618,0.5616629871263306,0.5498951168557865,0.5500473380088806,791862000,0.0,0.0
2007-06-08 00:00:00-04:00,0.5454626011167677,0.5593707566878967,0.5387381942803107,0.5586068630218506,533268000,0.0,0.0
2007-06-11 00:00:00-04:00,0.5586066358836121,0.5639555290969485,0.5555493680790714,0.5605928897857666,434634000,0.0,0.0
2007-06-12 00:00:00-04:00,0.5576897870424057,0.5654842778288102,0.554480297266536,0.5547856688499451,526770000,0.0,0.0
2007-06-13 00:00:00-04:00,0.5608990452448868,0.5682350656959945,0.5537153005911892,0.5680819153785706,587232000,0.0,0.0
2007-06-14 00:00:00-04:00,0.5654843662301807,0.5803086367101233,0.5647195980427787,0.5781692862510681,508548000,0.0,0.0
2007-06-15 00:00:00-04:00,0.5847412689799494,0.6090417829060152,0.5845881186141773,0.6044567823410034,1081998000,0.0,0.0
2007-06-18 00:00:00-04:00,0.6105693777195633,0.6127096563322013,0.5998716467092631,0.6047620177268982,685662000,0.0,0.0
2007-06-19 00:00:00-04:00,0.6009409485591762,0.6099587278471756,0.5968144702129666,0.6085832715034485,491952000,0.0,0.0
2007-06-20 00:00:00-04:00,0.6113343195202008,0.6143907134575932,0.6050675614077214,0.6091940402984619,822792000,0.0,0.0
2007-06-21 00:00:00-04:00,0.620962816993373,0.6622278774507238,0.6162246659805225,0.6568780541419983,1297326000,0.0,0.0
2007-06-22 00:00:00-04:00,0.6571843401558443,0.670480874521306,0.6472495710827822,0.6666597127914429,882618000,0.0,0.0
2007-06-25 00:00:00-04:00,0.6480142848654877,0.6639086350668936,0.6420537737283665,0.6490834951400757,819702000,0.0,0.0
2007-06-26 00:00:00-04:00,0.6474024431359047,0.6492364755135058,0.6174467995984155,0.6189754605293274,868482000,0.0,0.0
2007-06-27 00:00:00-04:00,0.6189758349026582,0.6363988524115369,0.6159194403697266,0.6356349587440491,613140000,0.0,0.0
2007-06-28 00:00:00-04:00,0.6374687752056302,0.6486250295828201,0.6312019633480662,0.6417474746704102,597534000,0.0,0.0
2007-06-29 00:00:00-04:00,0.6460272119305295,0.6461803076383791,0.6310497948823123,0.6313551664352417,516570000,0.0,0.0
2007-07-02 00:00:00-04:00,0.6403720500808174,0.6579481582241516,0.6383857959450553,0.6576428413391113,563850000,0.0,0.0
2007-07-03 00:00:00-04:00,0.6571843567419737,0.6639087073592512,0.6518345880756006,0.6587120890617371,238770000,0.0,0.0
2007-07-05 00:00:00-04:00,0.6588651948111923,0.6678820451465465,0.6556556508423355,0.6657426953315735,373290000,0.0,0.0
2007-07-06 00:00:00-04:00,0.6648258071674863,0.671550158350675,0.6636034463047421,0.6689522862434387,282720000,0.0,0.0
2007-07-09 00:00:00-04:00,0.6713977525275027,0.691571784365091,0.6712446021878676,0.6883622407913208,536784000,0.0,0.0
2007-07-10 00:00:00-04:00,0.6848464014234644,0.6992130161036878,0.6775103810270748,0.6950865387916565,552654000,0.0,0.0
2007-07-11 00:00:00-04:00,0.6949333742090582,0.6996715235114386,0.6824016120764544,0.692030131816864,582612000,0.0,0.0
2007-07-12 00:00:00-04:00,0.6969205167683793,0.7060905149378316,0.6920301462285073,0.7053266763687134,438732000,0.0,0.0
2007-07-13 00:00:00-04:00,0.703339502662867,0.7117456070604804,0.7002831100921231,0.7010470032691956,372630000,0.0,0.0
2007-07-16 00:00:00-04:00,0.7016587618963958,0.716636121534519,0.7015056115591746,0.7137320041656494,541710000,0.0,0.0
2007-07-17 00:00:00-04:00,0.7166359874209319,0.731002656034323,0.7100638605822855,0.7106754779815674,643812000,0.0,0.0
2007-07-18 00:00:00-04:00,0.700435613238304,0.7025758923647728,0.6839295890950302,0.697684645652771,550656000,0.0,0.0
2007-07-19 00:00:00-04:00,0.707619173208588,0.7111340330781184,0.6920301435855554,0.6969205141067505,407376000,0.0,0.0
2007-07-20 00:00:00-04:00,0.701505595927721,0.7039512460655741,0.6859166191232206,0.6892792582511902,505650000,0.0,0.0
2007-07-23 00:00:00-04:00,0.6868335908726387,0.710370260479894,0.6853049297632741,0.6961567401885986,360474000,0.0,0.0
2007-07-24 00:00:00-04:00,0.6934059030450579,0.6992132645319928,0.6735372386795172,0.6778168678283691,457560000,0.0,0.0
2007-07-25 00:00:00-04:00,0.6779689272698517,0.6875974483317155,0.659018185814437,0.6746072173118591,437196000,0.0,0.0
2007-07-26 00:00:00-04:00,0.6674233506699294,0.6874451586330296,0.6584065026661058,0.6779688596725464,710268000,0.0,0.0
2007-07-27 00:00:00-04:00,0.6762880086898804,0.7074660128352056,0.6759826372402421,0.6762880086898804,615480000,0.0,0.0
2007-07-30 00:00:00-04:00,0.6787337615569378,0.6963089925006929,0.6785806112201201,0.695239782333374,538158000,0.0,0.0
2007-07-31 00:00:00-04:00,0.7227497305996967,0.732530472312466,0.6984492229463802,0.6993662118911743,711492000,0.0,0.0
2007-08-01 00:00:00-04:00,0.6892792693641392,0.7062437572560787,0.661769216614565,0.6941696405410767,705828000,0.0,0.0
2007-08-02 00:00:00-04:00,0.70211744703881,0.7027281355169597,0.6817902604539762,0.6911134123802185,468606000,0.0,0.0
2007-08-03 00:00:00-04:00,0.6888206952477107,0.6938642163780954,0.6498481462513365,0.6501535177230835,623412000,0.0,0.0
2007-08-06 00:00:00-04:00,0.6556554436683655,0.6605458140092382,0.6373154480757532,0.6556554436683655,524724000,0.0,0.0
2007-08-07 00:00:00-04:00,0.6556553407895512,0.6768995045607298,0.6469438661129764,0.6660477519035339,565764000,0.0,0.0
2007-08-08 00:00:00-04:00,0.6781221953850785,0.7175532754734029,0.6729255773624848,0.6967675685882568,660744000,0.0,0.0
2007-08-09 00:00:00-04:00,0.7015056268693068,0.7244306805784236,0.6854581275331814,0.7050204873085022,1251834000,0.0,0.0
2007-08-10 00:00:00-04:00,0.6472493698601777,0.6768996429761455,0.6325773289620739,0.6723146438598633,1141014000,0.0,0.0
2007-08-13 00:00:00-04:00,0.6776638398952313,0.6822488410662287,0.6510707675144157,0.6649789214134216,700410000,0.0,0.0
2007-08-14 00:00:00-04:00,0.6695637421678229,0.7015056460294445,0.6675766137118601,0.6908069849014282,1092174000,0.0,0.0
2007-08-15 00:00:00-04:00,0.6871390121611587,0.6969206293409201,0.6606990979262739,0.6616160869598389,695142000,0.0,0.0
2007-08-16 00:00:00-04:00,0.6550439653893347,0.65978211560393,0.6189755839488704,0.6506121158599854,780030000,0.0,0.0
2007-08-17 00:00:00-04:00,0.6686467558258451,0.6895846271326118,0.6478611056867623,0.6889730095863342,728712000,0.0,0.0
2007-08-20 00:00:00-04:00,0.6894313211075186,0.696920436300195,0.6778165489404546,0.6862217783927917,519684000,0.0,0.0
2007-08-21 00:00:00-04:00,0.6903484962466877,0.7288625273028261,0.680109231813632,0.723360538482666,715338000,0.0,0.0
2007-08-22 00:00:00-04:00,0.7417004132744673,0.7441460631008535,0.7267230558775294,0.7398664355278015,566154000,0.0,0.0
2007-08-23 00:00:00-04:00,0.7433822931522636,0.7520938255372251,0.7303911871421092,0.7336006760597229,667986000,0.0,0.0
2007-08-24 00:00:00-04:00,0.7314614135287375,0.7387973812621091,0.7261115905869739,0.7374218702316284,361644000,0.0,0.0
2007-08-27 00:00:00-04:00,0.7374216976036179,0.7618744803970842,0.7340590587334361,0.7540799379348755,635946000,0.0,0.0
2007-08-28 00:00:00-04:00,0.7565257837673471,0.7595821774422674,0.7063960957741822,0.7080779075622559,560022000,0.0,0.0
2007-08-29 00:00:00-04:00,0.7229022388139131,0.7491898851219202,0.7213745063126342,0.7482728958129883,538560000,0.0,0.0
2007-08-30 00:00:00-04:00,0.7410897416015416,0.7624861324833078,0.7407834956009987,0.7439929842948914,465660000,0.0,0.0
2007-08-31 00:00:00-04:00,0.7595820381284675,0.7847995359440185,0.7554555056914188,0.7818962931632996,720834000,0.0,0.0
2007-09-04 00:00:00-04:00,0.7854111868286666,0.8094063235156106,0.7731847948398026,0.8060436844825745,683268000,0.0,0.0
2007-09-05 00:00:00-04:00,0.802529015900651,0.8253008684011544,0.7993195264308371,0.799930214881897,656274000,0.0,0.0
2007-09-06 00:00:00-04:00,0.8098646678842963,0.8172006326483097,0.800082998929826,0.8034456372261047,425496000,0.0,0.0
2007-09-07 00:00:00-04:00,0.781131634518199,0.7892324247111125,0.7591236224168075,0.7741019129753113,602304000,0.0,0.0
2007-09-10 00:00:00-04:00,0.7909131655536986,0.8046681638206313,0.7698221463480666,0.7762411236763,872112000,0.0,0.0
2007-09-11 00:00:00-04:00,0.7856405844659526,0.7987078302430983,0.7773875727494617,0.7927473187446594,405424000,0.0,1.5
2007-09-12 00:00:00-04:00,0.8012295185341918,0.8051268178750761,0.7537747721841617,0.7615692615509033,554452000,0.0,0.0
2007-09-13 00:00:00-04:00,0.7760121449642419,0.7769291342183654,0.7562966300417355,0.761798620223999,452864000,0.0,0.0
2007-09-14 00:00:00-04:00,0.7542332385602982,0.7551502276628534,0.7370394605929558,0.7393319606781006,487308000,0.0,0.0
2007-09-17 00:00:00-04:00,0.7404783066515067,0.7482727967316216,0.7297035607188447,0.7377272844314575,374828000,0.0,0.0
2007-09-18 00:00:00-04:00,0.7455218140419099,0.813838354316768,0.744375536587642,0.802375853061676,844740000,0.0,0.0
2007-09-19 00:00:00-04:00,0.8097116402493699,0.8253006155597362,0.779909090995726,0.7877036333084106,521360000,0.0,0.0
2007-09-20 00:00:00-04:00,0.7881623066960547,0.7966445519121217,0.774407305590403,0.7831187844276428,324172000,0.0,0.0
2007-09-21 00:00:00-04:00,0.790913273018993,0.8023757731322368,0.7831187292159776,0.7906839847564697,457532000,0.0,0.0
2007-09-24 00:00:00-04:00,0.7954982082073662,0.8230082062362628,0.789766931289259,0.8108579516410828,456360000,0.0,0.0
2007-09-25 00:00:00-04:00,0.8060438704613503,0.8246131062371019,0.8037513701930779,0.8211743831634521,360748000,0.0,0.0
2007-09-26 00:00:00-04:00,0.8253008897515787,0.8424946696750532,0.8232376777004767,0.8406606912612915,518032000,0.0,0.0
2007-09-27 00:00:00-04:00,0.8486841946230491,0.8528107269680627,0.8342414407305121,0.8431822061538696,378280000,0.0,0.0
2007-09-28 00:00:00-04:00,0.8482257481244962,0.8512060033381942,0.8289687060271398,0.8308027386665344,404292000,0.0,0.0
2007-10-01 00:00:00-04:00,0.8379095243044064,0.8700045782636597,0.8369925352558586,0.8658780455589294,398200000,0.0,0.0
2007-10-02 00:00:00-04:00,0.8638148118676605,0.8654196110851848,0.84501634436037,0.8576250672340393,284960000,0.0,0.0
2007-10-03 00:00:00-04:00,0.8424946411241377,0.8424946411241377,0.8076486151833893,0.8211743831634521,467196000,0.0,0.0
2007-10-04 00:00:00-04:00,0.8202570965013779,0.829656327795179,0.7966442921786622,0.824842095375061,378976000,0.0,0.0
2007-10-05 00:00:00-04:00,0.8379095041342657,0.85120603631942,0.8289687381467489,0.846621036529541,344840000,0.0,0.0
2007-10-08 00:00:00-04:00,0.8525816892086149,0.8617516903158866,0.8424946442646016,0.8603761792182922,252484000,0.0,0.0
2007-10-09 00:00:00-04:00,0.8603761113109932,0.8642733560082323,0.8326368218906253,0.8452455997467041,403008000,0.0,0.0
2007-10-10 00:00:00-04:00,0.8509769710595043,0.8509769710595043,0.8257594656071798,0.846162736415863,389136000,0.0,0.0
2007-10-11 00:00:00-04:00,0.838368113402601,0.8489136249505269,0.7993955564670011,0.8085655570030212,529104000,0.0,0.0
2007-10-12 00:00:00-04:00,0.8175061824512586,0.8282809257507324,0.8048974065674561,0.8282809257507324,409952000,0.0,0.0
2007-10-15 00:00:00-04:00,0.8310319017036676,0.8450161875940881,0.8271346578298624,0.8342413902282715,355900000,0.0,0.0
2007-10-16 00:00:00-04:00,0.8333245840191587,0.8567081070462608,0.830344328405042,0.8418068289756775,276360000,0.0,0.0
2007-10-17 00:00:00-04:00,0.8745895725035049,0.9089770715328143,0.8736725834608919,0.9064553380012512,717944000,0.0,0.0
2007-10-18 00:00:00-04:00,0.9034750006731889,0.9094355108958112,0.880779236975129,0.9057675004005432,340620000,0.0,0.0
2007-10-19 00:00:00-04:00,0.9037042182018227,0.9041627400021537,0.85693718086822,0.8571664690971375,505768000,0.0,0.0
2007-10-22 00:00:00-04:00,0.8516644768338989,0.8995777941924832,0.8447869773644504,0.8977437615394592,537656000,0.0,0.0
2007-10-23 00:00:00-04:00,0.9094355712477239,0.9094355712477239,0.8775698065255724,0.9020995497703552,294292000,0.0,0.0
2007-10-24 00:00:00-04:00,0.8826133081685057,0.8826133081685057,0.8287395315535493,0.8716093301773071,565500000,0.0,0.0
2007-10-25 00:00:00-04:00,0.8447870917180055,0.852810869513911,0.7700515217778351,0.7954983115196228,806192000,0.0,0.0
2007-10-26 00:00:00-04:00,0.8207158322022082,0.8262178763773627,0.7771583286465022,0.7886208295822144,616580000,0.0,0.0
2007-10-29 00:00:00-04:00,0.7615693526751522,0.7737196100596315,0.7464388393542896,0.7700515985488892,813896000,0.0,0.0
2007-10-30 00:00:00-04:00,0.7762412382306328,0.8145260382485888,0.7634032270220831,0.7982493042945862,525212000,0.0,0.0
2007-10-31 00:00:00-04:00,0.8030634738486012,0.8115457178882961,0.7780752089082791,0.8110872507095337,455188000,0.0,0.0
2007-11-01 00:00:00-04:00,0.7984784741159279,0.8273639833632715,0.787474441963007,0.8110872507095337,587236000,0.0,0.0
2007-11-02 00:00:00-04:00,0.8223205669290795,0.8482258788539707,0.8108580661319006,0.8422653675079346,491844000,0.0,0.0
2007-11-05 00:00:00-05:00,0.835158578753423,0.8624394017054787,0.8298858229209692,0.8422653675079346,436636000,0.0,0.0
2007-11-06 00:00:00-05:00,0.8502889284324152,0.8757356573118333,0.8463916299640571,0.8688581585884094,554620000,0.0,0.0
2007-11-07 00:00:00-05:00,0.868399854502699,0.8718385771812512,0.8207157669493427,0.8275932669639587,546768000,0.0,0.0
2007-11-08 00:00:00-05:00,0.81956930088942,0.8344705738246356,0.7521697223782119,0.7757825255393982,996824000,0.0,0.0
2007-11-09 00:00:00-05:00,0.7920594383399109,0.7977907153102246,0.748501941064057,0.7647786736488342,871056000,0.0,0.0
2007-11-12 00:00:00-05:00,0.7645494925090397,0.7700514816108757,0.6884384155273438,0.6884384155273438,715732000,0.0,0.0
2007-11-13 00:00:00-05:00,0.6996715535067992,0.7498773109886099,0.6884382891043275,0.749189555644989,726696000,0.0,0.0
2007-11-14 00:00:00-05:00,0.7682173440881346,0.7755533098161567,0.7336005627997324,0.7374978065490723,666720000,0.0,0.0
2007-11-15 00:00:00-05:00,0.7326837335281291,0.7395612336412295,0.7106756675771929,0.7276402115821838,496436000,0.0,0.0
2007-11-16 00:00:00-05:00,0.7336007649367149,0.7459802549230264,0.7276402535633011,0.7439169883728027,423592000,0.0,0.0
2007-11-19 00:00:00-05:00,0.7333713537691482,0.7370393643579515,0.6898138578386869,0.6937111020088196,568412000,0.0,0.0
2007-11-20 00:00:00-05:00,0.7067784156384713,0.7079246929741727,0.6673473935365424,0.6884384155273438,622628000,0.0,0.0
2007-11-21 00:00:00-05:00,0.6739954254659869,0.6973789393346845,0.6719321597741185,0.6811021566390991,648452000,0.0,0.0
2007-11-23 00:00:00-05:00,0.6859167625130203,0.6957745191969108,0.6772052286420146,0.6927942633628845,141976000,0.0,0.0
2007-11-26 00:00:00-05:00,0.6923355782688788,0.7065490985383335,0.6753710911023559,0.6767465472221375,385896000,0.0,0.0
2007-11-27 00:00:00-05:00,0.6863752291279497,0.7079247754965521,0.6811024730156072,0.705861508846283,458856000,0.0,0.0
2007-11-28 00:00:00-05:00,0.7280987755106003,0.7631740335792497,0.7246599979266565,0.753087043762207,574548000,0.0,0.0
2007-11-29 00:00:00-05:00,0.7519405486065299,0.7817430968456377,0.7487310602292413,0.7592765688896179,489084000,0.0,0.0
2007-11-30 00:00:00-05:00,0.7840356835184383,0.7840356835184383,0.7207626245216867,0.7230551242828369,652656000,0.0,0.0
2007-12-03 00:00:00-05:00,0.7336006760597229,0.7471264418211051,0.7223674101905662,0.7336006760597229,490688000,0.0,0.0
2007-12-04 00:00:00-05:00,0.7368104419026698,0.7393321763346422,0.718699669550023,0.7329131960868835,371712000,0.0,0.0
2007-12-05 00:00:00-05:00,0.7608812132041527,0.7851817157124839,0.751481982859418,0.7709681987762451,666704000,0.0,0.0
2007-12-06 00:00:00-05:00,0.7691344264493688,0.7890791693907279,0.7622569269986413,0.7865574359893799,371152000,0.0,0.0
2007-12-07 00:00:00-05:00,0.7897669659852463,0.7906839550283264,0.7686759447068533,0.7766997218132019,320292000,0.0,0.0
2007-12-10 00:00:00-05:00,0.7792213698846885,0.794351878737352,0.7769288701996637,0.7851818799972534,336360000,0.0,0.0
2007-12-11 00:00:00-05:00,0.8019173446669998,0.8165893902468693,0.7842650979023327,0.7860990762710571,582436000,0.0,0.0
2007-12-12 00:00:00-05:00,0.8193402096858419,0.8273639865779503,0.7973321999519973,0.8131504654884338,617504000,0.0,0.0
2007-12-13 00:00:00-05:00,0.8032927731848576,0.8085655287747404,0.7675297614114188,0.7909132838249207,500364000,0.0,0.0
2007-12-14 00:00:00-05:00,0.7872451567073426,0.8126919418138828,0.7819724018950642,0.8039804100990295,354016000,0.0,0.0
2007-12-17 00:00:00-05:00,0.7954983425720563,0.8030635987735731,0.7611107845701525,0.7629448175430298,507408000,0.0,0.0
2007-12-18 00:00:00-05:00,0.7746364038365562,0.7909131905606496,0.7668419155036837,0.7824309468269348,396896000,0.0,0.0
2007-12-19 00:00:00-05:00,0.7796799784909502,0.7971029889684423,0.7764704895060854,0.7897669672966003,253536000,0.0,0.0
2007-12-20 00:00:00-05:00,0.8023758577764353,0.8081071357664169,0.785640600379913,0.8062731027603149,279940000,0.0,0.0
2007-12-21 00:00:00-05:00,0.8159014388274143,0.8230081716220644,0.7987076634537384,0.8060436844825745,433408000,0.0,0.0
2007-12-24 00:00:00-05:00,0.8120042360810118,0.8241544907838273,0.8060437255237802,0.8202572464942932,104008000,0.0,0.0
2007-12-26 00:00:00-05:00,0.8218619257226684,0.831261157989502,0.8138381495343321,0.831261157989502,215340000,0.0,0.0
2007-12-27 00:00:00-05:00,0.8298857764194842,0.8344708311389539,0.8035220533919845,0.8055852651596069,241368000,0.0,0.0
2007-12-28 00:00:00-05:00,0.804209798095543,0.8138383206140908,0.7906840307774086,0.7975615859031677,262064000,0.0,0.0
2007-12-31 00:00:00-05:00,0.7911424593528165,0.8055852140982925,0.779679959924463,0.7799091935157776,276236000,0.0,0.0
2008-01-02 00:00:00-05:00,0.7822017278466652,0.7851819832950271,0.7464387171238327,0.756754994392395,483964000,0.0,0.0
2008-01-03 00:00:00-05:00,0.7611103906219042,0.7762408951934383,0.748043151580349,0.7507941722869873,475308000,0.0,0.0
2008-01-04 00:00:00-05:00,0.7283278093972285,0.7319958195950325,0.6831655192391111,0.687750518321991,736092000,0.0,0.0
2008-01-07 00:00:00-05:00,0.6923354823797474,0.6980667582721534,0.6040741725131819,0.6166829466819763,1006800000,0.0,0.0
2008-01-08 00:00:00-05:00,0.6201217900374969,0.6714738309590451,0.6056790353605,0.6297503113746643,1106956000,0.0,0.0
2008-01-09 00:00:00-05:00,0.6382326451626595,0.6625332128405141,0.6288334107519686,0.6623039245605469,741036000,0.0,0.0
2008-01-10 00:00:00-05:00,0.6441930160505083,0.6588650578364226,0.6357107726378728,0.6485487818717957,554432000,0.0,0.0
2008-01-11 00:00:00-05:00,0.6331888318196865,0.6464853038401142,0.6155365407482334,0.6201215386390686,572612000,0.0,0.0
2008-01-14 00:00:00-05:00,0.6292917376338102,0.662303776834175,0.6192047499481449,0.6613867878913879,539188000,0.0,0.0
2008-01-15 00:00:00-05:00,0.6361695221473189,0.6437347793205781,0.6020111933828863,0.6127859950065613,725692000,0.0,0.0
2008-01-16 00:00:00-05:00,0.5742718861317639,0.5813786205045938,0.5309435603819574,0.5435523390769958,1464472000,0.0,0.0
2008-01-17 00:00:00-05:00,0.5520346403693115,0.5667066325117496,0.5327775926087435,0.5341531038284302,1133900000,0.0,0.0
2008-01-18 00:00:00-05:00,0.5357576199052142,0.5724376665834904,0.5162714014729264,0.5694574117660522,920428000,0.0,0.0
2008-01-22 00:00:00-05:00,0.5151252690558142,0.5543270597972818,0.5119157797841775,0.5410305261611938,709092000,0.0,0.0
2008-01-23 00:00:00-05:00,0.5190225913223544,0.5671651562142378,0.5139791230446971,0.5508884191513062,929880000,0.0,0.0
2008-01-24 00:00:00-05:00,0.561663025287121,0.593299556882549,0.5563902700212163,0.5930702686309814,597092000,0.0,0.0
2008-01-25 00:00:00-05:00,0.6157659358529263,0.6295209319144819,0.569228139054751,0.5719791054725647,688012000,0.0,0.0
2008-01-28 00:00:00-05:00,0.5699159706664889,0.5756471924644465,0.5529514295254273,0.565101683139801,577608000,0.0,0.0
2008-01-29 00:00:00-05:00,0.5751887504460638,0.584817271262393,0.5602874747371619,0.5825247168540955,414484000,0.0,0.0
2008-01-30 00:00:00-05:00,0.5731253854544036,0.5861926263151054,0.5609751334044099,0.5774811506271362,530476000,0.0,0.0
2008-01-31 00:00:00-05:00,0.5648723494410822,0.5742716346029929,0.5463030673019369,0.5637261271476746,588708000,0.0,0.0
2008-02-01 00:00:00-05:00,0.5625800318720839,0.6189755970830226,0.5577657983016119,0.6157661080360413,593104000,0.0,0.0
2008-02-04 00:00:00-05:00,0.6290626225378859,0.6325014000428643,0.5932996097736826,0.5965090990066528,565128000,0.0,0.0
2008-02-05 00:00:00-05:00,0.584588192069754,0.5848174803870781,0.5589121638163972,0.5591413974761963,494928000,0.0,0.0
2008-02-06 00:00:00-05:00,0.5651015505857296,0.5806905773482121,0.546990791196261,0.5573070645332336,557380000,0.0,0.0
2008-02-07 00:00:00-05:00,0.5412597986959696,0.578627555440183,0.5295680100357008,0.5628092885017395,664128000,0.0,0.0
2008-02-08 00:00:00-05:00,0.5575363868423909,0.5772518932851257,0.5502004213071284,0.5728961825370789,393932000,0.0,0.0
2008-02-11 00:00:00-05:00,0.577710652281816,0.5871099422619106,0.570833151023404,0.574730396270752,503732000,0.0,0.0
2008-02-12 00:00:00-05:00,0.5834417208215668,0.6043034507384694,0.5802321776626187,0.5960504412651062,609688000,0.0,0.0
2008-02-13 00:00:00-05:00,0.6006354793040118,0.6212680316506799,0.5942165018859411,0.6194339990615845,742312000,0.0,0.0
2008-02-14 00:00:00-05:00,0.6013233953656906,0.6017819172998573,0.5169593494779632,0.5183348059654236,2184296000,0.0,0.0
2008-02-15 00:00:00-05:00,0.5162713435889765,0.5302555725817466,0.502287059938713,0.5105400681495667,817364000,0.0,0.0
2008-02-19 00:00:00-05:00,0.5199393530723627,0.5208563965920443,0.49861910240349905,0.5029748678207397,558608000,0.0,0.0
2008-02-20 00:00:00-05:00,0.4883031150917436,0.5066431197179978,0.4862398481740325,0.4993070960044861,759016000,0.0,0.0
2008-02-21 00:00:00-05:00,0.5043506181709863,0.5068723524049951,0.48509356962438716,0.48807382583618164,644272000,0.0,0.0
2008-02-22 00:00:00-05:00,0.49197105329545165,0.5126036123608678,0.4883030962378447,0.5116866230964661,723052000,0.0,0.0
2008-02-25 00:00:00-05:00,0.5112280903811177,0.517188602460626,0.49793155502567255,0.5114573240280151,671784000,0.0,0.0
2008-02-26 00:00:00-05:00,0.5084767361427869,0.523607240113885,0.5006822506599443,0.5158127546310425,565420000,0.0,0.0
2008-02-27 00:00:00-05:00,0.513291396944997,0.527963389976118,0.5100818523521515,0.5238369107246399,537816000,0.0,0.0
2008-02-28 00:00:00-05:00,0.5192517493585598,0.520168738391936,0.5041211843490601,0.5041211843490601,503608000,0.0,0.0
2008-02-29 00:00:00-05:00,0.49586817397880456,0.5025163847343961,0.4883029196329561,0.490366131067276,540576000,0.0,0.0
2008-03-03 00:00:00-05:00,0.48967831225429864,0.4931170886284318,0.4782158154363485,0.4846348464488983,449028000,0.0,0.0
2008-03-04 00:00:00-05:00,0.4814253832492483,0.4823424268723748,0.4610221191410256,0.4798206388950348,778888000,0.0,0.0
2008-03-05 00:00:00-05:00,0.4844057891526605,0.4967853353429677,0.47936232094320413,0.48532283306121826,644656000,0.0,0.0
2008-03-06 00:00:00-05:00,0.47936214006619093,0.48257162856254476,0.4541445899041212,0.4548323452472687,1075284000,0.0,0.0
2008-03-07 00:00:00-05:00,0.4465793906043985,0.46583643326131696,0.43557538574955523,0.44818416237831116,767500000,0.0,0.0
2008-03-10 00:00:00-04:00,0.44268221753654663,0.4481842345138991,0.42182045440550753,0.42250820994377136,776100000,0.0,0.0
2008-03-11 00:00:00-04:00,0.43557539691254943,0.4408481522207047,0.4181523865017984,0.4364924132823944,857940000,0.0,0.0
2008-03-12 00:00:00-04:00,0.44061895281708446,0.44451619753727806,0.4209034136161617,0.4245714247226715,743320000,0.0,0.0
2008-03-13 00:00:00-04:00,0.41792305152883963,0.45804184787893604,0.41540131844826933,0.4516228437423706,1220528000,0.0,0.0
2008-03-14 00:00:00-04:00,0.4539155258514216,0.4543740204751555,0.4167769694112772,0.4199864864349365,1154972000,0.0,0.0
2008-03-17 00:00:00-04:00,0.4016463590079685,0.4236543962748635,0.39683209829376453,0.40944087505340576,800952000,0.0,0.0
2008-03-18 00:00:00-04:00,0.41906929532525977,0.4355753135353629,0.40714830342921277,0.434887558221817,1075256000,0.0,0.0
2008-03-19 00:00:00-04:00,0.4248006794879307,0.4307611632883894,0.4048559069633484,0.4048559069633484,880476000,0.0,0.0
2008-03-20 00:00:00-04:00,0.4096701466829483,0.4254884138349205,0.4023341517986856,0.4245714247226715,633460000,0.0,0.0
2008-03-24 00:00:00-04:00,0.43397066573445,0.46170992668751637,0.43236592119895356,0.45918819308280945,887440000,0.0,0.0
2008-03-25 00:00:00-04:00,0.46125131775239614,0.47454779181410384,0.45689555269015797,0.4658363163471222,735388000,0.0,0.0
2008-03-26 00:00:00-04:00,0.45964680894537924,0.46285629867272265,0.44589177879298386,0.4509352743625641,721652000,0.0,0.0
2008-03-27 00:00:00-04:00,0.4440575087762607,0.4566662538635167,0.4371799841271942,0.44451600313186646,601308000,0.0,0.0
2008-03-28 00:00:00-04:00,0.45253999764588393,0.4628562766004166,0.4479549969233183,0.45116451382637024,561788000,0.0,0.0
2008-03-31 00:00:00-04:00,0.45597861783181437,0.4644608886066418,0.4479548688611684,0.4536861181259155,569992000,0.0,0.0
2008-04-01 00:00:00-04:00,0.46721202507625664,0.4825717714193603,0.46056375789606385,0.4814254939556122,676872000,0.0,0.0
2008-04-02 00:00:00-04:00,0.4828010148360776,0.4828010148360776,0.4630855011831017,0.4667535126209259,616536000,0.0,0.0
2008-04-03 00:00:00-04:00,0.4628561970216166,0.4635439524775078,0.44451616995579235,0.4580419361591339,841984000,0.0,0.0
2008-04-04 00:00:00-04:00,0.4488719502279751,0.45116447773462287,0.42938569871591037,0.43053194880485535,1535528000,0.0,0.0
2008-04-07 00:00:00-04:00,0.4410774028279329,0.44749640795167867,0.43740939209186264,0.44084814190864563,729496000,0.0,0.0
2008-04-08 00:00:00-04:00,0.43557545339338793,0.452539971483374,0.43557545339338793,0.4383264482021332,639476000,0.0,0.0
2008-04-09 00:00:00-04:00,0.4433698947841017,0.4516229051284261,0.4392433896119395,0.4470379054546356,675232000,0.0,0.0
2008-04-10 00:00:00-04:00,0.45185215062334605,0.47019220445936444,0.4422236565203794,0.45574942231178284,1092184000,0.0,0.0
2008-04-11 00:00:00-04:00,0.4470378732613082,0.4497888674017196,0.4220495831126697,0.4248006045818329,1106280000,0.0,0.0
2008-04-14 00:00:00-04:00,0.4231959430572246,0.4241129595617889,0.40806543035512277,0.4105871915817261,780004000,0.0,0.0
2008-04-15 00:00:00-04:00,0.41265034770292863,0.4170061137317958,0.40370960939058836,0.4154013693332672,439916000,0.0,0.0
2008-04-16 00:00:00-04:00,0.43121965747205304,0.43740940181409005,0.4236544022412279,0.43190738558769226,646836000,0.0,0.0
2008-04-17 00:00:00-04:00,0.4119626599910853,0.4275516656659259,0.41173339905650796,0.4259469211101532,596968000,0.0,0.0
2008-04-18 00:00:00-04:00,0.43901416001880467,0.4429114318825857,0.4300734209485256,0.4360339045524597,573540000,0.0,0.0
2008-04-21 00:00:00-04:00,0.4325951271637377,0.45850040832331623,0.4325951271637377,0.4555201530456543,679892000,0.0,0.0
2008-04-22 00:00:00-04:00,0.4472671390410729,0.45208139963005445,0.43740938427667253,0.4470379054546356,587668000,0.0,0.0
2008-04-23 00:00:00-04:00,0.45322765490604,0.4736309200928441,0.44726714432815246,0.46858739852905273,1020496000,0.0,0.0
2008-04-24 00:00:00-04:00,0.47133844891846094,0.4736309489219963,0.450476687954787,0.45735418796539307,655764000,0.0,0.0
2008-04-25 00:00:00-04:00,0.4617100465494243,0.46308555783908456,0.4472672873230433,0.46193933486938477,552208000,0.0,0.0
2008-04-28 00:00:00-04:00,0.4598758891948441,0.46675338831254065,0.45185211289544597,0.4536861181259155,535700000,0.0,0.0
2008-04-29 00:00:00-04:00,0.44864265827065203,0.4688166900073735,0.44864265827065203,0.463085412979126,573408000,0.0,0.0
2008-04-30 00:00:00-04:00,0.4685873342730432,0.47615258825257495,0.4653778458350602,0.4711091220378876,1068320000,0.0,0.0
2008-05-01 00:00:00-04:00,0.4768405927103124,0.4940343756442482,0.47454809196295633,0.4928881525993347,1014624000,0.0,0.0
2008-05-02 00:00:00-04:00,0.5064134834434981,0.5162712335586548,0.49884823208401774,0.5162712335586548,1131016000,0.0,0.0
2008-05-05 00:00:00-04:00,0.5128328810240517,0.5151253816703283,0.5022873671196743,0.5034336447715759,943392000,0.0,0.0
2008-05-06 00:00:00-04:00,0.5020580149182711,0.5176469937694408,0.49426347083517225,0.5165007710456848,729036000,0.0,0.0
2008-05-07 00:00:00-04:00,0.5178763779569379,0.5247538795458085,0.5002240746870648,0.5045798420906067,715632000,0.0,0.0
2008-05-08 00:00:00-04:00,0.50847680139672,0.5100815453986876,0.48165456575920224,0.5032040476799011,1360000000,0.0,0.0
2008-05-09 00:00:00-04:00,0.5045797486365452,0.5371332719909169,0.5036627595260377,0.5165007710456848,2030352000,0.0,0.0
2008-05-12 00:00:00-04:00,0.5231490413533086,0.5231490413533086,0.49678526263504336,0.5018287301063538,1006652000,0.0,0.0
2008-05-13 00:00:00-04:00,0.5043503659127352,0.5043503659127352,0.48784434817352773,0.49151235818862915,854108000,0.0,0.0
2008-05-14 00:00:00-04:00,0.4977023258823605,0.5190225856473565,0.4915125800999452,0.5059553384780884,751148000,0.0,0.0
2008-05-15 00:00:00-04:00,0.504809116009072,0.5474496948500429,0.5025166152966023,0.5451571941375732,1165464000,0.0,0.0
2008-05-16 00:00:00-04:00,0.5543271790744089,0.5607462136564105,0.5417183982345131,0.5595999360084534,1091556000,0.0,0.0
2008-05-19 00:00:00-04:00,0.5598291571713849,0.5802324287945916,0.5440108867225488,0.5479081869125366,1158532000,0.0,0.0
2008-05-20 00:00:00-04:00,0.5330067502502884,0.5391964945639381,0.5275047613778786,0.5336945056915283,771404000,0.0,0.0
2008-05-21 00:00:00-04:00,0.535070054597048,0.5557025553278996,0.5281924996959175,0.5293387770652771,1066660000,0.0,0.0
2008-05-22 00:00:00-04:00,0.5369042045594768,0.5465327298437979,0.52842195701122,0.5421769618988037,693108000,0.0,0.0
2008-05-23 00:00:00-04:00,0.5412597554696322,0.5456155216680472,0.5220027126226972,0.5297972559928894,802672000,0.0,0.0
2008-05-27 00:00:00-04:00,0.5307141885314152,0.5362161767631297,0.520627146339518,0.5355284214019775,832856000,0.0,0.0
2008-05-28 00:00:00-04:00,0.5502008121629585,0.5515762691008972,0.5343825381300541,0.5405722856521606,751736000,0.0,0.0
2008-05-29 00:00:00-04:00,0.5408012357086235,0.5417182247387897,0.5293387361877716,0.5391964912414551,693460000,0.0,0.0
2008-05-30 00:00:00-04:00,0.554556329124268,0.5680820972485807,0.5529515843851147,0.5662481188774109,830244000,0.0,0.0
2008-06-02 00:00:00-04:00,0.5662481917416884,0.5728964598433293,0.5600584456206014,0.5685406923294067,734660000,0.0,0.0
2008-06-03 00:00:00-04:00,0.5703745264119442,0.5712915701406863,0.5426352927265289,0.549283504486084,840696000,0.0,0.0
2008-06-04 00:00:00-04:00,0.5371331625633001,0.5568486703814768,0.5341529075681686,0.5557024478912354,831724000,0.0,0.0
2008-06-05 00:00:00-04:00,0.5749594056033037,0.5811492035127831,0.5632676744226206,0.5696866512298584,827860000,0.0,0.0
2008-06-06 00:00:00-04:00,0.5628092242274998,0.5634969796382377,0.5483664699170181,0.5515759587287903,784876000,0.0,0.0
2008-06-09 00:00:00-04:00,0.5483666767871502,0.555931934501737,0.5320899383460082,0.5430939197540283,637916000,0.0,0.0
2008-06-10 00:00:00-04:00,0.5284216124432469,0.5291093677049146,0.5075598303734858,0.5109986066818237,1225208000,0.0,0.0
2008-06-11 00:00:00-04:00,0.5109988254315099,0.5233783161259801,0.4864690230179061,0.48715677857398987,999428000,0.0,0.0
2008-06-12 00:00:00-04:00,0.49816060706754156,0.5077890715610061,0.4860103003666294,0.4901368319988251,825992000,0.0,0.0
2008-06-13 00:00:00-04:00,0.49082480513565396,0.49655602873654386,0.47408954695532385,0.48853230476379395,705748000,0.0,0.0
2008-06-16 00:00:00-04:00,0.48325930452965554,0.4878443029592117,0.4779865508699167,0.48188379406929016,630496000,0.0,0.0
2008-06-17 00:00:00-04:00,0.4887614263423104,0.4889906599296825,0.4690459167331094,0.47019219398498535,687912000,0.0,0.0
2008-06-18 00:00:00-04:00,0.46537800018998393,0.48142550235997816,0.4488719760949823,0.45643725991249084,1065272000,0.0,0.0
2008-06-19 00:00:00-04:00,0.4589590118682949,0.4653779907429822,0.44428696645612226,0.4552909731864929,784928000,0.0,0.0
2008-06-20 00:00:00-04:00,0.44520385245048166,0.45804186109400474,0.44497459155983804,0.4529983401298523,741008000,0.0,0.0
2008-06-23 00:00:00-04:00,0.45643726420764286,0.4568957588082053,0.43970197899265573,0.44359922409057617,776616000,0.0,0.0
2008-06-24 00:00:00-04:00,0.44107739696523784,0.46881668337883936,0.44107739696523784,0.4582711458206177,1078928000,0.0,0.0
2008-06-25 00:00:00-04:00,0.46537801914783955,0.4688167970816814,0.4534570225159764,0.46079301834106445,900976000,0.0,0.0
2008-06-26 00:00:00-04:00,0.4470380053773636,0.4504767559013421,0.43718022108078003,0.43718022108078003,845532000,0.0,0.0
2008-06-27 00:00:00-04:00,0.4390142026810079,0.4445162196140285,0.4289272126302742,0.44199445843696594,584140000,0.0,0.0
2008-06-30 00:00:00-04:00,0.4369508483111293,0.44084809219827625,0.4261760782371771,0.4291563332080841,653940000,0.0,0.0
2008-07-01 00:00:00-04:00,0.42411289125880103,0.43030263552053233,0.41631837520471887,0.4298441410064697,881464000,0.0,0.0
2008-07-02 00:00:00-04:00,0.42778096876859534,0.4305319636109189,0.4126504288139189,0.41333818435668945,763196000,0.0,0.0
2008-07-03 00:00:00-04:00,0.297566767303996,0.3010055171716851,0.28427026234984715,0.28633350133895874,2987520000,0.0,0.0
2008-07-07 00:00:00-04:00,0.2906893428212758,0.2925233486912421,0.26959831630980635,0.27739283442497253,2202692000,0.0,0.0
2008-07-08 00:00:00-04:00,0.2792267564180846,0.28610425586795646,0.2705152243204093,0.27578797936439514,1805288000,0.0,0.0
2008-07-09 00:00:00-04:00,0.27647566973768684,0.28060217390265213,0.27097368240356445,0.27097368240356445,1413168000,0.0,0.0
2008-07-10 00:00:00-04:00,0.2723493828905262,0.2755589008370484,0.2652426185285124,0.2702861428260803,1056992000,0.0,0.0
2008-07-11 00:00:00-04:00,0.264783920357331,0.2741831786051441,0.25951116639706384,0.26753494143486023,807760000,0.0,0.0
2008-07-14 00:00:00-04:00,0.2695982655322724,0.27166150466690725,0.2535507376891134,0.25538474321365356,882316000,0.0,0.0
2008-07-15 00:00:00-04:00,0.2530920976538466,0.2634083693831313,0.24529761281604318,0.2581356167793274,1122484000,0.0,0.0
2008-07-16 00:00:00-04:00,0.25905282710519684,0.2663888239373928,0.2519460639475532,0.2595113217830658,1034392000,0.0,0.0
2008-07-17 00:00:00-04:00,0.2636376784783231,0.2636376784783231,0.2503411764159334,0.26042819023132324,862080000,0.0,0.0
2008-07-18 00:00:00-04:00,0.2585942424845125,0.2666179922071179,0.2512582208751266,0.2650132477283478,899720000,0.0,0.0
2008-07-21 00:00:00-04:00,0.26913977442655734,0.27303701913559164,0.26432551327914294,0.266618013381958,571636000,0.0,0.0
2008-07-22 00:00:00-04:00,0.264096247722255,0.2652424977536317,0.2558432638935964,0.2608867585659027,555924000,0.0,0.0
2008-07-23 00:00:00-04:00,0.2627207763915633,0.27143228250395285,0.26157452630647937,0.26868128776550293,594876000,0.0,0.0
2008-07-24 00:00:00-04:00,0.2659302338413179,0.26845199465791264,0.25217523446808376,0.25286298990249634,705628000,0.0,0.0
2008-07-25 00:00:00-04:00,0.2553847261982175,0.26593023676514366,0.2501119709147544,0.2650132477283478,1039600000,0.0,0.0
2008-07-28 00:00:00-04:00,0.26157459349648293,0.27303709729166675,0.26042834311696456,0.2643255889415741,734808000,0.0,0.0
2008-07-29 00:00:00-04:00,0.26478405143391154,0.2737248197043522,0.26180379534376463,0.2670765519142151,764636000,0.0,0.0
2008-07-30 00:00:00-04:00,0.27234914978164737,0.2728076714735279,0.257218644496972,0.26317915320396423,588492000,0.0,0.0
2008-07-31 00:00:00-04:00,0.2624915482064036,0.26799356569880545,0.25951129214744767,0.2622623145580292,487236000,0.0,0.0
2008-08-01 00:00:00-04:00,0.2553846548078093,0.2563016709170166,0.24529766890775906,0.24850715696811676,881060000,0.0,0.0
2008-08-04 00:00:00-04:00,0.248507263714802,0.2498827748050923,0.2418589965500773,0.24254675209522247,522052000,0.0,0.0
2008-08-05 00:00:00-04:00,0.24713176736256662,0.2565310299396515,0.24438077234668534,0.2565310299396515,685844000,0.0,0.0
2008-08-06 00:00:00-04:00,0.2572186818213013,0.26570095174949454,0.24896567277231574,0.26340845227241516,814864000,0.0,0.0
2008-08-07 00:00:00-04:00,0.2611159682660454,0.2728077272233683,0.25630170814744163,0.2592819631099701,819232000,0.0,0.0
2008-08-08 00:00:00-04:00,0.2613452415542085,0.2636377415155718,0.251258225326957,0.2521752417087555,853764000,0.0,0.0
2008-08-11 00:00:00-04:00,0.2540092379769286,0.26363773200143076,0.25309222162822337,0.2574479877948761,1196436000,0.0,0.0
2008-08-12 00:00:00-04:00,0.25951110536651323,0.2601988604741527,0.25011184932917113,0.2537798583507538,1410868000,0.0,0.0
2008-08-13 00:00:00-04:00,0.2739539926427368,0.28518723045467115,0.26730572698916627,0.28106072545051575,2095260000,0.0,0.0
2008-08-14 00:00:00-04:00,0.27899746852861934,0.3092584850451168,0.27899746852861934,0.2980252206325531,1635304000,0.0,0.0
2008-08-15 00:00:00-04:00,0.30329809813448433,0.3067368762498802,0.29504508531505813,0.29710835218429565,777652000,0.0,0.0
2008-08-18 00:00:00-04:00,0.2991715739412924,0.3058198414641861,0.29596208432938526,0.3030688464641571,893968000,0.0,0.0
2008-08-19 00:00:00-04:00,0.2968789844945,0.3094877601756721,0.2968789844945,0.3076537549495697,1014140000,0.0,0.0
2008-08-20 00:00:00-04:00,0.3122388225638044,0.3237013235701633,0.3099463223625326,0.32278433442115784,1143692000,0.0,0.0
2008-08-21 00:00:00-04:00,0.3170531644302663,0.31957492622354317,0.3058198941942099,0.3122389018535614,1021560000,0.0,0.0
2008-08-22 00:00:00-04:00,0.3145313342275912,0.31819934561480323,0.3053613330883203,0.3120095729827881,459264000,0.0,0.0
2008-08-25 00:00:00-04:00,0.3101755973191546,0.3175115928287062,0.3065075858999991,0.3074245750904083,471600000,0.0,0.0
2008-08-26 00:00:00-04:00,0.30902929077274816,0.3092585243641385,0.29687900858016647,0.3000885248184204,613112000,0.0,0.0
2008-08-27 00:00:00-04:00,0.29321100979813697,0.3060490194210751,0.290459988215541,0.3023810088634491,454620000,0.0,0.0
2008-08-28 00:00:00-04:00,0.3028395561951182,0.30604907282527555,0.29825455586239996,0.30123481154441833,365192000,0.0,0.0
2008-08-29 00:00:00-04:00,0.2971083273129232,0.29802531651442493,0.2888553151843687,0.2897723317146301,516004000,0.0,0.0
2008-09-02 00:00:00-04:00,0.29458647532555,0.29710823584648116,0.27853897793826393,0.28243622183799744,693928000,0.0,0.0
2008-09-03 00:00:00-04:00,0.27853909027932394,0.27968534055500993,0.2647840596423295,0.26730582118034363,714856000,0.0,0.0
2008-09-04 00:00:00-04:00,0.2643254769405894,0.2670764712200189,0.2620329771529392,0.2636377215385437,716128000,0.0,0.0
2008-09-05 00:00:00-04:00,0.26134517133916735,0.26822266937549466,0.26111593780187187,0.26753494143486023,791100000,0.0,0.0
2008-09-08 00:00:00-04:00,0.2700567987049385,0.2700567987049385,0.2521752901085695,0.2565310299396515,1314840000,0.0,0.0
2008-09-09 00:00:00-04:00,0.25561401516423365,0.2712030218012571,0.2469025090439478,0.24781949818134308,1098296000,0.0,0.0
2008-09-10 00:00:00-04:00,0.2507997472142364,0.2558432693223174,0.2464440079340833,0.24804875254631042,644284000,0.0,0.0
2008-09-11 00:00:00-04:00,0.23383521927676357,0.24117124116005736,0.2283332165286711,0.23612771928310394,1066976000,0.0,0.0
2008-09-12 00:00:00-04:00,0.23406446046879598,0.23566920487214504,0.22030944792642118,0.23360596597194672,1209200000,0.0,0.0
2008-09-15 00:00:00-04:00,0.2253529552027205,0.22879171878731125,0.21045169188408566,0.21320270001888275,863984000,0.0,0.0
2008-09-16 00:00:00-04:00,0.20563742133914856,0.2214556855701889,0.2017401636742271,0.21985092759132385,1240840000,0.0,0.0
2008-09-17 00:00:00-04:00,0.21480743911170475,0.23429370183371567,0.21274418647860927,0.2292502075433731,1392580000,0.0,0.0
2008-09-18 00:00:00-04:00,0.23200127168646334,0.2618038065328889,0.23154277703655948,0.24965354800224304,1611060000,0.0,0.0
2008-09-19 00:00:00-04:00,0.2615745961666107,0.26363783593929924,0.24988283124466895,0.2615745961666107,1107344000,0.0,0.0
2008-09-22 00:00:00-04:00,0.2595112112171407,0.2670764658294424,0.2546969508287435,0.256072461605072,700072000,0.0,0.0
2008-09-23 00:00:00-04:00,0.2540092258730794,0.2634084858590847,0.2478194546327206,0.24873647093772888,821468000,0.0,0.0
2008-09-24 00:00:00-04:00,0.24552686661314738,0.26294986952963956,0.2441513836431568,0.25790637731552124,866036000,0.0,0.0
2008-09-25 00:00:00-04:00,0.25790656683156765,0.26913983631572536,0.2535507992373486,0.26295006275177,588328000,0.0,0.0
2008-09-26 00:00:00-04:00,0.25653098255131784,0.26982751521748943,0.25171674899503715,0.2679935097694397,646852000,0.0,0.0
2008-09-29 00:00:00-04:00,0.2608867377454737,0.26409622664568827,0.22925020660976567,0.231542706489563,975240000,0.0,0.0
2008-09-30 00:00:00-04:00,0.23521076268359448,0.24781951445914105,0.23268900139698134,0.2455270141363144,659044000,0.0,0.0
2008-10-01 00:00:00-04:00,0.241858961569059,0.24621472783914736,0.2342937063241728,0.23864947259426117,557208000,0.0,0.0
2008-10-02 00:00:00-04:00,0.2402542438466386,0.2402542438466386,0.21274421425633597,0.21389047801494598,787728000,0.0,0.0
2008-10-03 00:00:00-04:00,0.21732916833678448,0.22351892533651296,0.2056374096698669,0.20701290667057037,915828000,0.0,0.0
2008-10-06 00:00:00-04:00,0.19715517542487207,0.1976136699221995,0.16758189774470358,0.1799614131450653,1677440000,0.0,0.0
2008-10-07 00:00:00-04:00,0.18638044664734144,0.18683894121491013,0.16460166773587384,0.16597716510295868,1059984000,0.0,0.0
2008-10-08 00:00:00-04:00,0.16001661758124708,0.17927362938224967,0.15841185976564293,0.16941587626934052,1219456000,0.0,0.0
2008-10-09 00:00:00-04:00,0.17560564451354682,0.17812740520485607,0.15680713810544294,0.15864112973213196,909636000,0.0,0.0
2008-10-10 00:00:00-04:00,0.1448861943551068,0.16804046319923602,0.14396919130885907,0.1561194509267807,1200252000,0.0,0.0
2008-10-13 00:00:00-04:00,0.1694159288257953,0.18477568812329273,0.16735267594531011,0.18454644083976746,916536000,0.0,0.0
2008-10-14 00:00:00-04:00,0.19142392732268795,0.1925701773208064,0.17537641368465226,0.180419921875,1209012000,0.0,0.0
2008-10-15 00:00:00-04:00,0.17927363894344567,0.18019064150635816,0.16093362867832184,0.16093362867832184,854064000,0.0,0.0
2008-10-16 00:00:00-04:00,0.1657479134769814,0.17743967495185403,0.15818265765963774,0.17652267217636108,1019820000,0.0,0.0
2008-10-17 00:00:00-04:00,0.171479185260014,0.18546344748179067,0.16826968223100985,0.17537643015384674,839416000,0.0,0.0
2008-10-20 00:00:00-04:00,0.18133694726619365,0.18271244470294204,0.17445943275369266,0.17881518602371216,595764000,0.0,0.0
2008-10-21 00:00:00-04:00,0.17537641245498287,0.17721041790486414,0.16414315981930985,0.1650601625442505,659116000,0.0,0.0
2008-10-22 00:00:00-04:00,0.16276768916639942,0.16964520447267661,0.15451468992900033,0.15887044370174408,600996000,0.0,0.0
2008-10-23 00:00:00-04:00,0.15841186957428147,0.16230912708402606,0.14351060854386155,0.14992961287498474,832192000,0.0,0.0
2008-10-24 00:00:00-04:00,0.1375501599328541,0.15932892728466758,0.13686240435065677,0.15153442323207855,798336000,0.0,0.0
2008-10-27 00:00:00-04:00,0.15061740233743348,0.16918666419297998,0.14580314116636378,0.15978741645812988,698936000,0.0,0.0
2008-10-28 00:00:00-04:00,0.1682696172556438,0.18408786533997568,0.16528936266570668,0.18385861814022064,849920000,0.0,0.0
2008-10-29 00:00:00-04:00,0.18271238282144417,0.20174014785367267,0.18179538028605818,0.18981914222240448,977284000,0.0,0.0
2008-10-30 00:00:00-04:00,0.20059394899223598,0.2017401990361842,0.18569268475653075,0.19784294068813324,657176000,0.0,0.0
2008-10-31 00:00:00-04:00,0.19165317364112636,0.2047204308219838,0.19119466547821148,0.20082317292690277,608672000,0.0,0.0
2008-11-03 00:00:00-05:00,0.20517891170208066,0.20884692210443398,0.19027765018736603,0.19348715245723724,723924000,0.0,0.0
2008-11-04 00:00:00-05:00,0.2001354010559177,0.20586664974689484,0.19486264679446885,0.20586664974689484,619560000,0.0,0.0
2008-11-05 00:00:00-05:00,0.19830143565347452,0.20403268549024303,0.19509193301200867,0.19509193301200867,787620000,0.0,0.0
2008-11-06 00:00:00-05:00,0.18362943519399014,0.19050693557938128,0.174230173735786,0.1746886819601059,797936000,0.0,0.0
2008-11-07 00:00:00-05:00,0.1989892122046916,0.2079299799095258,0.18569270479433586,0.19990621507167816,1132068000,0.0,0.0
2008-11-10 00:00:00-05:00,0.20747149570022985,0.20861775966515764,0.18271247007829464,0.18706822395324707,576396000,0.0,0.0
2008-11-11 00:00:00-05:00,0.18431720309946475,0.18569270053621315,0.17698119399617415,0.17881518602371216,576484000,0.0,0.0
2008-11-12 00:00:00-05:00,0.1733131738515712,0.1774396796176061,0.1662064260672923,0.16826967895030975,646092000,0.0,0.0
2008-11-13 00:00:00-05:00,0.16047513034537425,0.18225390496489438,0.1572656280117543,0.18202465772628784,797228000,0.0,0.0
2008-11-14 00:00:00-05:00,0.17468863087250616,0.17560561972421584,0.1636846143438692,0.16437236964702606,741024000,0.0,0.0
2008-11-17 00:00:00-05:00,0.1627676201397715,0.16712337206532435,0.15932887077713118,0.16093362867832184,388224000,0.0,0.0
2008-11-18 00:00:00-05:00,0.1641431868159936,0.165060189691754,0.15038817100834745,0.15566092729568481,564488000,0.0,0.0
2008-11-19 00:00:00-05:00,0.15428539142274617,0.15818264960402467,0.14213513601108047,0.14282289147377014,500220000,0.0,0.0
2008-11-20 00:00:00-05:00,0.14167663741232947,0.1487833987936419,0.13365288690448007,0.13525763154029846,847036000,0.0,0.0
2008-11-21 00:00:00-05:00,0.13961338014901015,0.14626163244247437,0.13181886426692954,0.14626163244247437,599064000,0.0,0.0
2008-11-24 00:00:00-05:00,0.15520236671489895,0.15772412718937964,0.14672011005352154,0.15589012205600739,600308000,0.0,0.0
2008-11-25 00:00:00-05:00,0.1627675971254269,0.16322610517424058,0.15566085218036227,0.1602458506822586,528256000,0.0,0.0
2008-11-26 00:00:00-05:00,0.15749490960747045,0.17491793583675017,0.15657792045300548,0.17445942759513855,600792000,0.0,0.0
2008-11-28 00:00:00-05:00,0.17170843433594551,0.17423018186199585,0.16895742585485304,0.17124992609024048,175248000,0.0,0.0
2008-12-01 00:00:00-05:00,0.16437235557127258,0.16597709958871956,0.15634859449091737,0.15657785534858704,547112000,0.0,0.0
2008-12-02 00:00:00-05:00,0.15955812427929975,0.16735263953852977,0.15749487184766542,0.16528938710689545,479988000,0.0,0.0
2008-12-03 00:00:00-05:00,0.15887037401259166,0.1740008819192075,0.15749486335608107,0.17377163469791412,584632000,0.0,0.0
2008-12-04 00:00:00-05:00,0.17033295173674806,0.17881521222423774,0.15841194032134184,0.1623091995716095,466292000,0.0,0.0
2008-12-05 00:00:00-05:00,0.1572656583307769,0.1694159282918704,0.1545146636083858,0.16872817277908325,438484000,0.0,0.0
2008-12-08 00:00:00-05:00,0.17193767853139516,0.1753764288225721,0.15932891379936737,0.1632261723279953,707992000,0.0,0.0
2008-12-09 00:00:00-05:00,0.16116289288616295,0.18546341553879844,0.15932888756707209,0.17904441058635712,829760000,0.0,0.0
2008-12-10 00:00:00-05:00,0.18248314182311923,0.20059390493721646,0.17950288689763477,0.19600890576839447,961124000,0.0,0.0
2008-12-11 00:00:00-05:00,0.194862610938314,0.20174010810197648,0.18546335388314422,0.18775585293769836,582700000,0.0,0.0
2008-12-12 00:00:00-05:00,0.18225394251474888,0.19830145748912478,0.17858593128381786,0.1971552073955536,679268000,0.0,0.0
2008-12-15 00:00:00-05:00,0.1983014605872743,0.19944771069875386,0.18454644558514025,0.19073620438575745,476996000,0.0,0.0
2008-12-16 00:00:00-05:00,0.1925701905380143,0.20403270497031512,0.19073619861377403,0.20357421040534973,521940000,0.0,0.0
2008-12-17 00:00:00-05:00,0.19990615266344003,0.21664141901654638,0.1971551585856866,0.21366116404533386,674180000,0.0,0.0
2008-12-18 00:00:00-05:00,0.21228563964179933,0.21297339490477046,0.1914238711968713,0.19394563138484955,550808000,0.0,0.0
2008-12-19 00:00:00-05:00,0.19646748235184971,0.20403273960877694,0.19463347645187307,0.1953212320804596,593120000,0.0,0.0
2008-12-22 00:00:00-05:00,0.19830138302602224,0.19875987742553233,0.1767518729615712,0.18385861814022064,522464000,0.0,0.0
2008-12-23 00:00:00-05:00,0.18500490648874424,0.18890216435700988,0.17858590156711657,0.181336909532547,377452000,0.0,0.0
2008-12-24 00:00:00-05:00,0.17766889282348045,0.18202465870223944,0.17331314060909764,0.1769811511039734,146616000,0.0,0.0
2008-12-26 00:00:00-05:00,0.17698114411374657,0.1792736437503089,0.16735263744155932,0.1721668839454651,226156000,0.0,0.0
2008-12-29 00:00:00-05:00,0.17445936756597427,0.17766886949539185,0.16322611764519998,0.17766886949539185,460168000,0.0,0.0
2008-12-30 00:00:00-05:00,0.17996137475126334,0.1866096255304027,0.17583487049817717,0.18385861814022064,409860000,0.0,0.0
2008-12-31 00:00:00-05:00,0.18156616981205967,0.18958993337218422,0.17835666712088538,0.18500491976737976,441580000,0.0,0.0
2009-01-02 00:00:00-05:00,0.18500490126403607,0.2010524131149088,0.1843171595403834,0.19967691600322723,497124000,0.0,0.0
2009-01-05 00:00:00-05:00,0.19738444491716392,0.2079299561878561,0.19600894760579746,0.20334495604038239,705736000,0.0,0.0
2009-01-06 00:00:00-05:00,0.2093053907866911,0.21618290261162507,0.2047203920129846,0.21022239327430725,657904000,0.0,0.0
2009-01-07 00:00:00-05:00,0.20540823371747427,0.20540823371747427,0.1905069541046716,0.19761371612548828,870096000,0.0,0.0
2009-01-08 00:00:00-05:00,0.19509189537049323,0.19509189537049323,0.18064912943833136,0.19257013499736786,1014496000,0.0,0.0
2009-01-09 00:00:00-05:00,0.19257014482275617,0.19257014482275617,0.18133689400403838,0.1817953884601593,761352000,0.0,0.0
2009-01-12 00:00:00-05:00,0.18179543648151225,0.18271243930035636,0.17193768009160162,0.17445942759513855,645532000,0.0,0.0
2009-01-13 00:00:00-05:00,0.16849892951928605,0.18202469716451034,0.16528942649028192,0.17537643015384674,1824424000,0.0,0.0
2009-01-14 00:00:00-05:00,0.16918669052156235,0.17124994367818996,0.16506019787268775,0.1675819456577301,974908000,0.0,0.0
2009-01-15 00:00:00-05:00,0.1684989022864308,0.17629340447872507,0.16506015252492248,0.17354241013526917,998204000,0.0,0.0
2009-01-16 00:00:00-05:00,0.17835659609356086,0.18477559891965636,0.17262534845039423,0.1831708550453186,831324000,0.0,0.0
2009-01-20 00:00:00-05:00,0.18271239549458446,0.18340015085992117,0.163913876376222,0.16528938710689545,705788000,0.0,0.0
2009-01-21 00:00:00-05:00,0.1684989376295851,0.17445943573355638,0.16230917856192356,0.1733131855726242,648472000,0.0,0.0
2009-01-22 00:00:00-05:00,0.16781112492189093,0.17468863720983732,0.16391386750324213,0.17010362446308136,547656000,0.0,0.0
2009-01-23 00:00:00-05:00,0.1652894127707708,0.18202468205592226,0.1650601655015228,0.17675192654132843,633616000,0.0,0.0
2009-01-26 00:00:00-05:00,0.17766892714966367,0.18798519157916546,0.17468868512725547,0.18271243572235107,581748000,0.0,0.0
2009-01-27 00:00:00-05:00,0.18569265084880024,0.19486266319030768,0.18500489548226504,0.19348715245723724,725300000,0.0,0.0
2009-01-28 00:00:00-05:00,0.20036467125098206,0.20472042348857122,0.19394566651512687,0.20151092112064362,723752000,0.0,0.0
2009-01-29 00:00:00-05:00,0.19486264933484002,0.19715514884111757,0.1889021396870185,0.18981914222240448,413128000,0.0,0.0
2009-01-30 00:00:00-05:00,0.18844365435467744,0.1934871480463746,0.17996139757307245,0.182253897190094,506760000,0.0,0.0
2009-02-02 00:00:00-05:00,0.1795029359490978,0.19417495369589424,0.17858593313187565,0.19211170077323914,577992000,0.0,0.0
2009-02-03 00:00:00-05:00,0.19257013505457996,0.1960088979585567,0.18729738075477376,0.19440414011478424,396948000,0.0,0.0
2009-02-04 00:00:00-05:00,0.19486271979982175,0.20976398564349896,0.19486271979982175,0.19990621507167816,779232000,0.0,0.0
2009-02-05 00:00:00-05:00,0.19463339805268465,0.21687066622339338,0.19257014566239333,0.21457816660404205,919192000,0.0,0.0
2009-02-06 00:00:00-05:00,0.2152659834249275,0.22764548763727455,0.21159797205506212,0.22626999020576477,1157880000,0.0,0.0
2009-02-09 00:00:00-05:00,0.22535293597010564,0.22856243835460036,0.21709993959881657,0.22328968346118927,716128000,0.0,0.0
2009-02-10 00:00:00-05:00,0.22306042341713847,0.226040678388351,0.20953465926432815,0.21366116404533386,1129664000,0.0,0.0
2009-02-11 00:00:00-05:00,0.19669666451798656,0.2038034247780141,0.18019065787891247,0.18683890998363495,1983400000,0.0,0.0
2009-02-12 00:00:00-05:00,0.18271243994102127,0.191882454497237,0.18019069242864205,0.19073620438575745,1024020000,0.0,0.0
2009-02-13 00:00:00-05:00,0.18638041394019328,0.19279941874598244,0.18500490315011245,0.19050690531730652,764304000,0.0,0.0
2009-02-17 00:00:00-05:00,0.1834001470628976,0.18775589906964057,0.17881513416287165,0.17950288951396942,779576000,0.0,0.0
2009-02-18 00:00:00-05:00,0.17950292538383836,0.19027768393935005,0.17927367810912073,0.1843171864748001,646252000,0.0,0.0
2009-02-19 00:00:00-05:00,0.18798514001449187,0.18958989789195024,0.17010362446308136,0.17010362446308136,743988000,0.0,0.0
2009-02-20 00:00:00-05:00,0.16781117423899272,0.17721043605167086,0.16620642955429987,0.17445942759513855,770056000,0.0,0.0
2009-02-23 00:00:00-05:00,0.1774396801312547,0.1783566829335146,0.16528942374616318,0.16643567383289337,679548000,0.0,0.0
2009-02-24 00:00:00-05:00,0.16735264978645648,0.1815661567802387,0.16712338887438807,0.181336909532547,659524000,0.0,0.0
2009-02-25 00:00:00-05:00,0.1808784082019811,0.18890217148914698,0.17468866395872357,0.18340016901493073,702360000,0.0,0.0
2009-02-26 00:00:00-05:00,0.18981915652806675,0.19577965296072436,0.1870681487145799,0.18936064839363098,1117556000,0.0,0.0
2009-02-27 00:00:00-05:00,0.18454638789221617,0.1941748940172068,0.18317089092132463,0.18981914222240448,755444000,0.0,0.0
2009-03-02 00:00:00-05:00,0.18523414607071026,0.18913138982582337,0.1730838793696588,0.17377163469791412,700064000,0.0,0.0
2009-03-03 00:00:00-05:00,0.17698120803193804,0.1875267211002225,0.17124994320626397,0.18064920604228973,1041372000,0.0,0.0
2009-03-04 00:00:00-05:00,0.18546337568715887,0.1994476324954971,0.18385861796168418,0.19394563138484955,1108668000,0.0,0.0
2009-03-05 00:00:00-05:00,0.19119465360262222,0.19898915524427108,0.1884436594535113,0.18936064839363098,955252000,0.0,0.0
2009-03-06 00:00:00-05:00,0.1893606406075857,0.19921840795230442,0.18683889379719276,0.1923408955335617,974756000,0.0,0.0
2009-03-09 00:00:00-04:00,0.19096546614172413,0.20540823777060654,0.1898192159434106,0.19027771055698395,682768000,0.0,0.0
2009-03-10 00:00:00-04:00,0.19715522332926885,0.2111394865325227,0.19532121756558243,0.20747147500514984,1254800000,0.0,0.0
2009-03-11 00:00:00-04:00,0.20747143648748317,0.27166148965564013,0.20403268656726997,0.21320270001888275,864916000,0.0,0.0
2009-03-12 00:00:00-04:00,0.21251490549437121,0.22810392139647653,0.20976391152977175,0.2258114218711853,1604604000,0.0,0.0
2009-03-13 00:00:00-04:00,0.22260191270763724,0.22787466691349206,0.2189339026525863,0.22466516494750977,1195156000,0.0,0.0
2009-03-16 00:00:00-04:00,0.22695771158226424,0.2271869588422698,0.2141197010494243,0.21595369279384613,699344000,0.0,0.0
2009-03-17 00:00:00-04:00,0.21664142435888017,0.2271869338005281,0.2138904302132878,0.2267284393310547,1005384000,0.0,0.0
2009-03-18 00:00:00-04:00,0.2232897377867313,0.24048351743234078,0.2230604904887159,0.23383525013923645,1359560000,0.0,0.0
2009-03-19 00:00:00-04:00,0.23543995151374716,0.23543995151374716,0.22947946820595005,0.2310842126607895,822648000,0.0,0.0
2009-03-20 00:00:00-04:00,0.23452299070844373,0.2347522516561859,0.21251496455360527,0.21847547590732574,1093672000,0.0,0.0
2009-03-23 00:00:00-04:00,0.22535294706207215,0.23475222110032853,0.22030945282703493,0.23429369926452637,816048000,0.0,0.0
2009-03-24 00:00:00-04:00,0.22856242308786875,0.2306256891233465,0.22306042131972117,0.22420667111873627,1114868000,0.0,0.0
2009-03-25 00:00:00-04:00,0.23108421374500604,0.23842020795065894,0.2191631924159713,0.22787471115589142,1243852000,0.0,0.0
2009-03-26 00:00:00-04:00,0.23154266057219855,0.24254666327876612,0.22902091393738602,0.2420881688594818,1333664000,0.0,0.0
2009-03-27 00:00:00-04:00,0.23956640903881743,0.24552691848766575,0.23612765989419313,0.23979566991329193,731892000,0.0,0.0
2009-03-30 00:00:00-04:00,0.23062571177037136,0.23360596700621644,0.22122643789958013,0.2244359403848648,780052000,0.0,0.0
2009-03-31 00:00:00-04:00,0.22787469640217325,0.2315426932675157,0.22443593311446777,0.22604069113731384,805272000,0.0,0.0
2009-04-01 00:00:00-04:00,0.22328968967615562,0.2338351997564978,0.2148074321621576,0.23177196085453033,887920000,0.0,0.0
2009-04-02 00:00:00-04:00,0.24048351278854585,0.24690251899530255,0.23704476239157896,0.24254675209522247,1002860000,0.0,0.0
2009-04-03 00:00:00-04:00,0.24277606107511715,0.26019907746425136,0.23864955431676807,0.2595113217830658,1003208000,0.0,0.0
2009-04-06 00:00:00-04:00,0.2551554571092209,0.2624914503693564,0.25171670770646193,0.2601989507675171,887288000,0.0,0.0
2009-04-07 00:00:00-04:00,0.25515549602948584,0.2579064905055671,0.24965347974856836,0.2512582242488861,607804000,0.0,0.0
2009-04-08 00:00:00-04:00,0.25400933811881105,0.26226235186709523,0.2519460710173575,0.2615745961666107,731652000,0.0,0.0
2009-04-09 00:00:00-04:00,0.26822270366014117,0.27693420775209004,0.26615946491701575,0.2760172188282013,904412000,0.0,0.0
2009-04-13 00:00:00-04:00,0.27257856946420045,0.27280783044373536,0.2611160670626827,0.2670765519142151,767628000,0.0,0.0
2009-04-14 00:00:00-04:00,0.2634085319083652,0.2751002937077246,0.26226228182328126,0.26868128776550293,711960000,0.0,0.0
2009-04-15 00:00:00-04:00,0.2592820222575812,0.26226227789996787,0.250111994385331,0.26111602783203125,1045368000,0.0,0.0
2009-04-16 00:00:00-04:00,0.2659302055141667,0.2709737266101152,0.2558432179797727,0.26776421070098877,1038772000,0.0,0.0
2009-04-17 00:00:00-04:00,0.26776424023164036,0.2721200064468168,0.2613452350342124,0.26959824562072754,695764000,0.0,0.0
2009-04-20 00:00:00-04:00,0.2592819791232882,0.2615744788777799,0.2519459580459125,0.25332146883010864,590660000,0.0,0.0
2009-04-21 00:00:00-04:00,0.24988272631834352,0.2631792307390067,0.2462147156751421,0.2526337206363678,932184000,0.0,0.0
2009-04-22 00:00:00-04:00,0.250341197013858,0.2707444598674782,0.24621469226479709,0.2601989507675171,916404000,0.0,0.0
2009-04-23 00:00:00-04:00,0.2627207272523231,0.2650132269937022,0.24804871251024507,0.256072461605072,753952000,0.0,0.0
2009-04-24 00:00:00-04:00,0.25859414766013333,0.2638669010101205,0.25240437828085793,0.2620328962802887,759508000,0.0,0.0
2009-04-27 00:00:00-04:00,0.2585942310993817,0.26593022505703096,0.25102897622824977,0.2526337206363678,787024000,0.0,0.0
2009-04-28 00:00:00-04:00,0.24942422471322329,0.2585942237311901,0.24713169762997883,0.25332146883010864,634392000,0.0,0.0
2009-04-29 00:00:00-04:00,0.25446772821520564,0.2556139781352796,0.24644397877468785,0.24942423403263092,859668000,0.0,0.0
2009-04-30 00:00:00-04:00,0.2542383901434759,0.27051514500036167,0.2521751518449954,0.26317915320396423,1110276000,0.0,0.0
2009-05-01 00:00:00-04:00,0.26249142101188855,0.2737246842018052,0.26226218747459307,0.26753494143486023,840548000,0.0,0.0
2009-05-04 00:00:00-04:00,0.27212007478795874,0.28404107181777266,0.2684520630885877,0.2819778323173523,927704000,0.0,0.0
2009-05-05 00:00:00-04:00,0.27578801888007803,0.27762202446190937,0.26478401271784735,0.2705152630805969,837076000,0.0,0.0
2009-05-06 00:00:00-04:00,0.27349549196935113,0.2760172528136719,0.25974049244488473,0.2650132477283478,935088000,0.0,0.0
2009-05-07 00:00:00-04:00,0.27097369022747964,0.27097369022747964,0.24254665464165814,0.24598540365695953,1289196000,0.0,0.0
2009-05-08 00:00:00-04:00,0.2407127220703002,0.2407127220703002,0.20884695521762278,0.2120564579963684,2930564000,0.0,0.0
2009-05-11 00:00:00-04:00,0.20861769215753304,0.22145570230084252,0.2067836868043811,0.21618294715881348,1038596000,0.0,0.0
2009-05-12 00:00:00-04:00,0.22099715722257426,0.22099715722257426,0.20174014522364142,0.20586664974689484,1201384000,0.0,0.0
2009-05-13 00:00:00-04:00,0.20449115422077918,0.2056374039669726,0.190965390818447,0.19257013499736786,1305608000,0.0,0.0
2009-05-14 00:00:00-04:00,0.19234097590909283,0.19944773852321646,0.1909654783163009,0.1953212320804596,1017864000,0.0,0.0
2009-05-15 00:00:00-04:00,0.19669669769679715,0.2072422094107356,0.19440419752670252,0.20036470890045166,780308000,0.0,0.0
2009-05-18 00:00:00-04:00,0.2054081900774102,0.21389044777408478,0.2049496819059165,0.2125149369239807,938320000,0.0,0.0
2009-05-19 00:00:00-04:00,0.21389049076665897,0.21916323331584445,0.21045172661457484,0.21664148569107056,859768000,0.0,0.0
2009-05-20 00:00:00-04:00,0.2205387558468503,0.23498151410781914,0.2196217529365001,0.2230605036020279,1309436000,0.0,0.0
2009-05-21 00:00:00-04:00,0.22030943563058455,0.2246651877650575,0.21549517536047574,0.22168493270874023,965600000,0.0,0.0
2009-05-22 00:00:00-04:00,0.22168493895415042,0.22833319096097243,0.21755843393905364,0.22512368857860565,718260000,0.0,0.0
2009-05-26 00:00:00-04:00,0.22306049557134408,0.23910801176377386,0.2207679952101941,0.23727400600910187,865540000,0.0,0.0
2009-05-27 00:00:00-04:00,0.23612778465722245,0.24483929255892697,0.2338352840161825,0.23773252964019775,814152000,0.0,0.0
2009-05-28 00:00:00-04:00,0.24140039141185143,0.24300513539644683,0.23062565056814374,0.24094189703464508,995288000,0.0,0.0
2009-05-29 00:00:00-04:00,0.2411712628135668,0.24162975739024956,0.23085498453003456,0.23910799622535706,834232000,0.0,0.0
2009-06-01 00:00:00-04:00,0.2418589498171516,0.2521752263434602,0.24094196081998145,0.2507997155189514,1022764000,0.0,0.0
2009-06-02 00:00:00-04:00,0.2507997097986798,0.2563017256424706,0.24415147139894633,0.24873647093772888,907984000,0.0,0.0
2009-06-03 00:00:00-04:00,0.24552689546420123,0.24644391154736028,0.23498138814472355,0.24094189703464508,735688000,0.0,0.0
2009-06-04 00:00:00-04:00,0.24162979597825684,0.25011204265214687,0.24140053498892364,0.24965354800224304,673180000,0.0,0.0
2009-06-05 00:00:00-04:00,0.25423854914839367,0.25423854914839367,0.245297807824966,0.24827803671360016,559992000,0.0,0.0
2009-06-08 00:00:00-04:00,0.2464439713318806,0.2503412154766814,0.24071269457584613,0.2469024658203125,473948000,0.0,0.0
2009-06-09 00:00:00-04:00,0.2503411764159334,0.26317918406143004,0.24850717141961265,0.26042819023132324,725032000,0.0,0.0
2009-06-10 00:00:00-04:00,0.2618037599262415,0.2702860324188689,0.2560725095008218,0.26868128776550293,833320000,0.0,0.0
2009-06-11 00:00:00-04:00,0.2693688715426654,0.27968514410653955,0.2636376241898148,0.2652423679828644,835156000,0.0,0.0
2009-06-12 00:00:00-04:00,0.26134520050939597,0.26478394991137805,0.25538469061446,0.26386696100234985,595000000,0.0,0.0
2009-06-15 00:00:00-04:00,0.25905282710519684,0.26249157818236035,0.25492632034684776,0.2595113217830658,445164000,0.0,0.0
2009-06-16 00:00:00-04:00,0.2595111808665366,0.26272069652635655,0.2487364388079433,0.25240442156791687,594912000,0.0,0.0
2009-06-17 00:00:00-04:00,0.25630174477800194,0.2611160055846583,0.24644398956788724,0.25859424471855164,799016000,0.0,0.0
2009-06-18 00:00:00-04:00,0.2576772437008893,0.26249150479444283,0.250799743469388,0.2535507380962372,566376000,0.0,0.0
2009-06-19 00:00:00-04:00,0.2560724997337475,0.26272076637091196,0.25286301054943133,0.25630176067352295,747564000,0.0,0.0
2009-06-22 00:00:00-04:00,0.25721869876701753,0.25721869876701753,0.24094194047593195,0.24185892939567566,574864000,0.0,0.0
2009-06-23 00:00:00-04:00,0.24415152471153265,0.24461001929977655,0.231313484939391,0.2407127469778061,589764000,0.0,0.0
2009-06-24 00:00:00-04:00,0.24369294958206572,0.254467720361207,0.24369294958206572,0.24873647093772888,515096000,0.0,0.0
2009-06-25 00:00:00-04:00,0.24644400135300445,0.26226226809649045,0.2439222403663055,0.2618037462234497,870444000,0.0,0.0
2009-06-26 00:00:00-04:00,0.2606573701005839,0.2661593839565663,0.2583648711594437,0.2652423679828644,513956000,0.0,0.0
2009-06-29 00:00:00-04:00,0.26593012313095504,0.2700566266907561,0.2624913747192447,0.2652423679828644,510056000,0.0,0.0
2009-06-30 00:00:00-04:00,0.2643255309975036,0.26799354233938594,0.25400927984331323,0.2588235139846802,589844000,0.0,0.0
2009-07-01 00:00:00-04:00,0.26042823312487295,0.2634084883186603,0.25561397263269703,0.25996971130371094,696420000,0.0,0.0
2009-07-02 00:00:00-04:00,0.2514875022731446,0.2546969914919801,0.24644400750265,0.2498827576637268,552312000,0.0,0.0
2009-07-06 00:00:00-04:00,0.24965344452850238,0.24988270542281393,0.2377324245993264,0.24185892939567566,752456000,0.0,0.0
2009-07-07 00:00:00-04:00,0.24277608865416192,0.24415160017278933,0.23062582800217765,0.231313556432724,1072996000,0.0,0.0
2009-07-08 00:00:00-04:00,0.23268894984901511,0.2333767052592554,0.22260194793029203,0.23177196085453033,1205860000,0.0,0.0
2009-07-09 00:00:00-04:00,0.2356692619959891,0.2407127573413299,0.2349815064196335,0.23681551218032837,714564000,0.0,0.0
2009-07-10 00:00:00-04:00,0.23681554031528712,0.2393373019519364,0.23177204437075188,0.23773252964019775,520008000,0.0,0.0
2009-07-13 00:00:00-04:00,0.24254677683343612,0.24254677683343612,0.22810401822735465,0.24048353731632233,556012000,0.0,0.0
2009-07-14 00:00:00-04:00,0.24231752461586092,0.2464440306627008,0.2395665023654613,0.2455270141363144,452568000,0.0,0.0
2009-07-15 00:00:00-04:00,0.2544677327370172,0.26065747694965574,0.2521752328561323,0.2556139826774597,1022808000,0.0,0.0
2009-07-16 00:00:00-04:00,0.2583650152858554,0.26982754371455975,0.2569895315511169,0.2689105272293091,952076000,0.0,0.0
2009-07-17 00:00:00-04:00,0.268910423092853,0.27762192602100516,0.26615942935994913,0.27670493721961975,850356000,0.0,0.0
2009-07-20 00:00:00-04:00,0.2789975472765997,0.28312405317800116,0.275329535957852,0.2801437973976135,782756000,0.0,0.0
2009-07-21 00:00:00-04:00,0.2794559161706065,0.2806021657760808,0.26799342011586313,0.2744124233722687,941296000,0.0,0.0
2009-07-22 00:00:00-04:00,0.26891053631770084,0.2838118155800087,0.26707653061397374,0.28129005432128906,600908000,0.0,0.0
2009-07-23 00:00:00-04:00,0.2817484625768234,0.29894223686778837,0.2787682076376228,0.2980252206325531,1046120000,0.0,0.0
2009-07-24 00:00:00-04:00,0.28885533936486946,0.29802534146255993,0.287021333479579,0.29710835218429565,650592000,0.0,0.0
2009-07-27 00:00:00-04:00,0.29435716602563233,0.30283940699649947,0.2916061453183291,0.298483669757843,677484000,0.0,0.0
2009-07-28 00:00:00-04:00,0.2964205957998199,0.30215184709615495,0.2938988342979277,0.29894235730171204,563180000,0.0,0.0
2009-07-29 00:00:00-04:00,0.29550341426680704,0.29733741895416715,0.2900014002047267,0.29298165440559387,373972000,0.0,0.0
2009-07-30 00:00:00-04:00,0.29802522191765624,0.3019224931088974,0.29275246736075733,0.2952742278575897,468444000,0.0,0.0
2009-07-31 00:00:00-04:00,0.29527423495130395,0.30054698963487636,0.288396735971536,0.29642048478126526,541560000,0.0,0.0
2009-08-03 00:00:00-04:00,0.3035272644524038,0.3078830304875597,0.29779601492884605,0.30444425344467163,471900000,0.0,0.0
2009-08-04 00:00:00-04:00,0.299171506379809,0.3117802829959767,0.29871301187147203,0.30650752782821655,695380000,0.0,0.0
2009-08-05 00:00:00-04:00,0.30467351529234976,0.30948777583841763,0.301005504654512,0.3071952760219574,610768000,0.0,0.0
2009-08-06 00:00:00-04:00,0.30834158902492437,0.31384357877877817,0.29894232692260175,0.30077633261680603,957588000,0.0,0.0
2009-08-07 00:00:00-04:00,0.31705308158567685,0.32622308232330777,0.3099463200825097,0.31430208683013916,1401872000,0.0,0.0
2009-08-10 00:00:00-04:00,0.3165944893664567,0.3211794883211086,0.3021517098648039,0.30398571491241455,693312000,0.0,0.0
2009-08-11 00:00:00-04:00,0.3019226057942048,0.30650760671514005,0.29527433806159203,0.2968790829181671,481884000,0.0,0.0
2009-08-12 00:00:00-04:00,0.29710828222725,0.311092543065002,0.29687902129728466,0.30788305401802063,634940000,0.0,0.0
2009-08-13 00:00:00-04:00,0.3101755790948419,0.31819932969014597,0.3046735622893787,0.31705307960510254,564028000,0.0,0.0
2009-08-14 00:00:00-04:00,0.3165945201785369,0.3170530146528745,0.3035272500230273,0.3076537549495697,427148000,0.0,0.0
2009-08-17 00:00:00-04:00,0.29825449851836333,0.2991714874770986,0.29160623291689913,0.2948157489299774,465032000,0.0,0.0
2009-08-18 00:00:00-04:00,0.29481579523385865,0.3090293176279036,0.2945865342937908,0.30559054017066956,636200000,0.0,0.0
2009-08-19 00:00:00-04:00,0.3010054303673364,0.30398568485896815,0.2980251758757047,0.3021516799926758,552996000,0.0,0.0
2009-08-20 00:00:00-04:00,0.3007762828401472,0.3154482986368925,0.30008852740254505,0.31407278776168823,819840000,0.0,0.0
2009-08-21 00:00:00-04:00,0.31659445086832344,0.31980393881480373,0.3101754476466167,0.3193454444408417,607324000,0.0,0.0
2009-08-24 00:00:00-04:00,0.31751150769534897,0.3209502572305014,0.30857074250670136,0.3104047477245331,461456000,0.0,0.0
2009-08-25 00:00:00-04:00,0.3120094337375727,0.31636519873206803,0.3067367072986393,0.3131557106971741,444088000,0.0,0.0
2009-08-26 00:00:00-04:00,0.3124679534912807,0.3175114463696289,0.31132170386762215,0.31682369112968445,434308000,0.0,0.0
2009-08-27 00:00:00-04:00,0.3181993427605877,0.3225550823311672,0.31476059236420634,0.32117959856987,551072000,0.0,0.0
2009-08-28 00:00:00-04:00,0.32989118504521064,0.3445632066919612,0.32943269034691713,0.3376857042312622,883992000,0.0,0.0
2009-08-31 00:00:00-04:00,0.33378833680366776,0.33539310878809625,0.3285155809389574,0.33287134766578674,431796000,0.0,0.0
2009-09-01 00:00:00-04:00,0.332642114517837,0.3420413769460804,0.31980410154200595,0.3216381072998047,736856000,0.0,0.0
2009-09-02 00:00:00-04:00,0.32209656967988004,0.32943259197707353,0.3202625641055817,0.32622307538986206,404656000,0.0,0.0
2009-09-03 00:00:00-04:00,0.3262230292291661,0.3344760394813256,0.32530604023614984,0.3340175449848175,534020000,0.0,0.0
2009-09-04 00:00:00-04:00,0.3326421026529547,0.34868963196473035,0.3326421026529547,0.34639713168144226,513048000,0.0,0.0
2009-09-08 00:00:00-04:00,0.3489188450035396,0.3560256063938141,0.3461678502917021,0.3560256063938141,549712000,0.0,0.0
2009-09-09 00:00:00-04:00,0.3553378101661231,0.3665710760013321,0.35029431588422005,0.36588332056999207,571684000,0.0,0.0
2009-09-10 00:00:00-04:00,0.3670296464861331,0.3780336810078509,0.36290314037267896,0.377575159072876,607952000,0.0,0.0
2009-09-11 00:00:00-04:00,0.37665820949920126,0.37803372079136205,0.3713854526509355,0.37413644790649414,712732000,0.0,0.0
2009-09-14 00:00:00-04:00,0.36863446983210996,0.3716147261798289,0.36473719681575856,0.36794671416282654,490516000,0.0,0.0
2009-09-15 00:00:00-04:00,0.3713852021114504,0.380096703984505,0.36794645352961913,0.37551170587539673,546136000,0.0,0.0
2009-09-16 00:00:00-04:00,0.37459487212481146,0.37528262764157116,0.3599228819681397,0.36542487144470215,707064000,0.0,0.0
2009-09-17 00:00:00-04:00,0.36450787569957527,0.36450787569957527,0.343187591710354,0.3493773639202118,923096000,0.0,0.0
2009-09-18 00:00:00-04:00,0.3528161274186489,0.3553378612578067,0.3461678603981239,0.3489188551902771,604740000,0.0,0.0
2009-09-21 00:00:00-04:00,0.3447922693491306,0.3532745400395374,0.3418120416241249,0.3473140299320221,588776000,0.0,0.0
2009-09-22 00:00:00-04:00,0.3498358432189235,0.3518990823130313,0.34525084316201204,0.3480018377304077,361388000,0.0,0.0
2009-09-23 00:00:00-04:00,0.3500651084230112,0.35304536419476656,0.34204135759915516,0.34249985218048096,478936000,0.0,0.0
2009-09-24 00:00:00-04:00,0.3482310713304912,0.3482310713304912,0.336768544759203,0.3379147946834564,552876000,0.0,0.0
2009-09-25 00:00:00-04:00,0.33608073226635415,0.33768550375079304,0.329890989192266,0.3324127495288849,377556000,0.0,0.0
2009-09-28 00:00:00-04:00,0.33355906387207074,0.3484603132433807,0.33355906387207074,0.33997806906700134,467708000,0.0,0.0
2009-09-29 00:00:00-04:00,0.3420412857643059,0.3461677907871144,0.3331005203267621,0.33378827571868896,470928000,0.0,0.0
2009-09-30 00:00:00-04:00,0.3406658836781609,0.34868966270581864,0.3331006266105922,0.34456315636634827,875956000,0.0,0.0
2009-10-01 00:00:00-04:00,0.3434168017486524,0.3434168017486524,0.31980402113118467,0.3200332820415497,999960000,0.0,0.0
2009-10-02 00:00:00-04:00,0.31682374357427984,0.3243889978084702,0.31498973840708955,0.31751149892807007,612476000,0.0,0.0
2009-10-05 00:00:00-04:00,0.3209503174806869,0.3220965675409168,0.3104048059950694,0.315906822681427,754276000,0.0,0.0
2009-10-06 00:00:00-04:00,0.3198040874798139,0.32668158827257665,0.31751158721555967,0.32117959856987,761272000,0.0,0.0
2009-10-07 00:00:00-04:00,0.31888704657480554,0.32232579641334264,0.3152190358155309,0.318657785654068,459608000,0.0,0.0
2009-10-08 00:00:00-04:00,0.32049176933007845,0.32140875829342164,0.3092585042209854,0.3207210302352905,1241524000,0.0,0.0
2009-10-09 00:00:00-04:00,0.3188870094402081,0.32530601385706437,0.3184285149808794,0.3248475193977356,618540000,0.0,0.0
2009-10-12 00:00:00-04:00,0.3193455928927148,0.3273693438176047,0.31911633193478584,0.32117959856987,499008000,0.0,0.0
2009-10-13 00:00:00-04:00,0.3230135372325288,0.32668152049709653,0.3170530268505706,0.3200332820415497,602124000,0.0,0.0
2009-10-14 00:00:00-04:00,0.3324128444866076,0.3324128444866076,0.31797006097339847,0.31957483291625977,1101948000,0.0,0.0
2009-10-15 00:00:00-04:00,0.3191162766121531,0.3220965319047724,0.30811227178565714,0.3101755380630493,1092196000,0.0,0.0
2009-10-16 00:00:00-04:00,0.3062783360760642,0.3071953526285808,0.29756682913533883,0.3030688464641571,1018832000,0.0,0.0
2009-10-19 00:00:00-04:00,0.30559051624585293,0.3165945485899779,0.3030687827463179,0.31407278776168823,695588000,0.0,0.0
2009-10-20 00:00:00-04:00,0.31934558177008454,0.3216380819544923,0.3117803256957875,0.31430208683013916,660180000,0.0,0.0
2009-10-21 00:00:00-04:00,0.31315580237201246,0.3179700358336968,0.3051320252783621,0.3067367970943451,503956000,0.0,0.0
2009-10-22 00:00:00-04:00,0.30513203078534223,0.31040478619175793,0.2998592753789266,0.3088000416755676,379328000,0.0,0.0
2009-10-23 00:00:00-04:00,0.31292655102312605,0.31292655102312605,0.2996300455400891,0.3014640510082245,429528000,0.0,0.0
2009-10-26 00:00:00-04:00,0.3037565736417897,0.30834157398934375,0.29596205665369324,0.29756680130958557,481652000,0.0,0.0
2009-10-27 00:00:00-04:00,0.29619126022767206,0.30054699878259966,0.2844995006747048,0.2874797284603119,591836000,0.0,0.0
2009-10-28 00:00:00-04:00,0.2810606372194672,0.28747963995211623,0.27418314014778844,0.2755586504936218,773632000,0.0,0.0
2009-10-29 00:00:00-04:00,0.27991454001153593,0.2890845684253465,0.27739280611040207,0.2877090573310852,637100000,0.0,0.0
2009-10-30 00:00:00-04:00,0.28633349838605654,0.2874797483301319,0.27280775997746953,0.2741832435131073,604144000,0.0,0.0
2009-11-02 00:00:00-05:00,0.2737246826219957,0.28266544641486796,0.268910423092853,0.27670493721961975,593136000,0.0,0.0
2009-11-03 00:00:00-05:00,0.2677642741317968,0.2767050412872551,0.265013279364255,0.2753295302391052,876472000,0.0,0.0
2009-11-04 00:00:00-05:00,0.2773927741142452,0.2803730295888781,0.27349550223962593,0.274641752243042,916840000,0.0,0.0
2009-11-05 00:00:00-05:00,0.27785130387508555,0.2840410492125,0.2769342873588424,0.28129005432128906,955156000,0.0,0.0
2009-11-06 00:00:00-05:00,0.2989423254113334,0.30788309287709575,0.29527431404146803,0.301693320274353,1641112000,0.0,0.0
2009-11-09 00:00:00-05:00,0.30581980751710264,0.3129265688629988,0.3055905465722322,0.3085708022117615,818124000,0.0,0.0
2009-11-10 00:00:00-05:00,0.30971707880031385,0.30971707880031385,0.2971083269853866,0.3010055720806122,781472000,0.0,0.0
2009-11-11 00:00:00-05:00,0.3060489810463479,0.3168237231313208,0.3055904592875729,0.3094877302646637,871512000,0.0,0.0
2009-11-12 00:00:00-05:00,0.31223881335714476,0.3175115691303492,0.3076538130897943,0.3085708022117615,505864000,0.0,0.0
2009-11-13 00:00:00-05:00,0.30834149351638357,0.31246799821797183,0.3069659828396039,0.3108632266521454,388524000,0.0,0.0
2009-11-16 00:00:00-05:00,0.3136142408801044,0.3188869952496237,0.31200946935073987,0.315218985080719,402820000,0.0,0.0
2009-11-17 00:00:00-05:00,0.3154483212446441,0.3154483212446441,0.30880005464302407,0.31476056575775146,350124000,0.0,0.0
2009-11-18 00:00:00-05:00,0.31178024412806504,0.31292649392038785,0.30467348448416326,0.3099462389945984,455516000,0.0,0.0
2009-11-19 00:00:00-05:00,0.30329805174402813,0.30329805174402813,0.29206481182402383,0.29756680130958557,833840000,0.0,0.0
2009-11-20 00:00:00-05:00,0.2906892719732331,0.2971082772892665,0.29000151652352324,0.2957327663898468,426748000,0.0,0.0
2009-11-23 00:00:00-05:00,0.3000884866652693,0.3055904747616775,0.2966497372728265,0.2980252206325531,390924000,0.0,0.0
2009-11-24 00:00:00-05:00,0.29664979947147874,0.29871303860804405,0.291377043831776,0.2961913049221039,418504000,0.0,0.0
2009-11-25 00:00:00-05:00,0.2996300756931305,0.30375658157951396,0.29756680908555955,0.2996300756931305,441760000,0.0,0.0
2009-11-27 00:00:00-05:00,0.28885530579587476,0.29664982307033777,0.2872505610810249,0.29321107268333435,279932000,0.0,0.0
2009-11-30 00:00:00-05:00,0.2943572529180668,0.2996300077252236,0.29114773692169854,0.2994007468223572,509836000,0.0,0.0
2009-12-01 00:00:00-05:00,0.3010055342303532,0.30880005076943434,0.2994007896669047,0.3053613007068634,461936000,0.0,0.0
2009-12-02 00:00:00-05:00,0.3060489649253583,0.3152189623578416,0.30421495997311204,0.31453120708465576,602292000,0.0,0.0
2009-12-03 00:00:00-05:00,0.31819932969014597,0.3239305801153632,0.3165945850368367,0.31705307960510254,660036000,0.0,0.0
2009-12-04 00:00:00-05:00,0.3230136377999424,0.32828639442118446,0.31797011483168197,0.3269108831882477,824564000,0.0,0.0
2009-12-07 00:00:00-05:00,0.3633616524331487,0.377116654218358,0.34616787287287787,0.36886364221572876,2732184000,0.0,0.0
2009-12-08 00:00:00-05:00,0.36290306386124255,0.3645078356377981,0.34891880368307193,0.35098206996917725,1075512000,0.0,0.0
2009-12-09 00:00:00-05:00,0.3546500630130173,0.3624445512728344,0.3512112860410358,0.3596935570240021,671588000,0.0,0.0
2009-12-10 00:00:00-05:00,0.36221535008572087,0.36450785005288483,0.3521283338329464,0.3532745838165283,417012000,0.0,0.0
2009-12-11 00:00:00-05:00,0.35625487177476417,0.35671336634431816,0.34777259925860515,0.34868961572647095,416744000,0.0,0.0
2009-12-14 00:00:00-05:00,0.3537330033399261,0.3603812682322803,0.3498357596878561,0.359235018491745,405488000,0.0,0.0
2009-12-15 00:00:00-05:00,0.3567132735447651,0.3647370220752208,0.3557962846442133,0.3587765395641327,446152000,0.0,0.0
2009-12-16 00:00:00-05:00,0.37161464142607065,0.39178864826099136,0.3695513748887874,0.3876621425151825,1683400000,0.0,0.0
2009-12-17 00:00:00-05:00,0.3888083930694334,0.4007294157561023,0.38009688700177435,0.3858281373977661,1016132000,0.0,0.0
2009-12-18 00:00:00-05:00,0.38903767818752555,0.39041316197076725,0.3810138998058655,0.38559892773628235,812828000,0.0,0.0
2009-12-21 00:00:00-05:00,0.38789133330181413,0.40095857635935356,0.38743283881937907,0.39935383200645447,427792000,0.0,0.0
2009-12-22 00:00:00-05:00,0.3993538148908866,0.4140258290012623,0.3988953204281017,0.4098993241786957,793044000,0.0,0.0
2009-12-23 00:00:00-05:00,0.413796573789667,0.4167768288318344,0.4085238190733326,0.415630578994751,442196000,0.0,0.0
2009-12-24 00:00:00-05:00,0.4167767702176413,0.417464525488918,0.41310878765207887,0.4147135317325592,136812000,0.0,0.0
2009-12-28 00:00:00-05:00,0.4140259197775622,0.4176939309415653,0.4039389027409323,0.40806540846824646,465760000,0.0,0.0
2009-12-29 00:00:00-05:00,0.4066898507812252,0.41425510535001264,0.4057728344926965,0.41310885548591614,475848000,0.0,0.0
2009-12-30 00:00:00-05:00,0.41700618897312713,0.43053195666693084,0.4140259332216953,0.4280101954936981,704008000,0.0,0.0
2009-12-31 00:00:00-05:00,0.4289271009041142,0.4344290890752285,0.42778085109106945,0.4282393455505371,700340000,0.0,0.0
2010-01-04 00:00:00-05:00,0.42434208158928205,0.4268638421526616,0.41517208292790425,0.4238835871219635,800204000,0.0,0.0
2010-01-05 00:00:00-05:00,0.42227895259166787,0.43465847039978417,0.42227895259166787,0.43007346987724304,728648000,0.0,0.0
2010-01-06 00:00:00-05:00,0.42984411806972883,0.4337413622244333,0.42571761300584926,0.43282437324523926,649168000,0.0,0.0
2010-01-07 00:00:00-05:00,0.43053195773049885,0.43236596337658434,0.42113269587478447,0.42434218525886536,547792000,0.0,0.0
2010-01-08 00:00:00-05:00,0.42090343588322643,0.4282394584843439,0.4183817020267559,0.42525920271873474,478168000,0.0,0.0
2010-01-11 00:00:00-05:00,0.4275516597624712,0.429385665227498,0.4133381379050804,0.4192986488342285,556612000,0.0,0.0
2010-01-12 00:00:00-05:00,0.4131087721748267,0.41471351619518476,0.3963734947394957,0.4050849974155426,627432000,0.0,0.0
2010-01-13 00:00:00-05:00,0.4078361967255509,0.4119627026741931,0.39201792847721556,0.4105871915817261,508868000,0.0,0.0
2010-01-14 00:00:00-05:00,0.40554355015656657,0.4085237775671902,0.397290541236573,0.404168039560318,608524000,0.0,0.0
2010-01-15 00:00:00-05:00,0.40118796831973,0.4046267190544478,0.3869744434198875,0.39224720001220703,818192000,0.0,0.0
2010-01-19 00:00:00-05:00,0.38926691199249913,0.4021049246143215,0.3881206618415778,0.39958319067955017,545328000,0.0,0.0
2010-01-20 00:00:00-05:00,0.3945396745176978,0.3995831971261274,0.38926691827264115,0.39797842502593994,719728000,0.0,0.0
2010-01-21 00:00:00-05:00,0.397749083567569,0.40485584362294086,0.3872035739361305,0.3908715844154358,608632000,0.0,0.0
2010-01-22 00:00:00-05:00,0.386286568417549,0.39339332867098287,0.37505333042083405,0.37734583020210266,1067916000,0.0,0.0
2010-01-25 00:00:00-05:00,0.3835355425188535,0.3911007966389482,0.380784548473933,0.3837648034095764,643676000,0.0,0.0
2010-01-26 00:00:00-05:00,0.3819309161418386,0.38445267740305483,0.37138540383153695,0.3716146647930145,714636000,0.0,0.0
2010-01-27 00:00:00-05:00,0.3713853100836357,0.38307706959248394,0.367258805119998,0.3817015588283539,812504000,0.0,0.0
2010-01-28 00:00:00-05:00,0.38468191066597496,0.3860574217759996,0.36359088606564666,0.36886364221572876,687764000,0.0,0.0
2010-01-29 00:00:00-05:00,0.3729901424641384,0.3771166484018069,0.34731411766476084,0.3528161346912384,774700000,0.0,0.0
2010-02-01 00:00:00-05:00,0.354191479387886,0.3805552493806693,0.3512112247514193,0.3798674941062927,949832000,0.0,0.0
2010-02-02 00:00:00-05:00,0.3784920488817074,0.3885790634847505,0.37734579908559457,0.3837648034095764,849812000,0.0,0.0
2010-02-03 00:00:00-05:00,0.3803260668050548,0.3885790765459739,0.37849206160387816,0.3869743049144745,562296000,0.0,0.0
2010-02-04 00:00:00-05:00,0.3835355466672169,0.3835355466672169,0.360381289603799,0.364507794380188,783480000,0.0,0.0
2010-02-05 00:00:00-05:00,0.36404932651414046,0.3727608311608953,0.3576302943231072,0.3718438148498535,604856000,0.0,0.0
2010-02-08 00:00:00-05:00,0.3706975126250507,0.3800967713459749,0.36382001424254495,0.3711560070514679,445160000,0.0,0.0
2010-02-09 00:00:00-05:00,0.3771165091281867,0.37895051412635933,0.36450776234277943,0.368175745010376,930144000,0.0,0.0
2010-02-10 00:00:00-05:00,0.37046835220013097,0.37872133549088155,0.36794659136396135,0.3752825856208801,535828000,0.0,0.0
2010-02-11 00:00:00-05:00,0.3812431712945182,0.39660294559719994,0.3784921763233137,0.3924764394760132,695980000,0.0,0.0
2010-02-12 00:00:00-05:00,0.3897254052926631,0.4057729062269597,0.38536963864181395,0.3977491557598114,780212000,0.0,0.0
2010-02-16 00:00:00-05:00,0.4030217590077604,0.4066897687646476,0.3982074996179393,0.4050849974155426,457024000,0.0,0.0
2010-02-17 00:00:00-05:00,0.4101286162318894,0.41035784981632095,0.3972906063261024,0.40898236632347107,876560000,0.0,0.0
2010-02-18 00:00:00-05:00,0.38651586623172857,0.38857913262912297,0.3716146162307107,0.38216012716293335,1515508000,0.0,0.0
2010-02-19 00:00:00-05:00,0.38055540698057855,0.38468191300700555,0.37826290666909235,0.3800969123840332,510548000,0.0,0.0
2010-02-22 00:00:00-05:00,0.3817016198790365,0.38743289742709053,0.37826286974745815,0.38078463077545166,458084000,0.0,0.0
2010-02-23 00:00:00-05:00,0.3819309161418386,0.3835356608859038,0.36771739242045137,0.3716146647930145,489764000,0.0,0.0
2010-02-24 00:00:00-05:00,0.37482416347831155,0.383077175691381,0.3736779133003163,0.37940916419029236,445868000,0.0,0.0
2010-02-25 00:00:00-05:00,0.3706977255716368,0.376887499534595,0.36129846145132366,0.3759704828262329,576972000,0.0,0.0
2010-02-26 00:00:00-05:00,0.3741363303131454,0.37688735203280394,0.3690928360416953,0.3713853359222412,393396000,0.0,0.0
2010-03-01 00:00:00-05:00,0.37161465550748574,0.38812065178741734,0.36863439972654116,0.3862866461277008,555868000,0.0,0.0
2010-03-02 00:00:00-05:00,0.38972529758594926,0.394539530138495,0.38330629352047185,0.3860572874546051,538648000,0.0,0.0
2010-03-03 00:00:00-05:00,0.3883498706152446,0.39041310967813286,0.3780336206432921,0.38124310970306396,399300000,0.0,0.0
2010-03-04 00:00:00-05:00,0.38284787681923005,0.38582813245270003,0.3771166264966943,0.3819308876991272,557396000,0.0,0.0
2010-03-05 00:00:00-05:00,0.3791798235572766,0.39637357137557677,0.3791798235572766,0.39362257719039917,632832000,0.0,0.0
2010-03-08 00:00:00-05:00,0.39385177194378534,0.3949980216058213,0.3862864913798506,0.3878912627696991,439312000,0.0,0.0
2010-03-09 00:00:00-05:00,0.3917887002113188,0.40623145857234927,0.3915594392338575,0.40233421325683594,830832000,0.0,0.0
2010-03-10 00:00:00-05:00,0.40118781319124364,0.40760681754641354,0.40095855229940686,0.403251051902771,418520000,0.0,0.0
2010-03-11 00:00:00-05:00,0.40004159631110303,0.40141710711782,0.3924763415316662,0.39408108592033386,540660000,0.0,0.0
2010-03-12 00:00:00-05:00,0.3984368974483729,0.39958314747535806,0.3933933754666333,0.3954566419124603,520352000,0.0,0.0
2010-03-15 00:00:00-04:00,0.3949981094734241,0.39889535372554163,0.38972535438938094,0.393393337726593,358904000,0.0,0.0
2010-03-16 00:00:00-04:00,0.3931641589423316,0.40944092096428386,0.3929348979954701,0.40714842081069946,664988000,0.0,0.0
2010-03-17 00:00:00-04:00,0.40944096004800057,0.420444967301359,0.40944096004800057,0.4149429500102997,651168000,0.0,0.0
2010-03-18 00:00:00-04:00,0.41563046852579205,0.41563046852579205,0.3966027208217737,0.4002707302570343,740964000,0.0,0.0
2010-03-19 00:00:00-04:00,0.4062313867003693,0.40737763672735444,0.39041311993072064,0.3954566419124603,584612000,0.0,0.0
2010-03-22 00:00:00-04:00,0.3904131463502926,0.40348041940520113,0.3904131463502926,0.40187567472457886,435336000,0.0,0.0
2010-03-23 00:00:00-04:00,0.40485586811248087,0.41219186218609,0.4021048464222178,0.4101286232471466,493612000,0.0,0.0
2010-03-24 00:00:00-04:00,0.40668993768232264,0.4078361877913487,0.39568590384116237,0.3963736593723297,436252000,0.0,0.0
2010-03-25 00:00:00-04:00,0.4021047660803958,0.40462652634969654,0.39660277845669223,0.3975197672843933,495184000,0.0,0.0
2010-03-26 00:00:00-04:00,0.4009585163813952,0.4050850207635471,0.39431027905869104,0.3975197672843933,344676000,0.0,0.0
2010-03-29 00:00:00-04:00,0.400041632187114,0.4034803821835427,0.3945396157955748,0.4025633931159973,394456000,0.0,0.0
2010-03-30 00:00:00-04:00,0.4071482942996906,0.40921153286531453,0.397290541236573,0.404168039560318,324104000,0.0,0.0
2010-03-31 00:00:00-04:00,0.4025634840443304,0.40439748992242974,0.3968322054269843,0.3988954722881317,389840000,0.0,0.0
2010-04-01 00:00:00-04:00,0.40072940490058734,0.4053144050931759,0.3906423880796384,0.3947688937187195,339664000,0.0,0.0
2010-04-05 00:00:00-04:00,0.39729066754576137,0.4014171733176833,0.39683214564873626,0.4007294178009033,413636000,0.0,0.0
2010-04-06 00:00:00-04:00,0.3956858174246776,0.3966028337088801,0.38399405793455027,0.3908715844154358,809260000,0.0,0.0
2010-04-07 00:00:00-04:00,0.3883498435574554,0.40004160364256175,0.3851403273925469,0.393393337726593,817468000,0.0,0.0
2010-04-08 00:00:00-04:00,0.3908715762152568,0.39385183125107487,0.3849110661436206,0.3869743049144745,1037600000,0.0,0.0
2010-04-09 00:00:00-04:00,0.3860573678641858,0.39087162874821496,0.3839941014872782,0.3894961178302765,817572000,0.0,0.0
2010-04-12 00:00:00-04:00,0.38995463216675885,0.39820764343606935,0.38926687667285687,0.39660289883613586,546460000,0.0,0.0
2010-04-13 00:00:00-04:00,0.3982076403455687,0.4062313906117204,0.3966028957580897,0.4048559069633484,648696000,0.0,0.0
2010-04-14 00:00:00-04:00,0.41356733453847744,0.41563057328538505,0.4034803197134533,0.4098993241786957,900720000,0.0,0.0
2010-04-15 00:00:00-04:00,0.41127487159479226,0.4154013767855763,0.4071483664040082,0.41287961602211,957596000,0.0,0.0
2010-04-16 00:00:00-04:00,0.3961444055697105,0.39774915017485585,0.3823893776332674,0.3911008834838867,1917736000,0.0,0.0
2010-04-19 00:00:00-04:00,0.3881206283145655,0.39041312841837517,0.3761996332405067,0.38926687836647034,1094492000,0.0,0.0
2010-04-20 00:00:00-04:00,0.3920179754180922,0.39614448186084905,0.38559896843255503,0.3906424641609192,678188000,0.0,0.0
2010-04-21 00:00:00-04:00,0.3927057060106035,0.39316420062417684,0.37597042032071387,0.3805554211139679,895908000,0.0,0.0
2010-04-22 00:00:00-04:00,0.37436561076514746,0.38330637716301164,0.3690928552990362,0.38216012716293335,656932000,0.0,0.0
2010-04-23 00:00:00-04:00,0.3810138894454132,0.38193090593806495,0.37023914379025435,0.37688741087913513,752916000,0.0,0.0
2010-04-26 00:00:00-04:00,0.37734593149019424,0.38514042190722186,0.3766581759054541,0.3805554211139679,491092000,0.0,0.0
2010-04-27 00:00:00-04:00,0.3778042889414717,0.38170153273508656,0.36863429068414244,0.3697805404663086,606704000,0.0,0.0
2010-04-28 00:00:00-04:00,0.3695513319118491,0.3757411034751022,0.3629030658365505,0.3704683482646942,672164000,0.0,0.0
2010-04-29 00:00:00-04:00,0.3716145709872415,0.3821600806355655,0.3661125552594737,0.3817015588283539,987128000,0.0,0.0
2010-04-30 00:00:00-04:00,0.37711661226815096,0.3778043677466578,0.359922861949261,0.36015209555625916,1068048000,0.0,0.0
2010-05-03 00:00:00-04:00,0.3619861564455321,0.36404942319676453,0.35075288812107236,0.356254905462265,1078972000,0.0,0.0
2010-05-04 00:00:00-04:00,0.3507527516005313,0.35144050691658624,0.33310048357970395,0.3381440043449402,1311376000,0.0,0.0
2010-05-05 00:00:00-04:00,0.33126649979928524,0.34089499206217233,0.32828624503657633,0.3324127495288849,1330840000,0.0,0.0
2010-05-06 00:00:00-04:00,0.3301203548992423,0.33699785546078703,0.29894231409331173,0.3255353271961212,1002888000,0.0,0.0
2010-05-07 00:00:00-04:00,0.328515525793757,0.328515525793757,0.3085707557696101,0.3200332820415497,1153712000,0.0,0.0
2010-05-10 00:00:00-04:00,0.3392902915253512,0.34341679654815965,0.3301202925096669,0.33378827571868896,979156000,0.0,0.0
2010-05-11 00:00:00-04:00,0.33057881961878244,0.33676856409947076,0.3275985641788198,0.330120325088501,829124000,0.0,0.0
2010-05-12 00:00:00-04:00,0.3324128521345846,0.3383733361710726,0.3303495855871883,0.3365393579006195,901236000,0.0,0.0
2010-05-13 00:00:00-04:00,0.33516382443479253,0.35052359638741193,0.33264206348857733,0.3358515799045563,1252000000,0.0,0.0
2010-05-14 00:00:00-04:00,0.31315588318401594,0.3140728724622802,0.28885533936486946,0.29710835218429565,2493068000,0.0,0.0
2010-05-17 00:00:00-04:00,0.2975666607235362,0.301463931040689,0.2883966643608139,0.2977959215641022,856060000,0.0,0.0
2010-05-18 00:00:00-04:00,0.3003177553204387,0.30215176067646676,0.28633349522557316,0.28793826699256897,674112000,0.0,0.0
2010-05-19 00:00:00-04:00,0.286562754347402,0.2929817593888937,0.2844995154152725,0.29252326488494873,826520000,0.0,0.0
2010-05-20 00:00:00-04:00,0.2840410110916792,0.29252328291692586,0.27532950566470626,0.2856457829475403,1129136000,0.0,0.0
2010-05-21 00:00:00-04:00,0.2773927334949781,0.2998592357378616,0.2773927334949781,0.2918354868888855,1069600000,0.0,0.0
2010-05-24 00:00:00-04:00,0.29091855222068924,0.29435730236886737,0.2824362799921778,0.2833532691001892,664564000,0.0,0.0
2010-05-25 00:00:00-04:00,0.27441247966356713,0.2922939826428182,0.271661458183104,0.2909184992313385,966652000,0.0,0.0
2010-05-26 00:00:00-04:00,0.3026103028252014,0.3083415528670364,0.29137703634595136,0.2922940254211426,995028000,0.0,0.0
2010-05-27 00:00:00-04:00,0.2996299770397419,0.3094877302646637,0.29894222173032886,0.3094877302646637,713560000,0.0,0.0
2010-05-28 00:00:00-04:00,0.3090293285072939,0.3090293285072939,0.29664981121170014,0.30123481154441833,545116000,0.0,0.0
2010-06-01 00:00:00-04:00,0.2971082810967043,0.30054703106056596,0.28816751479341074,0.28839677572250366,527492000,0.0,0.0
2010-06-02 00:00:00-04:00,0.2888553416467595,0.2920648588035628,0.2870213357469808,0.2916063368320465,649088000,0.0,0.0
2010-06-03 00:00:00-04:00,0.2856457502803599,0.29183549407918086,0.28472873399206083,0.29114773869514465,586360000,0.0,0.0
2010-06-04 00:00:00-04:00,0.2826655910528399,0.28770908669867584,0.275788062208276,0.27739283442497253,671456000,0.0,0.0
2010-06-07 00:00:00-04:00,0.2785389974870227,0.28037300278289345,0.26249147164471864,0.2636377215385437,577248000,0.0,0.0
2010-06-08 00:00:00-04:00,0.26249150543113653,0.26249150543113653,0.2496534940363585,0.25630176067352295,967636000,0.0,0.0
2010-06-09 00:00:00-04:00,0.2576773145321455,0.2645548439829231,0.24919506738074826,0.25011205673217773,697152000,0.0,0.0
2010-06-10 00:00:00-04:00,0.2551554571092209,0.26134520056843674,0.2544677017629189,0.2601989507675171,611768000,0.0,0.0
2010-06-11 00:00:00-04:00,0.25744791277889006,0.26730566485037416,0.25676015754994996,0.26615941524505615,442104000,0.0,0.0
2010-06-14 00:00:00-04:00,0.2700566823010714,0.27051517671796443,0.25974043494160937,0.26042819023132324,375080000,0.0,0.0
2010-06-15 00:00:00-04:00,0.2634084720942382,0.27464170944574273,0.26294995030131835,0.2732662260532379,528632000,0.0,0.0
2010-06-16 00:00:00-04:00,0.2714322893832156,0.2739540505658157,0.2661595333924436,0.26982754468917847,366480000,0.0,0.0
2010-06-17 00:00:00-04:00,0.2792268082323059,0.2808315529359735,0.26959828535278285,0.2801437973976135,859068000,0.0,0.0
2010-06-18 00:00:00-04:00,0.2817485713378561,0.28541658303722717,0.2796853318374357,0.2819778323173523,932832000,0.0,0.0
2010-06-21 00:00:00-04:00,0.2879383086371246,0.28862603683244153,0.27280779642250774,0.2753295302391052,579836000,0.0,0.0
2010-06-22 00:00:00-04:00,0.27876824725281424,0.2822069971339308,0.26363773684439923,0.2650132477283478,818164000,0.0,0.0
2010-06-23 00:00:00-04:00,0.26753501523961615,0.2707445042771366,0.25996973251812777,0.2679935097694397,614060000,0.0,0.0
2010-06-24 00:00:00-04:00,0.2663887254906391,0.2677642363446757,0.2537799762007354,0.25469696521759033,725028000,0.0,0.0
2010-06-25 00:00:00-04:00,0.25653095028507544,0.25676021118552866,0.24988271211695473,0.2540092170238495,507220000,0.0,0.0
2010-06-28 00:00:00-04:00,0.25584329650290366,0.2581357968578549,0.24988278464852645,0.25446778535842896,372008000,0.0,0.0
2010-06-29 00:00:00-04:00,0.24896577510971074,0.24919503608315619,0.23864952322235766,0.2402542680501938,660808000,0.0,0.0
2010-06-30 00:00:00-04:00,0.24071268298353662,0.243234443541598,0.23406444489955902,0.23406444489955902,623072000,0.0,0.0
2010-07-01 00:00:00-04:00,0.2347522500280957,0.23956648393847443,0.22764547497808876,0.23796173930168152,737008000,0.0,0.0
2010-07-02 00:00:00-04:00,0.23887874926673555,0.23933724381782429,0.22695772696588837,0.2349814772605896,737096000,0.0,0.0
2010-07-06 00:00:00-04:00,0.23406449841526458,0.2416297544903913,0.2303964871883068,0.23245975375175476,712020000,0.0,0.0
2010-07-07 00:00:00-04:00,0.23337671472944718,0.2450684751917119,0.23291822021359954,0.24369296431541443,608412000,0.0,0.0
2010-07-08 00:00:00-04:00,0.24529767796230076,0.24552691150150383,0.23337665940380178,0.2363569140434265,783272000,0.0,0.0
2010-07-09 00:00:00-04:00,0.2375032669767209,0.23887877812491487,0.23429375007385492,0.23727400600910187,571516000,0.0,0.0
2010-07-12 00:00:00-04:00,0.23727393898007776,0.24460995992636644,0.2370447054059764,0.2416297048330307,565396000,0.0,0.0
2010-07-13 00:00:00-04:00,0.24552700496406987,0.2519460110939392,0.2441515212190141,0.2503412663936615,723316000,0.0,0.0
2010-07-14 00:00:00-04:00,0.2613452340502399,0.263179239432422,0.2491949791381321,0.25286298990249634,1355664000,0.0,0.0
2010-07-15 00:00:00-04:00,0.25309217179576854,0.2533214326699932,0.2427759243731383,0.24575617909431458,953088000,0.0,0.0
2010-07-16 00:00:00-04:00,0.24575628373623717,0.24644403932300554,0.22947951994068141,0.23039650917053223,1288604000,0.0,0.0
2010-07-19 00:00:00-04:00,0.23360592691871798,0.2407126587536922,0.2320011554548942,0.23979566991329193,798440000,0.0,0.0
2010-07-20 00:00:00-04:00,0.23360592666413366,0.24713166235341597,0.23154266078235827,0.24575617909431458,1160988000,0.0,0.0
2010-07-21 00:00:00-04:00,0.24804880985364092,0.2482780435204869,0.2354400289991578,0.23773252964019775,624940000,0.0,0.0
2010-07-22 00:00:00-04:00,0.2402541940734135,0.24415146544941146,0.2388787106425486,0.2416297048330307,462612000,0.0,0.0
2010-07-23 00:00:00-04:00,0.2414004448312168,0.24162970573492615,0.23521070104734043,0.23750320076942444,817604000,0.0,0.0
2010-07-26 00:00:00-04:00,0.23681543567958266,0.24277594564417065,0.23314742534310523,0.24185892939567566,683548000,0.0,0.0
2010-07-27 00:00:00-04:00,0.2425466637632416,0.24300515818344173,0.23681541518886776,0.23979566991329193,683472000,0.0,0.0
2010-07-28 00:00:00-04:00,0.23589845017167102,0.24002495502770252,0.23154268441801212,0.23223043978214264,1320808000,0.0,0.0
2010-07-29 00:00:00-04:00,0.21549520862394886,0.22008020870178455,0.20792995302976874,0.20930545032024384,2664476000,0.0,0.0
2010-07-30 00:00:00-04:00,0.20770072077819254,0.21434897410468437,0.20449121775874352,0.2106809765100479,984288000,0.0,0.0
2010-08-02 00:00:00-04:00,0.21434896563656258,0.21526596841508913,0.20953470446539282,0.21045170724391937,917020000,0.0,0.0
2010-08-03 00:00:00-04:00,0.20884691968052205,0.20907616691191447,0.2033449178052251,0.20494966208934784,955444000,0.0,0.0
2010-08-04 00:00:00-04:00,0.20678366518657473,0.21434891939696002,0.20586666260586506,0.21366116404533386,855496000,0.0,0.0
2010-08-05 00:00:00-04:00,0.21434893409067984,0.21687068111221666,0.2104516762715988,0.21641218662261963,800504000,0.0,0.0
2010-08-06 00:00:00-04:00,0.21549517550276787,0.22122642471918086,0.21366117028776532,0.21893392503261566,739904000,0.0,0.0
2010-08-09 00:00:00-04:00,0.2212264765079307,0.2214557374617576,0.21572447323928923,0.22099722921848297,466456000,0.0,0.0
2010-08-10 00:00:00-04:00,0.21732916039402414,0.21778765482271026,0.21091015640617058,0.21182715892791748,772560000,0.0,0.0
2010-08-11 00:00:00-04:00,0.2074714552006917,0.2074714552006917,0.20288645489352292,0.20357421040534973,796148000,0.0,0.0
2010-08-12 00:00:00-04:00,0.1999062132715527,0.2099932310531931,0.19830146851706154,0.2054082304239273,1343584000,0.0,0.0
2010-08-13 00:00:00-04:00,0.21205647142050593,0.2182462300994362,0.21159796318630059,0.21526597440242767,1797392000,0.0,0.0
2010-08-16 00:00:00-04:00,0.21228567620580532,0.21664142840465003,0.20701292138651287,0.20976392924785614,814008000,0.0,0.0
2010-08-17 00:00:00-04:00,0.21182719516330573,0.2164121948919805,0.20976394255252664,0.2125149369239807,481224000,0.0,0.0
2010-08-18 00:00:00-04:00,0.21182717254829012,0.2154951692067532,0.21045166184503783,0.21366116404533386,352920000,0.0,0.0
2010-08-19 00:00:00-04:00,0.21595366101283567,0.2271869254081061,0.21480741121711935,0.22649917006492615,1615100000,0.0,0.0
2010-08-20 00:00:00-04:00,0.22489452079182842,0.23406453669452176,0.22466527346874685,0.22856251895427704,1305308000,0.0,0.0
2010-08-23 00:00:00-04:00,0.22925019359370244,0.23498144296779447,0.22443593318796407,0.22512368857860565,748620000,0.0,0.0
2010-08-24 00:00:00-04:00,0.2177877547858634,0.22512376466264436,0.21732926014673126,0.22283126413822174,641332000,0.0,0.0
2010-08-25 00:00:00-04:00,0.22030942662340386,0.229250177762444,0.21916316316336626,0.22741617262363434,757532000,0.0,0.0
2010-08-26 00:00:00-04:00,0.23039641357805865,0.23291817390699984,0.22466516494750977,0.22466516494750977,657596000,0.0,0.0
2010-08-27 00:00:00-04:00,0.2260407033812461,0.23383520568253835,0.22030945369858665,0.2320012003183365,1060416000,0.0,0.0
2010-08-30 00:00:00-04:00,0.22925024095363475,0.23108424659797497,0.22099722921848297,0.22099722921848297,602804000,0.0,0.0
2010-08-31 00:00:00-04:00,0.21778772286957987,0.22466523709934502,0.21320272249265576,0.21389047801494598,931488000,0.0,0.0
2010-09-01 00:00:00-04:00,0.21709994210688613,0.21985093637430483,0.21434893417509088,0.21549518406391144,851440000,0.0,0.0
2010-09-02 00:00:00-04:00,0.21618297550930848,0.22008022031537444,0.21411972263252937,0.21939247846603394,596292000,0.0,0.0
2010-09-03 00:00:00-04:00,0.22466522344916973,0.22764546531446994,0.22191421519153323,0.22695772349834442,566484000,0.0,0.0
2010-09-07 00:00:00-04:00,0.22626995992038001,0.2342937098053477,0.22581146539270436,0.22902096807956696,899820000,0.0,0.0
2010-09-08 00:00:00-04:00,0.22947946505715516,0.2381909699722902,0.22695770428504236,0.23658619821071625,1224156000,0.0,0.0
2010-09-09 00:00:00-04:00,0.23956650169912672,0.23979576266227554,0.2303965004333257,0.23337675631046295,697748000,0.0,0.0
2010-09-10 00:00:00-04:00,0.23498135750192597,0.2356691126424218,0.2287916158949491,0.2308548539876938,609292000,0.0,0.0
2010-09-13 00:00:00-04:00,0.23498145288231098,0.24690247394640535,0.23498145288231098,0.24392221868038177,1015792000,0.0,0.0
2010-09-14 00:00:00-04:00,0.24185893840713205,0.2448391935004678,0.23956643869360492,0.2416297048330307,698536000,0.0,0.0
2010-09-15 00:00:00-04:00,0.23933717501502713,0.24231742973349837,0.2361276594225393,0.2420881688594818,555572000,0.0,0.0
2010-09-16 00:00:00-04:00,0.2388786741790641,0.24438066172018094,0.2388786741790641,0.24231742322444916,365280000,0.0,0.0
2010-09-17 00:00:00-04:00,0.24460995081240938,0.24483918437796967,0.2411712013702435,0.24185892939567566,416884000,0.0,0.0
2010-09-20 00:00:00-04:00,0.24185900268828794,0.2464440306627008,0.2395665023654613,0.2455270141363144,443168000,0.0,0.0
2010-09-21 00:00:00-04:00,0.2441515232746684,0.2629500199121081,0.2441515232746684,0.2588235139846802,1779624000,0.0,0.0
2010-09-22 00:00:00-04:00,0.2579065112445543,0.2634085279679045,0.25630176661519455,0.26111602783203125,999996000,0.0,0.0
2010-09-23 00:00:00-04:00,0.2640963622680454,0.2746418780620915,0.2618038612109717,0.266388863325119,1240872000,0.0,0.0
2010-09-24 00:00:00-04:00,0.2723492209592439,0.28197774174519064,0.27028598212154253,0.28106072545051575,1086976000,0.0,0.0
2010-09-27 00:00:00-04:00,0.28312401061380177,0.283353244206287,0.27143225020566913,0.2751002609729767,999504000,0.0,0.0
2010-09-28 00:00:00-04:00,0.2753294121251496,0.2783096665651322,0.269598164097778,0.2744124233722687,723192000,0.0,0.0
2010-09-29 00:00:00-04:00,0.2718907141312251,0.2803729846602596,0.26936895359630925,0.27234920859336853,974904000,0.0,0.0
2010-09-30 00:00:00-04:00,0.27578795948067764,0.27899747538980413,0.26547171104964906,0.26776421070098877,787632000,0.0,0.0
2010-10-01 00:00:00-04:00,0.2716614487767135,0.27211997056008214,0.25813571205736213,0.2601989507675171,999120000,0.0,0.0
2010-10-04 00:00:00-04:00,0.2576773166656494,0.26203308444291445,0.2524045595293624,0.2576773166656494,749500000,0.0,0.0
2010-10-05 00:00:00-04:00,0.2631793338635459,0.2636378285414149,0.25882356610188023,0.2595113217830658,753588000,0.0,0.0
2010-10-06 00:00:00-04:00,0.25951137721506135,0.26065762781895657,0.2446101193644231,0.2471318542957306,1057604000,0.0,0.0
2010-10-07 00:00:00-04:00,0.24827792774734975,0.24850718863605367,0.23796167967318377,0.24529770016670227,761488000,0.0,0.0
2010-10-08 00:00:00-04:00,0.2443807838880824,0.25102905176326445,0.24094203312363846,0.248965784907341,706932000,0.0,0.0
2010-10-11 00:00:00-04:00,0.25011199835358894,0.25217526490586484,0.24667324809522012,0.24781949818134308,442680000,0.0,0.0
2010-10-12 00:00:00-04:00,0.24575622117693033,0.25377997054627405,0.24369295494184695,0.2526337206363678,605208000,0.0,0.0
2010-10-13 00:00:00-04:00,0.2567602225280957,0.2636377219004882,0.2540092282448894,0.25996971130371094,968732000,0.0,0.0
2010-10-14 00:00:00-04:00,0.2601990515472836,0.2606575461794845,0.25469703397458854,0.25584331154823303,599172000,0.0,0.0
2010-10-15 00:00:00-04:00,0.25996976411292355,0.2629500199121081,0.2558432855142544,0.2588235139846802,639940000,0.0,0.0
2010-10-18 00:00:00-04:00,0.2590526796518955,0.26157443993793017,0.25446768082546795,0.26042819023132324,448156000,0.0,0.0
2010-10-19 00:00:00-04:00,0.25469700805725226,0.26065751965562134,0.25263376875791765,0.2588235139846802,866136000,0.0,0.0
2010-10-20 00:00:00-04:00,0.2590527749418323,0.26593027571129263,0.2544677744288588,0.2588235139846802,763532000,0.0,0.0
2010-10-21 00:00:00-04:00,0.25905280797870894,0.25951130262272615,0.25034130042733327,0.2542385458946228,1014428000,0.0,0.0
2010-10-22 00:00:00-04:00,0.25584327308346094,0.2725785296084412,0.25309225104633526,0.2705152630805969,1322676000,0.0,0.0
2010-10-25 00:00:00-04:00,0.2725785515938272,0.27510031288833786,0.27005679029931656,0.27303704619407654,673136000,0.0,0.0
2010-10-26 00:00:00-04:00,0.26982749909102466,0.2762465041111838,0.2675349992501645,0.27211999893188477,675248000,0.0,0.0
2010-10-27 00:00:00-04:00,0.2695982143747257,0.27693420775209004,0.26891045901743343,0.2760172188282013,496796000,0.0,0.0
2010-10-28 00:00:00-04:00,0.27968532817615616,0.2806023174246142,0.27372481607489585,0.276246577501297,704448000,0.0,0.0
2010-10-29 00:00:00-04:00,0.2757878839987647,0.27853890469043147,0.2728076571306991,0.2755586504936218,554664000,0.0,0.0
2010-11-01 00:00:00-04:00,0.2773927295427858,0.28174846792438457,0.27372471918972796,0.2760172188282013,473920000,0.0,0.0
2010-11-02 00:00:00-04:00,0.27716353290890416,0.28633353358889857,0.2755587882556567,0.28174853324890137,581036000,0.0,0.0
2010-11-03 00:00:00-04:00,0.28358251689936737,0.28564578328990936,0.27624652238898106,0.2838117778301239,671748000,0.0,0.0
2010-11-04 00:00:00-04:00,0.2865628467524217,0.28954310298220814,0.2838118515129122,0.28427034616470337,700016000,0.0,0.0
2010-11-05 00:00:00-04:00,0.2863336202261403,0.29160637767829034,0.28495813610520937,0.28908464312553406,735116000,0.0,0.0
2010-11-08 00:00:00-05:00,0.2888552995855109,0.29275254447457266,0.28656279937679724,0.29023081064224243,605156000,0.0,0.0
2010-11-09 00:00:00-05:00,0.29023081703307513,0.2925233172922693,0.28702130027294803,0.2886260449886322,633964000,0.0,0.0
2010-11-10 00:00:00-05:00,0.2906893047053542,0.2920648157596588,0.2865627988711985,0.2920648157596588,521016000,0.0,0.0
2010-11-11 00:00:00-05:00,0.28518736979431486,0.2938988785419412,0.2812901237918617,0.28908464312553406,1089980000,0.0,0.0
2010-11-12 00:00:00-05:00,0.30008847126671034,0.31361423458018306,0.298712960648815,0.30398571491241455,2142560000,0.0,0.0
2010-11-15 00:00:00-05:00,0.3053613769024594,0.3097171171370837,0.2996301253680784,0.3003178536891937,733548000,0.0,0.0
2010-11-16 00:00:00-05:00,0.29527428234525355,0.2994007878612027,0.29091854322376925,0.2913770377635956,739356000,0.0,0.0
2010-11-17 00:00:00-05:00,0.29114778289271026,0.29963005503555046,0.2883967882677043,0.2961913049221039,551764000,0.0,0.0
2010-11-18 00:00:00-05:00,0.30008854514517014,0.3083415562268428,0.30008854514517014,0.3053613007068634,993120000,0.0,0.0
2010-11-19 00:00:00-05:00,0.3046734763416804,0.31636523484240797,0.3042149819027548,0.315218985080719,716484000,0.0,0.0
2010-11-22 00:00:00-05:00,0.31315587310549564,0.3172823520536414,0.3104048507017171,0.3154483735561371,462668000,0.0,0.0
2010-11-23 00:00:00-05:00,0.3117803949298697,0.3149898849692381,0.3058198821953126,0.30811238288879395,457832000,0.0,0.0
2010-11-24 00:00:00-05:00,0.3113218436238714,0.31682383335584535,0.3110925826647229,0.31567758321762085,397784000,0.0,0.0
2010-11-26 00:00:00-05:00,0.3154482543787593,0.31728223218338075,0.31178024411201477,0.31178024411201477,143104000,0.0,0.0
2010-11-29 00:00:00-05:00,0.3104047251501253,0.31636523484240797,0.3090292418333485,0.315218985080719,468192000,0.0,0.0
2010-11-30 00:00:00-05:00,0.3104048282491675,0.3136143450451678,0.30627832227074375,0.3120095729827881,720936000,0.0,0.0
2010-12-01 00:00:00-05:00,0.3181992528550157,0.3278277457786503,0.3177407583974619,0.3257645070552826,626536000,0.0,0.0
2010-12-02 00:00:00-05:00,0.32576451280282737,0.3317250228424431,0.32553525190563,0.3296617567539215,529316000,0.0,0.0
2010-12-03 00:00:00-05:00,0.32805698897117164,0.3390609920024872,0.32736923365757387,0.3390609920024872,606044000,0.0,0.0
2010-12-06 00:00:00-05:00,0.34020733424866967,0.34089508974926286,0.3312665947272288,0.3326420783996582,438424000,0.0,0.0
2010-12-07 00:00:00-05:00,0.3404365252291189,0.35144052899092093,0.33974876986986535,0.3434167802333832,1026812000,0.0,0.0
2010-12-08 00:00:00-05:00,0.3429583812565101,0.35006511573744775,0.3404366200133896,0.34639713168144226,613252000,0.0,0.0
2010-12-09 00:00:00-05:00,0.3381440836157064,0.3429583446279433,0.3333298226034695,0.3406658172607422,942408000,0.0,0.0
2010-12-10 00:00:00-05:00,0.3406657659187446,0.34593852067825837,0.33974877697306916,0.34272903203964233,451900000,0.0,0.0
2010-12-13 00:00:00-05:00,0.3441045605517629,0.34479228863214834,0.3331005286630479,0.3340175449848175,609108000,0.0,0.0
2010-12-14 00:00:00-05:00,0.34043665540950246,0.34662640135219297,0.33401764848314264,0.33447614312171936,755160000,0.0,0.0
2010-12-15 00:00:00-05:00,0.3351637822827904,0.33929028725364574,0.3266815114370731,0.32714003324508667,624176000,0.0,0.0
2010-12-16 00:00:00-05:00,0.33057891750675955,0.33241292349970974,0.326681644523454,0.3275986611843109,631872000,0.0,0.0
2010-12-17 00:00:00-05:00,0.32782780501024655,0.33126658238509277,0.3239305604237622,0.32943257689476013,593156000,0.0,0.0
2010-12-20 00:00:00-05:00,0.3305788115531097,0.332183556034319,0.3278277897810313,0.32805705070495605,344088000,0.0,0.0
2010-12-21 00:00:00-05:00,0.3312666205564157,0.3408951163291931,0.3310373595954232,0.3408951163291931,466952000,0.0,0.0
2010-12-22 00:00:00-05:00,0.34020738904683345,0.3450216509976758,0.33699789929877955,0.34456315636634827,477988000,0.0,0.0
2010-12-23 00:00:00-05:00,0.344563134558708,0.344563134558708,0.34066586211718175,0.34204137325286865,273784000,0.0,0.0
2010-12-27 00:00:00-05:00,0.34112426517701755,0.3463970195880795,0.33493449455212954,0.3438752591609955,255500000,0.0,0.0
2010-12-28 00:00:00-05:00,0.3438753632532168,0.34616786348860423,0.34043661290013566,0.34249985218048096,194260000,0.0,0.0
2010-12-29 00:00:00-05:00,0.3422706185541973,0.34502161337091053,0.33929036278244196,0.34249985218048096,177660000,0.0,0.0
2010-12-30 00:00:00-05:00,0.34204130504704927,0.34570931579160996,0.34089505510546836,0.3436460494995117,174488000,0.0,0.0
2010-12-31 00:00:00-05:00,0.3438753439265497,0.3535038662370364,0.34341684937099254,0.35304534435272217,391252000,0.0,0.0
2011-01-03 00:00:00-05:00,0.35579631964808295,0.36611256877359954,0.35533779782394614,0.362673819065094,817448000,0.0,0.0
2011-01-04 00:00:00-05:00,0.36336156741608916,0.3649663117831437,0.35350381297739286,0.36152756214141846,651384000,0.0,0.0
2011-01-05 00:00:00-05:00,0.368175855548416,0.3897254002502378,0.3645078717795747,0.38926687836647034,1428216000,0.0,0.0
2011-01-06 00:00:00-05:00,0.3993538684483761,0.44336991668251113,0.39820761847331426,0.4431406557559967,3493312000,0.0,0.0
2011-01-07 00:00:00-05:00,0.4380971432137491,0.45689566389034564,0.42823938837013836,0.4555201530456543,2579984000,0.0,0.0
2011-01-10 00:00:00-05:00,0.44726713703647336,0.4738601459567731,0.44382838729654256,0.47294315695762634,1750348000,0.0,0.0
2011-01-11 00:00:00-05:00,0.4793621594472149,0.4839471588152391,0.4555201190074859,0.4656071066856384,2711088000,0.0,0.0
2011-01-12 00:00:00-05:00,0.46583638314440684,0.5357576490688878,0.46423163887189445,0.5352991819381714,3431896000,0.0,0.0
2011-01-13 00:00:00-05:00,0.5295679925969041,0.5465325363446744,0.5130619707127265,0.5362162590026855,2695192000,0.0,0.0
2011-01-14 00:00:00-05:00,0.5270462859754927,0.5497420535638737,0.5238367967385534,0.5408012866973877,1595352000,0.0,0.0
2011-01-18 00:00:00-05:00,0.5334650953992585,0.5371331053609085,0.5151251002485052,0.5281923413276672,1813348000,0.0,0.0
2011-01-19 00:00:00-05:00,0.5284215782757018,0.541030296390177,0.5126033175951408,0.5137495398521423,1197896000,0.0,0.0
2011-01-20 00:00:00-05:00,0.508706503892335,0.5171887525213795,0.4995364448079881,0.5142084956169128,1111408000,0.0,0.0
2011-01-21 00:00:00-05:00,0.519710207182947,0.5270462286328034,0.5084769414183257,0.5093939304351807,739244000,0.0,0.0
2011-01-24 00:00:00-05:00,0.5327775140915524,0.5742718595876758,0.5268170574471938,0.5669358372688293,2056900000,0.0,0.0
2011-01-25 00:00:00-05:00,0.5644142102261162,0.570374723232187,0.5458449701603079,0.5495129823684692,1086856000,0.0,0.0
2011-01-26 00:00:00-05:00,0.5552440858276698,0.5731256209424394,0.5513468407877243,0.5625801086425781,1074660000,0.0,0.0
2011-01-27 00:00:00-05:00,0.570603896056275,0.571979352530542,0.5502006266881633,0.5609753727912903,657396000,0.0,0.0
2011-01-28 00:00:00-05:00,0.5623507136023969,0.5717499457269668,0.531860408274213,0.5446984171867371,1094796000,0.0,0.0
2011-01-31 00:00:00-05:00,0.5456155199549391,0.5559317421228626,0.536674753993899,0.5483664870262146,750160000,0.0,0.0
2011-02-01 00:00:00-05:00,0.5531808825878605,0.5651018515291298,0.5495128711222701,0.5609753727912903,654104000,0.0,0.0
2011-02-02 00:00:00-05:00,0.5577658648128815,0.5999479132861374,0.5577658648128815,0.5864221453666687,1606616000,0.0,0.0
2011-02-03 00:00:00-05:00,0.5873391379357447,0.5873391379357447,0.5628093358414654,0.5754181146621704,1030776000,0.0,0.0
2011-02-04 00:00:00-05:00,0.5834415377855102,0.5930700002692281,0.5811490389097463,0.5884850025177002,872900000,0.0,0.0
2011-02-07 00:00:00-05:00,0.5804616899531131,0.5829834240837645,0.5618923978055228,0.5639556646347046,934236000,0.0,0.0
2011-02-08 00:00:00-05:00,0.5646431160868298,0.5683111258103457,0.5446983234634923,0.5472201108932495,1076584000,0.0,0.0
2011-02-09 00:00:00-05:00,0.5492835506303463,0.5547855948349688,0.5240660484367187,0.5339238047599792,1277520000,0.0,0.0
2011-02-10 00:00:00-05:00,0.5220029146132372,0.5320899617819901,0.518105668748845,0.5231491923332214,1042352000,0.0,0.0
2011-02-11 00:00:00-05:00,0.5213150944198668,0.5550149009444206,0.5128328480399527,0.5380503535270691,1359276000,0.0,0.0
2011-02-14 00:00:00-05:00,0.5444692443916185,0.5616630209354871,0.527733989689823,0.5297972559928894,1287828000,0.0,0.0
2011-02-15 00:00:00-05:00,0.5307141270793367,0.5325481047250487,0.5146665767206227,0.5169591307640076,886980000,0.0,0.0
2011-02-16 00:00:00-05:00,0.5238367641903999,0.5435522749316124,0.5220027314135948,0.5359870195388794,1318364000,0.0,0.0
2011-02-17 00:00:00-05:00,0.5208563207501199,0.5962796138528479,0.5183345334244418,0.5887143611907959,3470096000,0.0,0.0
2011-02-18 00:00:00-05:00,0.5855050761457203,0.5949043650561708,0.5783983420513679,0.5875683426856995,1394412000,0.0,0.0
2011-02-22 00:00:00-05:00,0.5683113019310232,0.5699160464340944,0.5302557370813659,0.5320897698402405,1396648000,0.0,0.0
2011-02-23 00:00:00-05:00,0.5320895416635936,0.537133006608305,0.49930674623553517,0.5068719983100891,1491604000,0.0,0.0
2011-02-24 00:00:00-05:00,0.509393895327319,0.5281924148360234,0.5057259395126978,0.5192517042160034,1246120000,0.0,0.0
2011-02-25 00:00:00-05:00,0.5332359844142358,0.5387379732925205,0.52589996280485,0.5300264954566956,775652000,0.0,0.0
2011-02-28 00:00:00-05:00,0.5387379305549211,0.538967218789063,0.5075599231746188,0.5194809436798096,903696000,0.0,0.0
2011-03-01 00:00:00-05:00,0.5203978983477725,0.5270461635496385,0.49632662534713745,0.49632662534713745,988448000,0.0,0.0
2011-03-02 00:00:00-05:00,0.4956389847031595,0.5050382734485174,0.46423173854797406,0.4756942391395569,1718140000,0.0,0.0
2011-03-03 00:00:00-05:00,0.48669809212856824,0.4894491134229549,0.4640023304223785,0.4784450829029083,1593704000,0.0,0.0
2011-03-04 00:00:00-05:00,0.4789037342595541,0.4837179681699329,0.47065072280067993,0.47592347860336304,959760000,0.0,0.0
2011-03-07 00:00:00-05:00,0.47936218969494176,0.4809669341092591,0.457354153079467,0.4692751467227936,1019140000,0.0,0.0
2011-03-08 00:00:00-05:00,0.4743186773246582,0.4768404107874061,0.4383263801310775,0.44818416237831116,1947184000,0.0,0.0
2011-03-09 00:00:00-05:00,0.44680870749169205,0.45116447419274264,0.4348876847972443,0.43878495693206787,1318976000,0.0,0.0
2011-03-10 00:00:00-05:00,0.4286979687677431,0.43190745827672533,0.41035793892192046,0.4108164608478546,1722736000,0.0,0.0
2011-03-11 00:00:00-05:00,0.41425515534595836,0.4252591608350952,0.4048558943944808,0.41379663348197937,1486832000,0.0,0.0
2011-03-14 00:00:00-04:00,0.4170061135386771,0.42755162357341564,0.4103578477067756,0.4172353744506836,1003360000,0.0,0.0
2011-03-15 00:00:00-04:00,0.3968321293684401,0.4117334071914784,0.3899546291403101,0.4048559069633484,1256280000,0.0,0.0
2011-03-16 00:00:00-04:00,0.40118791919609553,0.42067419830225133,0.3966029187778843,0.40187567472457886,1476520000,0.0,0.0
2011-03-17 00:00:00-04:00,0.4126503639770388,0.41333811941174714,0.39431036480483983,0.40944087505340576,1238516000,0.0,0.0
2011-03-18 00:00:00-04:00,0.41585991173144743,0.4172354227050612,0.4034803949551932,0.403938889503479,886960000,0.0,0.0
2011-03-21 00:00:00-04:00,0.412650410247799,0.4167769159900025,0.40302191506849605,0.40714842081069946,751832000,0.0,0.0
2011-03-22 00:00:00-04:00,0.40600202985817874,0.4098992733012442,0.39820751564329976,0.40004152059555054,718332000,0.0,0.0
2011-03-23 00:00:00-04:00,0.3993538814384932,0.40944089794439953,0.39064237587890555,0.4082946479320526,782396000,0.0,0.0
2011-03-24 00:00:00-04:00,0.41700612678169763,0.4458916635029308,0.41608913776205714,0.44084814190864563,1780592000,0.0,0.0
2011-03-25 00:00:00-04:00,0.444745450419125,0.44589170045304,0.42640542254772845,0.42709317803382874,1196392000,0.0,0.0
2011-03-28 00:00:00-04:00,0.43718022741407314,0.45024750145750086,0.4332829822295246,0.4429115056991577,1204284000,0.0,0.0
2011-03-29 00:00:00-04:00,0.4429114853438881,0.4445162300721562,0.4335122232759821,0.4394727349281311,715764000,0.0,0.0
2011-03-30 00:00:00-04:00,0.4429113372684998,0.4447453423428388,0.4174645544390771,0.4229665696620941,1176320000,0.0,0.0
2011-03-31 00:00:00-04:00,0.42365448007051293,0.4282394807704411,0.4154014678791383,0.4231959581375122,655112000,0.0,0.0
2011-04-01 00:00:00-04:00,0.4286978734759414,0.42915636797120105,0.41150409760930134,0.4172353744506836,850072000,0.0,0.0
2011-04-04 00:00:00-04:00,0.41723549357278894,0.4183817438025729,0.39935395719364536,0.40233421325683594,924328000,0.0,0.0
2011-04-05 00:00:00-04:00,0.4082945971074809,0.4115040858110322,0.40210482594830643,0.40302184224128723,821076000,0.0,0.0
2011-04-06 00:00:00-04:00,0.40600197791916365,0.4064604722663851,0.39683195433101215,0.4002707302570343,856984000,0.0,0.0
2011-04-07 00:00:00-04:00,0.4011879477757917,0.41746471135146357,0.39958320298085115,0.4149429500102997,1021208000,0.0,0.0
2011-04-08 00:00:00-04:00,0.41815248282511164,0.41815248282511164,0.40118796302705195,0.40233421325683594,746552000,0.0,0.0
2011-04-11 00:00:00-04:00,0.4039389080931355,0.40600217464850963,0.3927056681637659,0.39706140756607056,546208000,0.0,0.0
2011-04-12 00:00:00-04:00,0.3931640517829587,0.4009585392492053,0.38582803142796174,0.39820754528045654,840756000,0.0,0.0
2011-04-13 00:00:00-04:00,0.4023341595566692,0.4096701545823878,0.397290664684535,0.40714842081069946,749588000,0.0,0.0
2011-04-14 00:00:00-04:00,0.40348042227606445,0.42457144621291043,0.4011879220506471,0.42434218525886536,1254704000,0.0,0.0
2011-04-15 00:00:00-04:00,0.42113266653068526,0.4341999387680563,0.419069400074321,0.4289271831512451,969720000,0.0,0.0
2011-04-18 00:00:00-04:00,0.41884003603147135,0.42159102978783014,0.40806526721521513,0.4147135317325592,743584000,0.0,0.0
2011-04-19 00:00:00-04:00,0.41494283340546856,0.4165476050782056,0.4018755904205189,0.41310885548591614,659860000,0.0,0.0
2011-04-20 00:00:00-04:00,0.428239442738856,0.434429187668301,0.4188401812072398,0.42571768164634705,650516000,0.0,0.0
2011-04-21 00:00:00-04:00,0.43030267499612007,0.433053696990381,0.42365443561042254,0.4245714247226715,421300000,0.0,0.0
2011-04-25 00:00:00-04:00,0.4264054652449074,0.43832646132555503,0.42617620428366526,0.4312197268009186,619612000,0.0,0.0
2011-04-26 00:00:00-04:00,0.43488762284426313,0.4468086438404727,0.4305318840924776,0.44245287775993347,676000000,0.0,0.0
2011-04-27 00:00:00-04:00,0.4447454049219961,0.4447454049219961,0.43328287842669766,0.44245287775993347,450004000,0.0,0.0
2011-04-28 00:00:00-04:00,0.44245288426619783,0.4562079107970728,0.43740939002450435,0.4472671449184418,684000000,0.0,0.0
2011-04-29 00:00:00-04:00,0.4502474045543643,0.46858740366743135,0.4495596491218734,0.4585004150867462,836000000,0.0,0.0
2011-05-02 00:00:00-04:00,0.46812910156511733,0.468358335237615,0.4500183296571299,0.45231083035469055,613824000,0.0,0.0
2011-05-03 00:00:00-04:00,0.4470380398696082,0.4484135237880723,0.42525925754192595,0.4307612478733063,808000000,0.0,0.0
2011-05-04 00:00:00-04:00,0.43213656656383825,0.43695082645517075,0.41952781928808625,0.4275515675544739,639356000,0.0,0.0
2011-05-05 00:00:00-04:00,0.42411294479684947,0.4328244509787569,0.41838169432569433,0.42778095602989197,544000000,0.0,0.0
2011-05-06 00:00:00-04:00,0.4367217328033192,0.4470380118534633,0.4332829822295246,0.4429115056991577,841080000,0.0,0.0
2011-05-09 00:00:00-04:00,0.44428683042531236,0.4550616002275957,0.4431405806445376,0.45276910066604614,706328000,0.0,0.0
2011-05-10 00:00:00-04:00,0.4564371337068144,0.4568956281762878,0.4488718519811196,0.4534568786621094,690976000,0.0,0.0
2011-05-11 00:00:00-04:00,0.45574941396268753,0.4603343863445661,0.44933040890205117,0.4555201530456543,616000000,0.0,0.0
2011-05-12 00:00:00-04:00,0.45391545393177674,0.4704214764010246,0.45276920388967656,0.4699629545211792,1224000000,0.0,0.0
2011-05-13 00:00:00-04:00,0.4401604174035691,0.44130666742302804,0.41540141151750515,0.41861090064048767,2025192000,0.0,0.0
2011-05-16 00:00:00-04:00,0.41746462523765476,0.41838164159471763,0.40554363122587317,0.405772864818573,728188000,0.0,0.0
2011-05-17 00:00:00-04:00,0.4043973004359424,0.40462653398281784,0.39247628147845187,0.404168039560318,1420364000,0.0,0.0
2011-05-18 00:00:00-04:00,0.4057728777148093,0.4170061439767515,0.40439739412863124,0.4135673940181732,658844000,0.0,0.0
2011-05-19 00:00:00-04:00,0.4167768085824827,0.41700606947026136,0.4014170669775765,0.4076068103313446,650884000,0.0,0.0
2011-05-20 00:00:00-04:00,0.40668978400140976,0.4156305205417628,0.40485577905425457,0.4147135317325592,575820000,0.0,0.0
2011-05-23 00:00:00-04:00,0.40875312597741037,0.4172353975895092,0.4034803706676273,0.41425514221191406,588000000,0.0,0.0
2011-05-24 00:00:00-04:00,0.41631834273918755,0.43259510168476667,0.4151720928790412,0.4158598482608795,720372000,0.0,0.0
2011-05-25 00:00:00-04:00,0.4137966532025419,0.42365443648779694,0.4096701475313617,0.42090341448783875,545312000,0.0,0.0
2011-05-26 00:00:00-04:00,0.42090333752715664,0.4351168574988587,0.41975708767968084,0.4314488470554352,706436000,0.0,0.0
2011-05-27 00:00:00-04:00,0.4332828791045103,0.4477256335427012,0.432824384602882,0.4470379054546356,658824000,0.0,0.0
2011-05-31 00:00:00-04:00,0.4557494784586053,0.45964675062717314,0.4447454721300917,0.459417462348938,1200716000,0.0,0.0
2011-06-01 00:00:00-04:00,0.4573542191587012,0.4580419746724205,0.43786794047085625,0.43878495693206787,762208000,0.0,0.0
2011-06-02 00:00:00-04:00,0.43947264457388924,0.4426821333705643,0.4314488679246948,0.4367216229438782,607592000,0.0,0.0
2011-06-03 00:00:00-04:00,0.43167823129538724,0.4355754764245742,0.4211327187540485,0.4231959581375122,549300000,0.0,0.0
2011-06-06 00:00:00-04:00,0.4225081528992922,0.4264053973182606,0.4137966203624726,0.41425514221191406,435988000,0.0,0.0
2011-06-07 00:00:00-04:00,0.4174645626750871,0.41975706223105125,0.4121918082306193,0.41402581334114075,433956000,0.0,0.0
2011-06-08 00:00:00-04:00,0.4119626600324746,0.4144843936692976,0.3995831434679356,0.40279263257980347,569288000,0.0,0.0
2011-06-09 00:00:00-04:00,0.4025633107823297,0.4034802996623293,0.38376479278358766,0.39820754528045654,741632000,0.0,0.0
2011-06-10 00:00:00-04:00,0.3988954459613303,0.40141720729337776,0.3892669225689746,0.3924764394760132,493548000,0.0,0.0
2011-06-13 00:00:00-04:00,0.39247641167506603,0.39751990665314646,0.3869743947936307,0.3897254168987274,574760000,0.0,0.0
2011-06-14 00:00:00-04:00,0.3931641495426834,0.40164639444240335,0.3913301439979113,0.3929348886013031,534576000,0.0,0.0
2011-06-15 00:00:00-04:00,0.38766219029683713,0.3899546907349888,0.3764289217526376,0.3844527006149292,935916000,0.0,0.0
2011-06-16 00:00:00-04:00,0.38468177026764544,0.3906422797973168,0.365654019276963,0.3711560070514679,1024908000,0.0,0.0
2011-06-17 00:00:00-04:00,0.3755118202530989,0.3757410811598831,0.35098205103481517,0.36244454979896545,1467884000,0.0,0.0
2011-06-20 00:00:00-04:00,0.35923507108105185,0.36680032594183076,0.3553377995297012,0.35808882117271423,745960000,0.0,0.0
2011-06-21 00:00:00-04:00,0.35946431542540896,0.36863434229535225,0.3560255655974631,0.36588332056999207,704276000,0.0,0.0
2011-06-22 00:00:00-04:00,0.3633616046773628,0.36817583827220673,0.3601520882853778,0.36083984375,651720000,0.0,0.0
2011-06-23 00:00:00-04:00,0.35625489092175794,0.3741363987254715,0.35304537410486825,0.3716146647930145,744024000,0.0,0.0
2011-06-24 00:00:00-04:00,0.36978061013257707,0.3729900991958064,0.3585473437537632,0.36083984375,529052000,0.0,0.0
2011-06-27 00:00:00-04:00,0.3608398391739204,0.36313233914108434,0.3406658066683714,0.3532745838165283,1142152000,0.0,0.0
2011-06-28 00:00:00-04:00,0.35327450043879155,0.35946424342351696,0.3507527401385799,0.3553377389907837,692200000,0.0,0.0
2011-06-29 00:00:00-04:00,0.35763032735801503,0.3645078546754812,0.3452508383098383,0.36083984375,960544000,0.0,0.0
2011-06-30 00:00:00-04:00,0.3617568602411554,0.36932211626799705,0.3562548707645929,0.36542487144470215,652300000,0.0,0.0
2011-07-01 00:00:00-04:00,0.36542481840872354,0.3716145898324502,0.3580888243950981,0.3702390789985657,540804000,0.0,0.0
2011-07-05 00:00:00-04:00,0.36978056473961984,0.37321931431184635,0.3608397994545796,0.3640493154525757,535296000,0.0,0.0
2011-07-06 00:00:00-04:00,0.3638200174538861,0.3645077727639571,0.3548792530804613,0.359235018491745,529580000,0.0,0.0
2011-07-07 00:00:00-04:00,0.36106918585617476,0.3629031644024721,0.35419165699251254,0.3606106638908386,986136000,0.0,0.0
2011-07-08 00:00:00-04:00,0.3555671579732578,0.35808891939480914,0.3507528961062092,0.3537331521511078,619516000,0.0,0.0
2011-07-11 00:00:00-04:00,0.3470847821516637,0.3484602655079512,0.34043651694564664,0.34135350584983826,714388000,0.0,0.0
2011-07-12 00:00:00-04:00,0.3397487328345288,0.3429582483849318,0.3310372296673612,0.3367684781551361,867604000,0.0,0.0
2011-07-13 00:00:00-04:00,0.34135345387725147,0.3436459531174381,0.3328712121543102,0.3360807001590729,634368000,0.0,0.0
2011-07-14 00:00:00-04:00,0.3374563521065521,0.3395195913561935,0.32117958974601923,0.32278433442115784,1088996000,0.0,0.0
2011-07-15 00:00:00-04:00,0.3246184141218785,0.3266816538423259,0.31659466158650507,0.3232429027557373,827736000,0.0,0.0
2011-07-18 00:00:00-04:00,0.32072115865789685,0.32255513731894175,0.31223888437112846,0.31636539101600647,818200000,0.0,0.0
2011-07-19 00:00:00-04:00,0.3172822157544671,0.3266814744958358,0.3172822157544671,0.32599374651908875,602224000,0.0,0.0
2011-07-20 00:00:00-04:00,0.327140011845109,0.3289739896421834,0.3209502411293559,0.3218672573566437,662956000,0.0,0.0
2011-07-21 00:00:00-04:00,0.3223259055586467,0.33929042690383865,0.3175116432229979,0.336997926235199,1143420000,0.0,0.0
2011-07-22 00:00:00-04:00,0.3399780154062976,0.34502150893171546,0.33562224988031153,0.3438752591609955,737192000,0.0,0.0
2011-07-25 00:00:00-04:00,0.3386025345168674,0.3399780452941542,0.3335590405480703,0.3383732736110687,566920000,0.0,0.0
2011-07-26 00:00:00-04:00,0.32874481416890117,0.33699782502898923,0.32530606419865704,0.330120325088501,698276000,0.0,0.0
2011-07-27 00:00:00-04:00,0.32553537833279883,0.3271401505789177,0.31682387078731133,0.31774088740348816,652212000,0.0,0.0
2011-07-28 00:00:00-04:00,0.3165945850368367,0.3237013191668514,0.31155106279963934,0.31705307960510254,648176000,0.0,0.0
2011-07-29 00:00:00-04:00,0.31384356296972626,0.32003333529196704,0.312238818316417,0.31705307960510254,677656000,0.0,0.0
2011-08-01 00:00:00-04:00,0.32438902391438024,0.33493453397783374,0.32163802960657817,0.3340175449848175,1019620000,0.0,0.0
2011-08-02 00:00:00-04:00,0.33172502404643484,0.3525867819320558,0.3305787742137909,0.3305787742137909,1356432000,0.0,0.0
2011-08-03 00:00:00-04:00,0.3312665476858581,0.3406657804300412,0.32805703158177474,0.33951953053474426,765236000,0.0,0.0
2011-08-04 00:00:00-04:00,0.33332979032685595,0.33332979032685595,0.3071952760219574,0.3071952760219574,979732000,0.0,0.0
2011-08-05 00:00:00-04:00,0.3143021246779866,0.3181993699950293,0.2888553313065305,0.2968790829181671,1270588000,0.0,0.0
2011-08-08 00:00:00-04:00,0.282436230740455,0.2925232458133736,0.27166146029208144,0.27349546551704407,1084180000,0.0,0.0
2011-08-09 00:00:00-04:00,0.27876821553685954,0.29687897924749945,0.2751002324782343,0.29642048478126526,1329832000,0.0,0.0
2011-08-10 00:00:00-04:00,0.2877090212679627,0.29596203214153244,0.28129001584727026,0.2828947603702545,1140052000,0.0,0.0
2011-08-11 00:00:00-04:00,0.28289479996622985,0.3115510811047684,0.28289479996622985,0.3074245750904083,1078792000,0.0,0.0
2011-08-12 00:00:00-04:00,0.34020725837284777,0.34066575282806705,0.29045996775591004,0.2952742278575897,3195784000,0.0,0.0
2011-08-15 00:00:00-04:00,0.29825451736313513,0.30719528325509904,0.2966497729195787,0.30650752782821655,864152000,0.0,0.0
2011-08-16 00:00:00-04:00,0.3030686749384165,0.3071951787673905,0.2922939073492219,0.2977959215641022,716868000,0.0,0.0
2011-08-17 00:00:00-04:00,0.29871295550143795,0.3037564761276454,0.289772218625432,0.2936694622039795,553328000,0.0,0.0
2011-08-18 00:00:00-04:00,0.28037309208922834,0.2831240872449235,0.2705153070678606,0.27372482419013977,802564000,0.0,0.0
2011-08-19 00:00:00-04:00,0.2691397881828113,0.2840410396127411,0.26707652158756606,0.2689105272293091,761332000,0.0,0.0
2011-08-22 00:00:00-04:00,0.2764758193458349,0.2796853364681141,0.2707445680511526,0.27372482419013977,611876000,0.0,0.0
2011-08-23 00:00:00-04:00,0.2803729989572986,0.3035272574281342,0.2799144771430224,0.3032979965209961,938312000,0.0,0.0
2011-08-24 00:00:00-04:00,0.3026103690628712,0.3035273583387801,0.29114783914143927,0.29894235730171204,687500000,0.0,0.0
2011-08-25 00:00:00-04:00,0.2929817919881518,0.2982545476920887,0.2856457971225146,0.286104291677475,690968000,0.0,0.0
2011-08-26 00:00:00-04:00,0.28495804335618635,0.3012348051218029,0.2799145212347229,0.2982545495033264,732660000,0.0,0.0
2011-08-29 00:00:00-04:00,0.306736899774437,0.3074246281214982,0.2996301366721835,0.30627837777137756,601528000,0.0,0.0
2011-08-30 00:00:00-04:00,0.30421504782009373,0.3161360424589511,0.30215178140473486,0.3136143088340759,684760000,0.0,0.0
2011-08-31 00:00:00-04:00,0.3159067414962376,0.3191162299085687,0.3026102387489014,0.3051319718360901,705808000,0.0,0.0
2011-09-01 00:00:00-04:00,0.3092585139759615,0.31590677982054055,0.3042150198609814,0.30444425344467163,762312000,0.0,0.0
2011-09-02 00:00:00-04:00,0.29756678857022856,0.30169329417211577,0.2938987775177162,0.2961913049221039,471356000,0.0,0.0
2011-09-06 00:00:00-04:00,0.28656267962231097,0.3028394352336288,0.2838116859872458,0.3021516799926758,696248000,0.0,0.0
2011-09-07 00:00:00-04:00,0.3266814351081848,0.3356221983441603,0.3177406992009554,0.3266814351081848,1606620000,0.0,0.0
2011-09-08 00:00:00-04:00,0.3234720145603974,0.3312665298254226,0.3198040041617089,0.32507675886154175,880164000,0.0,0.0
2011-09-09 00:00:00-04:00,0.3223257216341396,0.3310372246697922,0.3154482235526372,0.3181992173194885,869828000,0.0,0.0
2011-09-12 00:00:00-04:00,0.31384348718637667,0.3285155011293566,0.31384348718637667,0.3257645070552826,916480000,0.0,0.0
2011-09-13 00:00:00-04:00,0.3285155573101307,0.33470532919627405,0.3234720627570281,0.3331005573272705,853836000,0.0,0.0
2011-09-14 00:00:00-04:00,0.3418121066036044,0.35465011820091064,0.3415828456602122,0.3502943515777588,1547192000,0.0,0.0
2011-09-15 00:00:00-04:00,0.3580887601651051,0.3599227651717364,0.35212825072574055,0.3553377389907837,752908000,0.0,0.0
2011-09-16 00:00:00-04:00,0.3560254954711074,0.36909276410644465,0.3525867463204921,0.3544207513332367,1391588000,0.0,0.0
2011-09-19 00:00:00-04:00,0.3484603037778894,0.35098206453449704,0.33814405449336443,0.34708482027053833,968204000,0.0,0.0
2011-09-20 00:00:00-04:00,0.35144050691658624,0.35281601754869607,0.33653926015997854,0.3381440043449402,792436000,0.0,0.0
2011-09-21 00:00:00-04:00,0.33997804104042195,0.34593852390033225,0.3314957702345362,0.33172503113746643,715252000,0.0,0.0
2011-09-22 00:00:00-04:00,0.318657764926681,0.31911625940957855,0.30375651659561903,0.30971699953079224,1314632000,0.0,0.0
2011-09-23 00:00:00-04:00,0.3078830489318303,0.3250767985325251,0.30604904350867185,0.31613603234291077,1011440000,0.0,0.0
2011-09-26 00:00:00-04:00,0.3200332064731764,0.32095019524060453,0.30261020126206795,0.31682369112968445,972124000,0.0,0.0
2011-09-27 00:00:00-04:00,0.3248475415381917,0.3275985358104134,0.31476052610170774,0.3172822594642639,781388000,0.0,0.0
2011-09-28 00:00:00-04:00,0.31797000360154964,0.32599377988184175,0.3026102610743521,0.3076537549495697,1236532000,0.0,0.0
2011-09-29 00:00:00-04:00,0.3131557960340721,0.3184285512386109,0.29229400880730744,0.3000885248184204,866416000,0.0,0.0
2011-09-30 00:00:00-04:00,0.2952742845726345,0.29687902913851,0.2863335179991746,0.2867920398712158,677784000,0.0,0.0
2011-10-03 00:00:00-04:00,0.28312395641293825,0.2920647206983598,0.2707444429397583,0.2707444429397583,949896000,0.0,0.0
2011-10-04 00:00:00-04:00,0.26409623433323465,0.2957327663898468,0.2629499843599699,0.2957327663898468,1361548000,0.0,0.0
2011-10-05 00:00:00-04:00,0.295045107942937,0.3090294004746783,0.2890846225195681,0.30627837777137756,856708000,0.0,0.0
2011-10-06 00:00:00-04:00,0.30788297831767547,0.3193454754225038,0.30742445657048334,0.31842848658561707,773192000,0.0,0.0
2011-10-07 00:00:00-04:00,0.31980404061353224,0.3292033012510459,0.3131558017529771,0.3243890404701233,806976000,0.0,0.0
2011-10-10 00:00:00-04:00,0.3298909882754033,0.33883175253868103,0.32920323297380516,0.33883175253868103,534376000,0.0,0.0
2011-10-11 00:00:00-04:00,0.3360808805722897,0.34158289809955045,0.3340176410800427,0.3351638913154602,816080000,0.0,0.0
2011-10-12 00:00:00-04:00,0.3415827680719786,0.3418120289632957,0.3347052692774759,0.3349345028400421,612064000,0.0,0.0
2011-10-13 00:00:00-04:00,0.33332973467979704,0.35510850662910953,0.33241274583779923,0.3544207513332367,854832000,0.0,0.0
2011-10-14 00:00:00-04:00,0.36061047914956773,0.36427848902055926,0.35166974266605416,0.36038124561309814,702452000,0.0,0.0
2011-10-17 00:00:00-04:00,0.35625488092156404,0.35625488092156404,0.3406658465264193,0.34249985218048096,611780000,0.0,0.0
2011-10-18 00:00:00-04:00,0.3406657411378651,0.3557962762708928,0.33860250249580454,0.3548792600631714,590916000,0.0,0.0
2011-10-19 00:00:00-04:00,0.35533776294143754,0.3615275336721178,0.3468555199588858,0.3477725088596344,557568000,0.0,0.0
2011-10-20 00:00:00-04:00,0.3383733756776443,0.3397488868698388,0.31728234981738707,0.3303496241569519,990308000,0.0,0.0
2011-10-21 00:00:00-04:00,0.3344760913206816,0.33997810811777873,0.32645234073757795,0.33195433020591736,628428000,0.0,0.0
2011-10-24 00:00:00-04:00,0.3333297641696807,0.34960652252077384,0.3326420088129617,0.3443337678909302,535256000,0.0,0.0
2011-10-25 00:00:00-04:00,0.3395195046266483,0.34227052602843827,0.3305787670570842,0.33126652240753174,577996000,0.0,0.0
2011-10-26 00:00:00-04:00,0.3376856527648832,0.3395196312785422,0.32553536747494416,0.3351638913154602,503116000,0.0,0.0
2011-10-27 00:00:00-04:00,0.3475433345389487,0.35304532353877716,0.3397488182389772,0.34960657358169556,577732000,0.0,0.0
2011-10-28 00:00:00-04:00,0.34662636522467816,0.36083988884046975,0.3457093760430989,0.3576303720474243,490156000,0.0,0.0
2011-10-31 00:00:00-04:00,0.346167911949182,0.3482311788471257,0.33929041028022766,0.33929041028022766,519984000,0.0,0.0
2011-11-01 00:00:00-04:00,0.326910704987399,0.3278276937569934,0.3191161911308597,0.3223257064819336,790824000,0.0,0.0
2011-11-02 00:00:00-04:00,0.3255351937352387,0.327139965071358,0.31017545424396364,0.31682369112968445,961608000,0.0,0.0
2011-11-03 00:00:00-04:00,0.320262547019097,0.33653933537432007,0.3117803024353595,0.3358515799045563,749372000,0.0,0.0
2011-11-04 00:00:00-04:00,0.332871241861876,0.34089498991862,0.327598487673123,0.339748740196228,654840000,0.0,0.0
2011-11-07 00:00:00-05:00,0.33722703926315356,0.34295831621317463,0.3301203061300346,0.3379147946834564,613536000,0.0,0.0
2011-11-08 00:00:00-05:00,0.3422706034837092,0.347772592874878,0.3367685867637831,0.34570935368537903,549728000,0.0,0.0
2011-11-09 00:00:00-05:00,0.33768567279757694,0.3420414130190566,0.3269108980824461,0.32828640937805176,532244000,0.0,0.0
2011-11-10 00:00:00-05:00,0.3363100305660523,0.3397487801374917,0.3234720212345109,0.33172503113746643,990484000,0.0,0.0
2011-11-11 00:00:00-05:00,0.3411242805883724,0.3461677743416458,0.322554995203533,0.3434167802333832,1751560000,0.0,0.0
2011-11-14 00:00:00-05:00,0.3434167427982041,0.34685549189086906,0.3358514893285915,0.3367684781551361,500292000,0.0,0.0
2011-11-15 00:00:00-05:00,0.3335590124067174,0.3436459994933035,0.3326419961896412,0.3411242663860321,505660000,0.0,0.0
2011-11-16 00:00:00-05:00,0.3347053659683621,0.3436461060525483,0.3331005939230518,0.33424684405326843,512420000,0.0,0.0
2011-11-17 00:00:00-05:00,0.33355896921757194,0.33447595798716634,0.3163651974933298,0.3223257064819336,657504000,0.0,0.0
2011-11-18 00:00:00-05:00,0.32415970368930824,0.32415970368930824,0.31590669564300733,0.3193454444408417,501352000,0.0,0.0
2011-11-21 00:00:00-05:00,0.3143019942246468,0.3386024999510054,0.30948773432435406,0.3353930115699768,1330788000,0.0,0.0
2011-11-22 00:00:00-05:00,0.3390610868982296,0.34754335925868773,0.3372270813249209,0.34570935368537903,1287480000,0.0,0.0
2011-11-23 00:00:00-05:00,0.3420413796559043,0.34456314100895125,0.3308081113808666,0.33103737235069275,825340000,0.0,0.0
2011-11-25 00:00:00-05:00,0.3266814900670898,0.3342467441306487,0.3209502411293559,0.3218672573566437,406620000,0.0,0.0
2011-11-28 00:00:00-05:00,0.3324128139204315,0.345021563388463,0.3324128139204315,0.33997806906700134,690616000,0.0,0.0
2011-11-29 00:00:00-05:00,0.33951960615907956,0.3461678734298837,0.3363101166688701,0.3418121337890625,623440000,0.0,0.0
2011-11-30 00:00:00-05:00,0.3521284043581966,0.3592351666112689,0.3491481483382385,0.35831815004348755,730324000,0.0,0.0
2011-12-01 00:00:00-05:00,0.35533779782394614,0.3635908080558608,0.3537330534257276,0.362673819065094,529760000,0.0,0.0
2011-12-02 00:00:00-05:00,0.366570988357742,0.36794649889155073,0.356942496607324,0.36038124561309814,546464000,0.0,0.0
2011-12-05 00:00:00-05:00,0.36634178502281356,0.36680027946229926,0.3518990052133894,0.3548792600631714,644696000,0.0,0.0
2011-12-06 00:00:00-05:00,0.35694260386000065,0.35763033200480304,0.3461678318746834,0.3498358428478241,573832000,0.0,0.0
2011-12-07 00:00:00-05:00,0.3475432752988226,0.350294269329819,0.34043651566739375,0.3477725088596344,510016000,0.0,0.0
2011-12-08 00:00:00-05:00,0.3443337316247487,0.35006498011252357,0.3356222284575811,0.3367684781551361,491488000,0.0,0.0
2011-12-09 00:00:00-05:00,0.33424684187436293,0.3443338593517688,0.32966184138338533,0.34158286452293396,555840000,0.0,0.0
2011-12-12 00:00:00-05:00,0.33424680733155543,0.3356223182681997,0.32691081276988293,0.3331005573272705,573208000,0.0,0.0
2011-12-13 00:00:00-05:00,0.3374563902612113,0.3415828965558175,0.3218673816642333,0.32393062114715576,516596000,0.0,0.0
2011-12-14 00:00:00-05:00,0.321179611593129,0.32301361734464984,0.3078831040555531,0.31132185459136963,636020000,0.0,0.0
2011-12-15 00:00:00-05:00,0.3165945800083821,0.31865781919718683,0.30788307403466475,0.3085708022117615,435148000,0.0,0.0
2011-12-16 00:00:00-05:00,0.3110925103082375,0.31705302057216334,0.30834151608209964,0.30971699953079224,619116000,0.0,0.0
2011-12-19 00:00:00-05:00,0.31109258232915876,0.3147605936990242,0.300547070137365,0.301693320274353,463276000,0.0,0.0
2011-12-20 00:00:00-05:00,0.3085707697304399,0.319804035600247,0.3085707697304399,0.318657785654068,445208000,0.0,0.0
2011-12-21 00:00:00-05:00,0.3168237064427766,0.3202624554799578,0.30834146428347914,0.31453120708465576,548424000,0.0,0.0
2011-12-22 00:00:00-05:00,0.31544830112169725,0.3289740397431457,0.31544830112169725,0.32805705070495605,576560000,0.0,0.0
2011-12-23 00:00:00-05:00,0.32966175221381433,0.3301202740018943,0.3220964979842606,0.3248475193977356,248948000,0.0,0.0
2011-12-27 00:00:00-05:00,0.32347195610829993,0.3273691993721962,0.32140869038359243,0.3223257064819336,195712000,0.0,0.0
2011-12-28 00:00:00-05:00,0.3223258374755662,0.32301359299664006,0.3140728258801952,0.31430208683013916,233960000,0.0,0.0
2011-12-29 00:00:00-05:00,0.3175114976278887,0.32095024705400743,0.3129264983930638,0.32026249170303345,211112000,0.0,0.0
2011-12-30 00:00:00-05:00,0.31911637133461,0.3225551221555581,0.3172823654310186,0.31774088740348816,186956000,0.0,0.0
2012-01-03 00:00:00-05:00,0.3278277398546366,0.3301202667584808,0.3211795020183655,0.3218672573566437,468044000,0.0,0.0
2012-01-04 00:00:00-05:00,0.3220965769153488,0.32691083823993333,0.3191163212062612,0.3255353271961212,347372000,0.0,0.0
2012-01-05 00:00:00-05:00,0.3239305129904409,0.3388317883369192,0.3225550022419192,0.3372270166873932,563548000,0.0,0.0
2012-01-06 00:00:00-05:00,0.3369978677605908,0.33722710139042084,0.32943261140102204,0.33332985639572144,533252000,0.0,0.0
2012-01-09 00:00:00-05:00,0.3335591173543104,0.3397488626198634,0.33103735612486784,0.33332985639572144,508244000,0.0,0.0
2012-01-10 00:00:00-05:00,0.33837333613815185,0.338602597086315,0.3296618300393163,0.33195433020591736,546328000,0.0,0.0
2012-01-11 00:00:00-05:00,0.32897404143031755,0.33195429681285055,0.323930547036899,0.3253060579299927,484272000,0.0,0.0
2012-01-12 00:00:00-05:00,0.32599392548801964,0.3262231591632003,0.3161361395786151,0.3232429027557373,652364000,0.0,0.0
2012-01-13 00:00:00-05:00,0.32095031048227207,0.3216380659691647,0.313155821174173,0.31476056575775146,504300000,0.0,0.0
2012-01-17 00:00:00-05:00,0.3195747591131107,0.3195747591131107,0.30948774454341943,0.3099462389945984,627176000,0.0,0.0
2012-01-18 00:00:00-05:00,0.3159067028626209,0.3230134614720589,0.3143019588527065,0.3204917013645172,632676000,0.0,0.0
2012-01-19 00:00:00-05:00,0.3232428471422212,0.3294326198961497,0.31980409664726517,0.3289740979671478,608312000,0.0,0.0
2012-01-20 00:00:00-05:00,0.32851547953424304,0.3324127504891394,0.3248474967861779,0.32599374651908875,546272000,0.0,0.0
2012-01-23 00:00:00-05:00,0.32622299890125517,0.33516376373135925,0.32209649415880337,0.3349345028400421,562792000,0.0,0.0
2012-01-24 00:00:00-05:00,0.3326420957025633,0.3438753632532168,0.3324128620762796,0.34249985218048096,730920000,0.0,0.0
2012-01-25 00:00:00-05:00,0.33332978768834004,0.34135353698243776,0.32370126667242016,0.34043654799461365,1274152000,0.0,0.0
2012-01-26 00:00:00-05:00,0.3454800265210193,0.34937729786558014,0.335393038794367,0.3372270166873932,799672000,0.0,0.0
2012-01-27 00:00:00-05:00,0.3351638665182583,0.343646112167034,0.3324128716225418,0.3418121337890625,449996000,0.0,0.0
2012-01-30 00:00:00-05:00,0.3358516594457505,0.34089515520389785,0.3308081363588408,0.33929041028022766,399076000,0.0,0.0
2012-01-31 00:00:00-05:00,0.3402072273840223,0.3404364882551245,0.33264197391138056,0.3386024832725525,357900000,0.0,0.0
2012-02-01 00:00:00-05:00,0.342499667405355,0.3461676767346241,0.3376854359055259,0.3422704339027405,428020000,0.0,0.0
2012-02-02 00:00:00-05:00,0.3441044969993377,0.3564839827624648,0.3406657205887486,0.35510849952697754,696236000,0.0,0.0
2012-02-03 00:00:00-05:00,0.3603813192594236,0.36565407427821617,0.3596935638519719,0.362673819065094,495232000,0.0,0.0
2012-02-06 00:00:00-05:00,0.3608398152847855,0.3612983097821129,0.35671331015133156,0.3599228262901306,278868000,0.0,0.0
2012-02-07 00:00:00-05:00,0.3603813492165038,0.3629030828151109,0.3544208382947857,0.36083984375,410296000,0.0,0.0
2012-02-08 00:00:00-05:00,0.36083990459538695,0.38101391342979507,0.35900589882339345,0.3739071786403656,847612000,0.0,0.0
2012-02-09 00:00:00-05:00,0.37849208044390187,0.3805553193174567,0.37299006456650063,0.3736778199672699,561944000,0.0,0.0
2012-02-10 00:00:00-05:00,0.3700097825295392,0.3713852932312526,0.3624445283276179,0.364507794380188,440268000,0.0,0.0
2012-02-13 00:00:00-05:00,0.37367782875452327,0.3750533395884078,0.3626738240697082,0.3702390789985657,610668000,0.0,0.0
2012-02-14 00:00:00-05:00,0.3702391439006786,0.3755118999165336,0.367029627168578,0.372302383184433,453756000,0.0,0.0
2012-02-15 00:00:00-05:00,0.3757410792193589,0.38743283882991086,0.36978056896128286,0.370697557926178,1110856000,0.0,0.0
2012-02-16 00:00:00-05:00,0.34525082556927256,0.3800968460891771,0.3438753146907878,0.3771165907382965,1888588000,0.0,0.0
2012-02-17 00:00:00-05:00,0.377345888625877,0.379867622378456,0.3599228766591613,0.3633616268634796,1020360000,0.0,0.0
2012-02-21 00:00:00-05:00,0.3631323358296878,0.37413634103748045,0.36244458038005917,0.3651956021785736,518176000,0.0,0.0
2012-02-22 00:00:00-05:00,0.3633615744725458,0.37230231278315884,0.3622153245697106,0.362673819065094,492432000,0.0,0.0
2012-02-23 00:00:00-05:00,0.3633615801387174,0.366800329900846,0.357630303206416,0.36473706364631653,323968000,0.0,0.0
2012-02-24 00:00:00-05:00,0.3658833753992721,0.3663418973080466,0.3603813857815625,0.3619861304759979,366668000,0.0,0.0
2012-02-27 00:00:00-05:00,0.35740107458619164,0.35900581903173473,0.3496065586197972,0.35465008020401,745268000,0.0,0.0
2012-02-28 00:00:00-05:00,0.35465006497884505,0.3587765700393432,0.34777253832551275,0.35144054889678955,699884000,0.0,0.0
2012-02-29 00:00:00-05:00,0.35258678466886223,0.35854729477637753,0.347084796360965,0.3473140299320221,689196000,0.0,0.0
2012-03-01 00:00:00-05:00,0.3486895845246426,0.3537330789959446,0.3473140736103078,0.34960657358169556,449944000,0.0,0.0
2012-03-02 00:00:00-05:00,0.3484602712240876,0.35763026973143164,0.3484602712240876,0.3525867760181427,684076000,0.0,0.0
2012-03-05 00:00:00-05:00,0.350065078349869,0.3507528338271537,0.3381440836157064,0.3406658172607422,514848000,0.0,0.0
2012-03-06 00:00:00-05:00,0.33676859004537935,0.33951958476777044,0.3314958342190212,0.3374563455581665,471400000,0.0,0.0
2012-03-07 00:00:00-05:00,0.3392902969529368,0.3408950413406019,0.334705297371749,0.33951953053474426,441984000,0.0,0.0
2012-03-08 00:00:00-05:00,0.34043658365415136,0.34410459464716575,0.33860257815764416,0.3406658172607422,430852000,0.0,0.0
2012-03-09 00:00:00-05:00,0.341582745217805,0.3441045055385671,0.337914735174651,0.339748740196228,367836000,0.0,0.0
2012-03-12 00:00:00-04:00,0.3411244110317485,0.34341691155339404,0.3335591538445659,0.33447614312171936,299948000,0.0,0.0
2012-03-13 00:00:00-04:00,0.33585150364403044,0.3408949970624981,0.3342467321360524,0.3390609920024872,553288000,0.0,0.0
2012-03-14 00:00:00-04:00,0.3390610715580614,0.33974882703303066,0.32828632687939674,0.32943257689476013,735708000,0.0,0.0
2012-03-15 00:00:00-04:00,0.33034959907628364,0.3360808497273668,0.329203348946067,0.33424684405326843,382380000,0.0,0.0
2012-03-16 00:00:00-04:00,0.3344759131432343,0.33608065693924627,0.3326419085211879,0.3347051739692688,428340000,0.0,0.0
2012-03-19 00:00:00-04:00,0.33653938678576417,0.3381441315745246,0.3340176254543121,0.3356223702430725,405400000,0.0,0.0
2012-03-20 00:00:00-04:00,0.3337883086595081,0.3337883086595081,0.3271400696485383,0.330120325088501,449616000,0.0,0.0
2012-03-21 00:00:00-04:00,0.3301202784747151,0.3344760168904813,0.3264522680928845,0.3314957618713379,467840000,0.0,0.0
2012-03-22 00:00:00-04:00,0.32897410560853796,0.3337883673448056,0.3280571163867538,0.33103737235069275,425372000,0.0,0.0
2012-03-23 00:00:00-04:00,0.33012034567484266,0.33447608497727405,0.32782781822296214,0.3335590958595276,315456000,0.0,0.0
2012-03-26 00:00:00-04:00,0.33676859004537935,0.33906109020216485,0.33355910075738265,0.3374563455581665,288600000,0.0,0.0
2012-03-27 00:00:00-04:00,0.338831751349814,0.343875244662589,0.33814399605062906,0.339748740196228,419968000,0.0,0.0
2012-03-28 00:00:00-04:00,0.34410452008330195,0.35212826847919665,0.3415827596559492,0.34754326939582825,892448000,0.0,0.0
2012-03-29 00:00:00-04:00,0.34708482589293516,0.3518990592397799,0.3427290597272136,0.34914806485176086,372700000,0.0,0.0
2012-03-30 00:00:00-04:00,0.35212835524160774,0.35510861084586515,0.3470848604729643,0.35304534435272217,527240000,0.0,0.0
2012-04-02 00:00:00-04:00,0.3521283042949981,0.3551085594680664,0.34639705485784866,0.35144054889678955,407776000,0.0,0.0
2012-04-03 00:00:00-04:00,0.3539623651008895,0.35442085966202735,0.3438753481120703,0.34570935368537903,430476000,0.0,0.0
2012-04-04 00:00:00-04:00,0.34043657993130694,0.34479231902521773,0.333788313495265,0.3358515799045563,495896000,0.0,0.0
2012-04-05 00:00:00-04:00,0.33631000044205644,0.34043650502391454,0.3342467344867525,0.3353930115699768,369424000,0.0,0.0
2012-04-09 00:00:00-04:00,0.33012038312890857,0.3321836225423031,0.32461836581192266,0.33103737235069275,365504000,0.0,0.0
2012-04-10 00:00:00-04:00,0.3296618950384106,0.33424689627563264,0.3230136541759439,0.324618399143219,470360000,0.0,0.0
2012-04-11 00:00:00-04:00,0.32897397284260493,0.33585149854542445,0.3278277231135932,0.3287447392940521,372960000,0.0,0.0
2012-04-12 00:00:00-04:00,0.3292033355037763,0.3383733361710726,0.32782782447217873,0.3365393579006195,384868000,0.0,0.0
2012-04-13 00:00:00-04:00,0.3335591679530598,0.3353931739137012,0.32438913814985265,0.324618399143219,311324000,0.0,0.0
2012-04-16 00:00:00-04:00,0.3269107740597384,0.3278277630230816,0.31544827537418585,0.3207210302352905,463468000,0.0,0.0
2012-04-17 00:00:00-04:00,0.32163812881934734,0.325535374234944,0.32026261757677826,0.32140886783599854,460696000,0.0,0.0
2012-04-18 00:00:00-04:00,0.31934551842731745,0.32095026277234734,0.31407276358328867,0.31797000765800476,400764000,0.0,0.0
2012-04-19 00:00:00-04:00,0.3138434386126893,0.325764456636574,0.3115509393509802,0.3131557106971741,667188000,0.0,0.0
2012-04-20 00:00:00-04:00,0.3149898170577457,0.3159068335346888,0.3062783108349558,0.30696606636047363,509592000,0.0,0.0
2012-04-23 00:00:00-04:00,0.3016932521572878,0.3046735073063191,0.2959620027663635,0.3032979965209961,706244000,0.0,0.0
2012-04-24 00:00:00-04:00,0.304215069219721,0.30673683035074223,0.29229404641353834,0.2938987910747528,730440000,0.0,0.0
2012-04-25 00:00:00-04:00,0.2982544814993764,0.30215172534474555,0.29275246607466326,0.2998592257499695,727112000,0.0,0.0
2012-04-26 00:00:00-04:00,0.29963003030688534,0.3026102856249946,0.2975667640118462,0.3000885248184204,539208000,0.0,0.0
2012-04-27 00:00:00-04:00,0.29963006786323954,0.3014640734680127,0.29435731199780085,0.29756680130958557,475356000,0.0,0.0
2012-04-30 00:00:00-04:00,0.29596198192858775,0.29962999221202713,0.2938987158958716,0.2980252206325531,262268000,0.0,0.0
2012-05-01 00:00:00-04:00,0.29642049725188685,0.3065075125771654,0.29642049725188685,0.3032979965209961,408680000,0.0,0.0
2012-05-02 00:00:00-04:00,0.3021517645769764,0.3032980145231967,0.2929817650072137,0.29458650946617126,684008000,0.0,0.0
2012-05-03 00:00:00-04:00,0.29527416115430244,0.29710816588962347,0.2877089087015686,0.28954291343688965,419536000,0.0,0.0
2012-05-04 00:00:00-04:00,0.28770899110408626,0.2893137354588265,0.28106072545051575,0.28106072545051575,545092000,0.0,0.0
2012-05-07 00:00:00-04:00,0.28610425352030666,0.2909185140272146,0.2835824928112114,0.28587499260902405,604440000,0.0,0.0
2012-05-08 00:00:00-04:00,0.2833532556289895,0.28747976107637196,0.2783097611171912,0.2856457829475403,462312000,0.0,0.0
2012-05-09 00:00:00-04:00,0.280602267886222,0.2890845399163969,0.27785127329775594,0.2867920398712158,520608000,0.0,0.0
2012-05-10 00:00:00-04:00,0.28954296576725297,0.2900014602017627,0.28014370688042906,0.2847287058830261,597092000,0.0,0.0
2012-05-11 00:00:00-04:00,0.30834156403235413,0.31361431972752457,0.30169329734583245,0.3028395473957062,1435140000,0.0,0.0
2012-05-14 00:00:00-04:00,0.3003178165158642,0.30559057274058576,0.29412807109065187,0.3010055720806122,437472000,0.0,0.0
2012-05-15 00:00:00-04:00,0.3010054755717537,0.3076537407943937,0.2966497372728265,0.2980252206325531,599940000,0.0,0.0
2012-05-16 00:00:00-04:00,0.2984838217984835,0.3019225721054869,0.29114779928053636,0.2920648157596588,470484000,0.0,0.0
2012-05-17 00:00:00-04:00,0.29321102784140585,0.29596202226453633,0.2900015115737915,0.2900015115737915,335364000,0.0,0.0
2012-05-18 00:00:00-04:00,0.29068926286501356,0.2920647737213341,0.27555875276050434,0.2769342362880707,567288000,0.0,0.0
2012-05-21 00:00:00-04:00,0.2773927938574071,0.2831240442824036,0.2755587882556567,0.28174853324890137,416260000,0.0,0.0
2012-05-22 00:00:00-04:00,0.2815192487305251,0.28197774321587754,0.27418322764987474,0.27830973267555237,410140000,0.0,0.0
2012-05-23 00:00:00-04:00,0.275329489569671,0.2856457662494427,0.27120298436351314,0.2851872444152832,496000000,0.0,0.0
2012-05-24 00:00:00-04:00,0.28679204185711243,0.28725053640357223,0.2755587751606865,0.2776220142841339,520420000,0.0,0.0
2012-05-25 00:00:00-04:00,0.27739284440154827,0.2865628467524217,0.27739284440154827,0.28427034616470337,391752000,0.0,0.0
2012-05-29 00:00:00-04:00,0.2888553416467595,0.2934403427318252,0.2877090913754931,0.2916063368320465,310000000,0.0,0.0
2012-05-30 00:00:00-04:00,0.2883967077267701,0.290459946287132,0.28312395355959646,0.28816744685173035,379792000,0.0,0.0
2012-05-31 00:00:00-04:00,0.2881675540278675,0.2893138041718851,0.2812900531637618,0.2849580645561218,358192000,0.0,0.0
2012-06-01 00:00:00-04:00,0.2789975186532765,0.2817485131957239,0.27418325770742674,0.274641752243042,440984000,0.0,0.0
2012-06-04 00:00:00-04:00,0.27601728884277893,0.27762203353101966,0.26661802700931986,0.2689105272293091,432856000,0.0,0.0
2012-06-05 00:00:00-04:00,0.267534939890775,0.2773926924850327,0.267534939890775,0.27670493721961975,365224000,0.0,0.0
2012-06-06 00:00:00-04:00,0.27876820323833307,0.28472871302267044,0.276704964566928,0.2840409576892853,368968000,0.0,0.0
2012-06-07 00:00:00-04:00,0.2881676073793336,0.2897723797410737,0.27234933606603395,0.2725785970687866,526780000,0.0,0.0
2012-06-08 00:00:00-04:00,0.2734954582361942,0.27876821286931136,0.2730369637743474,0.2778512239456177,370308000,0.0,0.0
2012-06-11 00:00:00-04:00,0.286792002138164,0.2918354961082416,0.2803729973904504,0.28106072545051575,839080000,0.0,0.0
2012-06-12 00:00:00-04:00,0.28427027889001416,0.2895430344596819,0.2838117843467292,0.2867920398712158,496128000,0.0,0.0
2012-06-13 00:00:00-04:00,0.2865627133325014,0.2872504686543594,0.27785120968938337,0.27922672033309937,494276000,0.0,0.0
2012-06-14 00:00:00-04:00,0.278768234591757,0.281060734408381,0.2730369850501971,0.27578797936439514,589884000,0.0,0.0
2012-06-15 00:00:00-04:00,0.2778512884256553,0.2819777941974043,0.27532952730715377,0.28174853324890137,385288000,0.0,0.0
2012-06-18 00:00:00-04:00,0.27968534498926667,0.2865628467524217,0.27739284440154827,0.28427034616470337,304424000,0.0,0.0
2012-06-19 00:00:00-04:00,0.2959620109170105,0.30788303184143445,0.2945865000938067,0.30352726578712463,960476000,0.0,0.0
2012-06-20 00:00:00-04:00,0.30650746833486814,0.31407272190464525,0.30467346332874806,0.30834147334098816,972720000,0.0,0.0
2012-06-21 00:00:00-04:00,0.30811217549776687,0.30811217549776687,0.2936694253845304,0.29435718059539795,516376000,0.0,0.0
2012-06-22 00:00:00-04:00,0.2980252206325531,0.3014639973537468,0.2938987158958716,0.2980252206325531,865360000,0.0,0.0
2012-06-25 00:00:00-04:00,0.2982545679402548,0.29917155711242893,0.2874797948590351,0.2886260449886322,494616000,0.0,0.0
2012-06-26 00:00:00-04:00,0.2902307425848406,0.29389872566140723,0.2861042377110454,0.2918354868888855,437152000,0.0,0.0
2012-06-27 00:00:00-04:00,0.2920648108789819,0.3032980507626385,0.2920648108789819,0.30123481154441833,506064000,0.0,0.0
2012-06-28 00:00:00-04:00,0.2984837716499664,0.3053612711084786,0.2959620109170105,0.30352726578712463,545896000,0.0,0.0
2012-06-29 00:00:00-04:00,0.3106339486276777,0.3175114463696289,0.3104046877714473,0.31682369112968445,616508000,0.0,0.0
2012-07-02 00:00:00-04:00,0.3184284872102739,0.31865772075557086,0.3058197130414795,0.30834147334098816,581684000,0.0,0.0
2012-07-03 00:00:00-04:00,0.3083416387232628,0.31705314667828005,0.30811237772625044,0.31636539101600647,219284000,0.0,0.0
2012-07-05 00:00:00-04:00,0.31430196032802865,0.3156774434878059,0.30834145131608626,0.3131557106971741,280076000,0.0,0.0
2012-07-06 00:00:00-04:00,0.31086325933104164,0.3117802756548778,0.30375652629726707,0.3071952760219574,382760000,0.0,0.0
2012-07-09 00:00:00-04:00,0.305361346852308,0.30673685801670264,0.300547085105687,0.3030688464641571,306336000,0.0,0.0
2012-07-10 00:00:00-04:00,0.29985930247784415,0.3088000695824812,0.29160629089337275,0.2938987910747528,512028000,0.0,0.0
2012-07-11 00:00:00-04:00,0.29481589528466107,0.2984839075980088,0.28770913167583717,0.28908464312553406,485216000,0.0,0.0
2012-07-12 00:00:00-04:00,0.2858750911103537,0.2863335857621448,0.2817485845867081,0.28427034616470337,472160000,0.0,0.0
2012-07-13 00:00:00-04:00,0.28449951719829913,0.2893137505130245,0.28266551184227107,0.28793826699256897,324260000,0.0,0.0
2012-07-16 00:00:00-04:00,0.286104260293366,0.29114775450219993,0.28335323860786216,0.28885525465011597,334460000,0.0,0.0
2012-07-17 00:00:00-04:00,0.28977221931929037,0.2913769634638585,0.27876818919689716,0.2835824489593506,447476000,0.0,0.0
2012-07-18 00:00:00-04:00,0.2828947270210399,0.3035272517726865,0.2815192435900983,0.2994007468223572,616008000,0.0,0.0
2012-07-19 00:00:00-04:00,0.30146401988841903,0.3062782530004562,0.29940075370147207,0.3023810088634491,403036000,0.0,0.0
2012-07-20 00:00:00-04:00,0.3005469605174453,0.3026102264087344,0.2904599465937794,0.2936694622039795,451000000,0.0,0.0
2012-07-23 00:00:00-04:00,0.2858750394918197,0.29963006786323954,0.282665550180035,0.29756680130958557,451584000,0.0,0.0
2012-07-24 00:00:00-04:00,0.29802516283878233,0.29985916762484727,0.2909184318698057,0.29435718059539795,351164000,0.0,0.0
2012-07-25 00:00:00-04:00,0.2934402587505222,0.30306878013652966,0.29206477521591706,0.3000885248184204,415044000,0.0,0.0
2012-07-26 00:00:00-04:00,0.3055905291505845,0.30902930648381066,0.29917152367648847,0.3014640510082245,338440000,0.0,0.0
2012-07-27 00:00:00-04:00,0.3026103345582863,0.3099463299153694,0.30031780697239163,0.30902934074401855,376516000,0.0,0.0
2012-07-30 00:00:00-04:00,0.3090293176279036,0.31292656230775984,0.3030688064737069,0.30559054017066956,363552000,0.0,0.0
2012-07-31 00:00:00-04:00,0.30559048744381884,0.3147605135329774,0.3051319929715489,0.3104047477245331,387788000,0.0,0.0
2012-08-01 00:00:00-04:00,0.3122388222844326,0.315219078009171,0.305590555309438,0.30696606636047363,335912000,0.0,0.0
2012-08-02 00:00:00-04:00,0.3053613875223691,0.31269738427575666,0.30031786413369893,0.30811238288879395,367912000,0.0,0.0
2012-08-03 00:00:00-04:00,0.31292646299972077,0.31774072258327374,0.3055904431907357,0.31453120708465576,326548000,0.0,0.0
2012-08-06 00:00:00-04:00,0.31751158721555967,0.32278434328909617,0.3170530926284606,0.32117959856987,360324000,0.0,0.0
2012-08-07 00:00:00-04:00,0.32507679591436295,0.32782779036256665,0.3225550350617359,0.3243890404701233,407340000,0.0,0.0
2012-08-08 00:00:00-04:00,0.3241598361992497,0.32966182559338747,0.3232428197477219,0.32622307538986206,517064000,0.0,0.0
2012-08-09 00:00:00-04:00,0.3266815071587323,0.33791477206165405,0.3262230126854757,0.3372270166873932,822300000,0.0,0.0
2012-08-10 00:00:00-04:00,0.3461678990412205,0.34891889414047017,0.3308081240236169,0.3351638913154602,1278744000,0.0,0.0
2012-08-13 00:00:00-04:00,0.3356222863564853,0.33974879144530495,0.33424677555062765,0.33951953053474426,447244000,0.0,0.0
2012-08-14 00:00:00-04:00,0.34066588906440987,0.3411244110317485,0.33310063187722727,0.33447614312171936,388828000,0.0,0.0
2012-08-15 00:00:00-04:00,0.3356223414039821,0.33837333613815185,0.3303495855550482,0.33195433020591736,594404000,0.0,0.0
2012-08-16 00:00:00-04:00,0.3349344816058745,0.33997800226509495,0.33378823187946066,0.33883175253868103,371008000,0.0,0.0
2012-08-17 00:00:00-04:00,0.3388318353876954,0.3388318353876954,0.3328713244214172,0.3358515799045563,309864000,0.0,0.0
2012-08-20 00:00:00-04:00,0.3347053298978686,0.3363100744414802,0.33080805801212587,0.3358515799045563,314392000,0.0,0.0
2012-08-21 00:00:00-04:00,0.3369977688756435,0.3390610075824939,0.33149575344279075,0.3349345028400421,340248000,0.0,0.0
2012-08-22 00:00:00-04:00,0.3328713752725175,0.33699788139273,0.3317251250907229,0.3356223702430725,313556000,0.0,0.0
2012-08-23 00:00:00-04:00,0.33493455047764265,0.3351638114015675,0.3266815398189168,0.32805705070495605,379040000,0.0,0.0
2012-08-24 00:00:00-04:00,0.32805691063044334,0.33630991776528074,0.32736915548108303,0.3347051739692688,347724000,0.0,0.0
2012-08-27 00:00:00-04:00,0.33447611515633324,0.3353931316855773,0.32874486433140654,0.3289740979671478,340944000,0.0,0.0
2012-08-28 00:00:00-04:00,0.32645241085481247,0.3308081511754011,0.32576465519136066,0.3275986611843109,310764000,0.0,0.0
2012-08-29 00:00:00-04:00,0.32736939273806037,0.3303496489926973,0.32668163709025755,0.32828640937805176,250412000,0.0,0.0
2012-08-30 00:00:00-04:00,0.32759857292157296,0.3287448229422448,0.32049181186190534,0.3220965564250946,307488000,0.0,0.0
2012-08-31 00:00:00-04:00,0.32438910227212275,0.3266816026371811,0.31842861772022696,0.3216381072998047,485064000,0.0,0.0
2012-09-04 00:00:00-04:00,0.31636527431667444,0.317511524221386,0.30146402555542434,0.30444425344467163,694452000,0.0,0.0
2012-09-05 00:00:00-04:00,0.3055905343137811,0.3099463007902913,0.3021517842512102,0.3053613007068634,480256000,0.0,0.0
2012-09-06 00:00:00-04:00,0.3076538046077885,0.32301357694294996,0.3074245436692388,0.31476056575775146,657296000,0.0,0.0
2012-09-07 00:00:00-04:00,0.306736781524416,0.3092585149252702,0.29687899951913294,0.3071952760219574,781064000,0.0,0.0
2012-09-10 00:00:00-04:00,0.30650751967040446,0.310863258376807,0.30375652536484743,0.30444425344467163,371108000,0.0,0.0
2012-09-11 00:00:00-04:00,0.3042151371756284,0.3129266452766104,0.3030688868288877,0.30811238288879395,382808000,0.0,0.0
2012-09-12 00:00:00-04:00,0.3106341345412547,0.3131558961540688,0.3076538782703189,0.31155112385749817,322608000,0.0,0.0
2012-09-13 00:00:00-04:00,0.3143020643058622,0.31544831431592074,0.30765379785026925,0.3136143088340759,433836000,0.0,0.0
2012-09-14 00:00:00-04:00,0.3133850153012203,0.3227842753374605,0.3133850153012203,0.3172822594642639,339468000,0.0,0.0
2012-09-17 00:00:00-04:00,0.31797006369133285,0.31797006369133285,0.30513205201124866,0.3085708022117615,493348000,0.0,0.0
2012-09-18 00:00:00-04:00,0.3051320011889929,0.31430202752510744,0.3049027676110605,0.3106340169906616,359952000,0.0,0.0
2012-09-19 00:00:00-04:00,0.3113218311246575,0.3186578262490107,0.30765381989810203,0.31430208683013916,451936000,0.0,0.0
2012-09-20 00:00:00-04:00,0.3136143450451678,0.3152190897787884,0.30948783906674404,0.3120095729827881,320596000,0.0,0.0
2012-09-21 00:00:00-04:00,0.31246805051578486,0.3152190450010277,0.31132180053620406,0.3133850395679474,340136000,0.0,0.0
2012-09-24 00:00:00-04:00,0.30834145131608626,0.31361420508376653,0.30788295692949386,0.3131557106971741,357832000,0.0,0.0
2012-09-25 00:00:00-04:00,0.3172823318667242,0.3186578429810974,0.30696608049520374,0.3074245750904083,481544000,0.0,0.0
2012-09-26 00:00:00-04:00,0.3062781841096469,0.30650744496621346,0.29848369758883786,0.3021516799926758,436812000,0.0,0.0
2012-09-27 00:00:00-04:00,0.30283950904382617,0.304902775269559,0.3003177483219594,0.30444425344467163,558888000,0.0,0.0
2012-09-28 00:00:00-04:00,0.3030686375194528,0.3101753947546108,0.299171367683484,0.30581963062286377,485508000,0.0,0.0
2012-10-01 00:00:00-04:00,0.30719533888214157,0.30902934457634584,0.29963008247402323,0.30077633261680603,504236000,0.0,0.0
2012-10-02 00:00:00-04:00,0.30283948906528785,0.30283948906528785,0.29848375064623656,0.3019225001335144,295492000,0.0,0.0
2012-10-03 00:00:00-04:00,0.3026103690628712,0.3035273583387801,0.2973376124044906,0.29894235730171204,430872000,0.0,0.0
2012-10-04 00:00:00-04:00,0.2996301475447072,0.31407290794605686,0.2980253751332955,0.3122389018535614,502608000,0.0,0.0
2012-10-05 00:00:00-04:00,0.31315580267458293,0.31636529165214017,0.30375654200940755,0.3049027919769287,483068000,0.0,0.0
2012-10-08 00:00:00-04:00,0.30375650532581294,0.3051319887234731,0.2996300004753292,0.3019225001335144,240596000,0.0,0.0
2012-10-09 00:00:00-04:00,0.30146415921401315,0.3023811486128418,0.294586629407736,0.2955036461353302,366360000,0.0,0.0
2012-10-10 00:00:00-04:00,0.2941280312665709,0.2955035422098266,0.28931377029393174,0.2904600203037262,326568000,0.0,0.0
2012-10-11 00:00:00-04:00,0.2932110658619933,0.2941280550123576,0.2897723155549899,0.2920648157596588,320516000,0.0,0.0
2012-10-12 00:00:00-04:00,0.2900014077885337,0.29229390687549883,0.2877089087015686,0.28954291343688965,260696000,0.0,0.0
2012-10-15 00:00:00-04:00,0.2900015559248759,0.29344030631187934,0.2865628055378725,0.29321107268333435,249580000,0.0,0.0
2012-10-16 00:00:00-04:00,0.2957328086305115,0.30261033678119886,0.2929818137674919,0.301693320274353,367696000,0.0,0.0
2012-10-17 00:00:00-04:00,0.2980252360626633,0.30077625758205107,0.29504498096916143,0.2994007468223572,391752000,0.0,0.0
2012-10-18 00:00:00-04:00,0.29871299299773096,0.29871299299773096,0.29366949906718215,0.2948157489299774,254772000,0.0,0.0
2012-10-19 00:00:00-04:00,0.2904600255575474,0.29252329200975125,0.27601726970714635,0.2776220142841339,709412000,0.0,0.0
2012-10-22 00:00:00-04:00,0.27876816094157264,0.2803729322522337,0.27211992416132,0.2744124233722687,480840000,0.0,0.0
2012-10-23 00:00:00-04:00,0.2718907493425539,0.2844995263212871,0.27120299389589503,0.28266552090644836,573948000,0.0,0.0
2012-10-24 00:00:00-04:00,0.2844995877079505,0.2856458379234575,0.27624657522479573,0.2789975702762604,332916000,0.0,0.0
2012-10-25 00:00:00-04:00,0.28128995896992337,0.2842702138121414,0.27808047057291935,0.27922672033309937,307356000,0.0,0.0
2012-10-26 00:00:00-04:00,0.27968532817615616,0.28129007302533826,0.276246577501297,0.276246577501297,389376000,0.0,0.0
2012-10-31 00:00:00-04:00,0.2773927741142452,0.2796852741210773,0.273954024103997,0.274641752243042,347112000,0.0,0.0
2012-11-01 00:00:00-04:00,0.27601729501614075,0.28793831828971506,0.2757880340575109,0.2877090573310852,473220000,0.0,0.0
2012-11-02 00:00:00-04:00,0.29068926756861774,0.29114776208522536,0.28449952327252825,0.28633350133895874,256700000,0.0,0.0
2012-11-05 00:00:00-05:00,0.2856456642195752,0.29962991927630467,0.2856456642195752,0.298483669757843,444840000,0.0,0.0
2012-11-06 00:00:00-05:00,0.2991715386188159,0.2991715386188159,0.2932110547106201,0.2982545495033264,350804000,0.0,0.0
2012-11-07 00:00:00-05:00,0.2959621457164865,0.29779615187316033,0.28770913167583717,0.28908464312553406,324620000,0.0,0.0
2012-11-08 00:00:00-05:00,0.2922940041969706,0.29985925916861256,0.2900015043467006,0.29068925976753235,839024000,0.0,0.0
2012-11-09 00:00:00-05:00,0.2922939371424578,0.295732686128987,0.27853894119634104,0.27945592999458313,846280000,0.0,0.0
2012-11-12 00:00:00-05:00,0.2799144641055567,0.28106071393035315,0.2705152046107252,0.2732662260532379,643624000,0.0,0.0
2012-11-13 00:00:00-05:00,0.271890736887168,0.27808050829478803,0.2709737478861336,0.2712029814720154,492120000,0.0,0.0
2012-11-14 00:00:00-05:00,0.27280771846922264,0.27555871245068325,0.2643254483106564,0.2645547091960907,619300000,0.0,0.0
2012-11-15 00:00:00-05:00,0.26615952028172835,0.27303702062775964,0.2638670201663846,0.265701025724411,466688000,0.0,0.0
2012-11-16 00:00:00-05:00,0.2657010196291875,0.26661800872278635,0.2556140029558185,0.2608867585659027,624552000,0.0,0.0
2012-11-19 00:00:00-05:00,0.2657010155997141,0.2691397656416941,0.26249149916327913,0.26822274923324585,404092000,0.0,0.0
2012-11-20 00:00:00-05:00,0.2671844500185863,0.2683380950832321,0.26233912974504686,0.2651078999042511,336976000,0.001875,0.0
2012-11-21 00:00:00-05:00,0.26510788377503675,0.2734141112320931,0.2648771437741187,0.27272194623947144,422312000,0.0,0.0
2012-11-23 00:00:00-05:00,0.27387556065614765,0.27779794769836247,0.2724911758153362,0.27456775307655334,276932000,0.0,0.0
2012-11-26 00:00:00-05:00,0.2750292636434159,0.28010529662399797,0.27456781110064826,0.279413104057312,364600000,0.0,0.0
2012-11-27 00:00:00-05:00,0.27825949127232474,0.2847199101367638,0.27595220078538735,0.2805667817592621,451404000,0.0,0.0
2012-11-28 00:00:00-05:00,0.27941308288772776,0.28425840298235744,0.2759521478215829,0.2828740179538727,398332000,0.0,0.0
2012-11-29 00:00:00-05:00,0.28333557063151116,0.28471992850996397,0.27687515135017615,0.277798056602478,488688000,0.0,0.0
2012-11-30 00:00:00-05:00,0.2775672474723503,0.2796438250309447,0.2745677923961592,0.2761828899383545,460504000,0.0,0.0
2012-12-03 00:00:00-05:00,0.2796438654486332,0.2796438654486332,0.2704147038678102,0.27110686898231506,391380000,0.0,0.0
2012-12-04 00:00:00-05:00,0.2715683407088128,0.27964385684353615,0.2699532154778119,0.27918240427970886,528068000,0.0,0.0
2012-12-05 00:00:00-05:00,0.2768750331170429,0.27872084283343596,0.27202971384885566,0.2759521007537842,633024000,0.0,0.0
2012-12-06 00:00:00-05:00,0.2752599744161446,0.27825945718271045,0.2743370693364638,0.27641361951828003,412896000,0.0,0.0
2012-12-07 00:00:00-05:00,0.2766442931499627,0.27802867794231967,0.2727219062450342,0.2759521007537842,338288000,0.0,0.0
2012-12-10 00:00:00-05:00,0.27595221106618434,0.2872579513764242,0.27526001839330055,0.2851813733577728,513644000,0.0,0.0
2012-12-11 00:00:00-05:00,0.28610430476998333,0.2955642070772459,0.2854121121002931,0.2918725311756134,816724000,0.0,0.0
2012-12-12 00:00:00-05:00,0.2927954021647435,0.29441049971674593,0.2877193419940681,0.28887298703193665,399404000,0.0,0.0
2012-12-13 00:00:00-05:00,0.2884115835750342,0.294641262338145,0.2863350331556879,0.28910377621650696,377556000,0.0,0.0
2012-12-14 00:00:00-05:00,0.290257381579331,0.293487576789058,0.2881808039401623,0.2904880940914154,338660000,0.0,0.0
2012-12-17 00:00:00-05:00,0.2897959560714449,0.29141105382690446,0.28495063529999554,0.2893344759941101,445232000,0.0,0.0
2012-12-18 00:00:00-05:00,0.28933448486480023,0.29302616056623704,0.28841157969197684,0.28979596495628357,416436000,0.0,0.0
2012-12-19 00:00:00-05:00,0.2918725311756134,0.2953334670189915,0.2907188858944874,0.2918725311756134,458544000,0.0,0.0
2012-12-20 00:00:00-05:00,0.29302612940538586,0.29325686942659024,0.2884115490218473,0.2916417717933655,334332000,0.0,0.0
2012-12-21 00:00:00-05:00,0.2877193266150805,0.2877193266150805,0.28172036173679005,0.2849505841732025,462172000,0.0,0.0
2012-12-24 00:00:00-05:00,0.2847199583712404,0.2856428912254129,0.28172047472906414,0.2826434075832367,127376000,0.0,0.0
2012-12-26 00:00:00-05:00,0.2819511658043377,0.2865657467577687,0.2812589731603087,0.2824126183986664,196740000,0.0,0.0
2012-12-27 00:00:00-05:00,0.2828740722461994,0.2833355523476447,0.2773365860795787,0.2805667817592621,299804000,0.0,0.0
2012-12-28 00:00:00-05:00,0.27802875911760555,0.28356624489367344,0.277567279048708,0.27918240427970886,220600000,0.0,0.0
2012-12-31 00:00:00-05:00,0.27825943786567947,0.28402766297592097,0.2775672453514371,0.2828740179538727,326460000,0.0,0.0
2013-01-02 00:00:00-05:00,0.28979587201341656,0.2937182589975417,0.2886422271648466,0.2934875190258026,478836000,0.0,0.0
2013-01-03 00:00:00-05:00,0.2934875086421527,0.29694844306541385,0.290257314182467,0.29371824860572815,298888000,0.0,0.0
2013-01-04 00:00:00-05:00,0.29417979156217683,0.30433188549777185,0.29325688643397285,0.30340898036956787,524968000,0.0,0.0
2013-01-07 00:00:00-05:00,0.3031781915631209,0.30410109654285844,0.29256464677081034,0.2946411967277527,610732000,0.0,0.0
2013-01-08 00:00:00-05:00,0.29533328645484036,0.2962562186185125,0.2861041298484567,0.2881806790828705,466424000,0.0,0.0
2013-01-09 00:00:00-05:00,0.2904881083631003,0.29187249352389427,0.2798745896489348,0.2817203998565674,695020000,0.0,0.0
2013-01-10 00:00:00-05:00,0.2842584090987598,0.2856427941570325,0.28056673394674453,0.28218185901641846,506368000,0.0,0.0
2013-01-11 00:00:00-05:00,0.2833355250458502,0.2835662375692695,0.278951657040049,0.2817203998565674,513172000,0.0,0.0
2013-01-14 00:00:00-05:00,0.28356619036476316,0.28356619036476316,0.2782594181385498,0.28148964047431946,305684000,0.0,0.0
2013-01-15 00:00:00-05:00,0.2801052948471409,0.2801052948471409,0.2747985218763042,0.27641361951828003,375888000,0.0,0.0
2013-01-16 00:00:00-05:00,0.2759522211467533,0.2812589951592884,0.2759522211467533,0.2789517045021057,337376000,0.0,0.0
2013-01-17 00:00:00-05:00,0.2798746640308728,0.2837970530221447,0.2791824712665126,0.2826434075832367,580736000,0.0,0.0
2013-01-18 00:00:00-05:00,0.2826433491609216,0.2826433491609216,0.2773365757378381,0.2807975113391876,397088000,0.0,0.0
2013-01-22 00:00:00-05:00,0.2805667491667656,0.28310477940959117,0.2780287464290091,0.279413104057312,308224000,0.0,0.0
2013-01-23 00:00:00-05:00,0.280335985874031,0.28056669835109416,0.27687505117250766,0.2798745334148407,421808000,0.0,0.0
2013-01-24 00:00:00-05:00,0.2789515618127912,0.2824124960282281,0.2775671771245924,0.28125885128974915,396980000,0.0,0.0
2013-01-25 00:00:00-05:00,0.28172035436364423,0.286565674138919,0.2803359969314694,0.28633496165275574,393920000,0.0,0.0
2013-01-28 00:00:00-05:00,0.2877194781254602,0.2927955406978202,0.287027285274222,0.2909497022628784,422492000,0.0,0.0
2013-01-29 00:00:00-05:00,0.28979588434470716,0.2904880492792516,0.2835661798932952,0.2847198247909546,388872000,0.0,0.0
2013-01-30 00:00:00-05:00,0.28495067755396647,0.2888730662574492,0.28333557955901173,0.28425848484039307,287592000,0.0,0.0
2013-01-31 00:00:00-05:00,0.28425840298235744,0.28748862554713284,0.28102820792264893,0.2828740179538727,470544000,0.0,0.0
2013-02-01 00:00:00-05:00,0.28518133310862254,0.2863350057373204,0.28287404286136547,0.285412073135376,288816000,0.0,0.0
2013-02-04 00:00:00-05:00,0.2837970049440177,0.2895652311613611,0.28033606921361165,0.2805667817592621,511744000,0.0,0.0
2013-02-05 00:00:00-05:00,0.28195114698588813,0.2886423054248139,0.2810282418588288,0.28702718019485474,367296000,0.0,0.0
2013-02-06 00:00:00-05:00,0.280105245200317,0.2870271145862734,0.27849014784460663,0.2847198247909546,530688000,0.0,0.0
2013-02-07 00:00:00-05:00,0.2837969168704417,0.2861042066413344,0.28079743466726836,0.2835661768913269,440000000,0.0,0.0
2013-02-08 00:00:00-05:00,0.285412073135376,0.287719363382633,0.28356623543655646,0.285412073135376,307232000,0.0,0.0
2013-02-11 00:00:00-05:00,0.287719354680304,0.2916417699860595,0.28495061196835253,0.2886422872543335,408308000,0.0,0.0
2013-02-12 00:00:00-05:00,0.28610437697982605,0.2900267664246112,0.2856429242519243,0.28679656982421875,277804000,0.0,0.0
2013-02-13 00:00:00-05:00,0.28702717080744206,0.2923339438771471,0.2844891680385009,0.285412073135376,856396000,0.0,0.0
2013-02-14 00:00:00-05:00,0.2814896081425263,0.2939489885693036,0.27802867371926515,0.29371824860572815,882096000,0.0,0.0
2013-02-15 00:00:00-05:00,0.29302605622006356,0.29510263337705733,0.2872578321812949,0.29371824860572815,733860000,0.0,0.0
2013-02-19 00:00:00-05:00,0.29394909324413204,0.2941798057848021,0.28795012710556517,0.28979596495628357,433552000,0.0,0.0
2013-02-20 00:00:00-05:00,0.29071883557260714,0.295333415898352,0.28471987014711153,0.2856428027153015,713012000,0.0,0.0
2013-02-21 00:00:00-05:00,0.2851812742299391,0.2884114964122271,0.2828739844590464,0.2835661768913269,580408000,0.0,0.0
2013-02-22 00:00:00-05:00,0.2854120519183311,0.2891037270415373,0.2837969543663286,0.28887298703193665,370148000,0.0,0.0
2013-02-25 00:00:00-05:00,0.28956534354353924,0.2918726349259513,0.2833356623120433,0.28379711508750916,644444000,0.0,0.0
2013-02-26 00:00:00-05:00,0.28437737924037393,0.2887881150668002,0.2834487843421995,0.287163108587265,487504000,0.001875,0.0
2013-02-27 00:00:00-05:00,0.2871631024510912,0.29459175078248506,0.2864666632107961,0.29250243306159973,476980000,0.0,0.0
2013-02-28 00:00:00-05:00,0.2915738881428151,0.2983060700746561,0.29041316521154475,0.29389533400535583,591392000,0.0,0.0
2013-03-01 00:00:00-05:00,0.2918059159522637,0.2959845226051486,0.2892523429843621,0.29505595564842224,389396000,0.0,0.0
2013-03-04 00:00:00-05:00,0.292966739056049,0.29668106350564116,0.2906452931935083,0.29389533400535583,353680000,0.0,0.0
2013-03-05 00:00:00-05:00,0.2955203007142243,0.29760959063917786,0.294127422315046,0.2971453070640564,366168000,0.0,0.0
2013-03-06 00:00:00-05:00,0.2990025267075424,0.30178825636937406,0.29552035771179797,0.2969132363796234,342928000,0.0,0.0
2013-03-07 00:00:00-05:00,0.29853814170997217,0.30155602601668635,0.2945916903891043,0.2962166965007782,314824000,0.0,0.0
2013-03-08 00:00:00-05:00,0.29691315617024994,0.29900244593375935,0.2955202778787025,0.2976095676422119,246464000,0.0,0.0
2013-03-11 00:00:00-04:00,0.2945916378794419,0.295984488152403,0.2922701654102304,0.2948237657546997,299748000,0.0,0.0
2013-03-12 00:00:00-04:00,0.29435943897173567,0.29668088342519755,0.29157371116234154,0.29575231671333313,310856000,0.0,0.0
2013-03-13 00:00:00-04:00,0.29575231671333313,0.30085948897618914,0.2929665612301382,0.29575231671333313,485840000,0.0,0.0
2013-03-14 00:00:00-04:00,0.29760960242822543,0.29853819728906617,0.2941274339661563,0.2959845960140228,383304000,0.0,0.0
2013-03-15 00:00:00-04:00,0.29598458734902766,0.29598458734902766,0.29227026336203205,0.29343101382255554,355776000,0.0,0.0
2013-03-18 00:00:00-04:00,0.2915737583547184,0.29412733106255196,0.2892523135255214,0.2913416028022766,298312000,0.0,0.0
2013-03-19 00:00:00-04:00,0.291573758230032,0.2929666085226714,0.2873951520045032,0.289484441280365,355480000,0.0,0.0
2013-03-20 00:00:00-04:00,0.29227007606533434,0.29389510906440186,0.2897165041752788,0.2929665148258209,340588000,0.0,0.0
2013-03-21 00:00:00-04:00,0.29134164427496895,0.2918059277721384,0.2878594765354844,0.2883237600326538,339032000,0.0,0.0
2013-03-22 00:00:00-04:00,0.2892524071972999,0.29087741356922037,0.2880916844068118,0.2897166907787323,232476000,0.0,0.0
2013-03-25 00:00:00-04:00,0.29134173228633425,0.29157388794195543,0.2860024012714053,0.2880917191505432,362076000,0.0,0.0
2013-03-26 00:00:00-04:00,0.28878813236773343,0.29041316661843836,0.28762740943084,0.2901810109615326,232540000,0.0,0.0
2013-03-27 00:00:00-04:00,0.28902019426558295,0.29528809055671873,0.2883237551946104,0.2936630845069885,254944000,0.0,0.0
2013-03-28 00:00:00-04:00,0.2929666519990792,0.29807385351808424,0.2908773624131657,0.2978416979312897,349276000,0.0,0.0
2013-04-01 00:00:00-04:00,0.29714534693868805,0.29714534693868805,0.2860024012714053,0.2880917191505432,442828000,0.0,0.0
2013-04-02 00:00:00-04:00,0.2883237392894848,0.28902017832203897,0.2832165658404332,0.28507372736930847,371524000,0.0,0.0
2013-04-03 00:00:00-04:00,0.2846094509386114,0.2862344847706726,0.27950227686676227,0.28159159421920776,353156000,0.0,0.0
2013-04-04 00:00:00-04:00,0.2806630422282921,0.28530593348651656,0.2797344750461731,0.2843773663043976,294676000,0.0,0.0
2013-04-05 00:00:00-04:00,0.28019883284948255,0.28925248980522156,0.27950239344153,0.28925248980522156,551352000,0.0,0.0
2013-04-08 00:00:00-04:00,0.28948460672579535,0.28948460672579535,0.28321670764219276,0.2885560393333435,326660000,0.0,0.0
2013-04-09 00:00:00-04:00,0.28878803189655694,0.2952880836165147,0.28669874240655285,0.2931987941265106,380584000,0.0,0.0
2013-04-10 00:00:00-04:00,0.29343096317266826,0.2983059814310694,0.29273452408609396,0.2978416979312897,384688000,0.0,0.0
2013-04-11 00:00:00-04:00,0.29366309805129126,0.29830598850683576,0.2855380397540883,0.29644882678985596,969220000,0.0,0.0
2013-04-12 00:00:00-04:00,0.29784161660014813,0.30712739475532724,0.29528801653795317,0.3038773834705353,770548000,0.0,0.0
2013-04-15 00:00:00-04:00,0.3029488975280614,0.3038774922803636,0.295752433485231,0.2976095676422119,430420000,0.0,0.0
2013-04-16 00:00:00-04:00,0.30039531677782266,0.30294889001726844,0.29877028292003505,0.30085960030555725,468844000,0.0,0.0
2013-04-17 00:00:00-04:00,0.29853824304287363,0.30132397270470535,0.29505607404712925,0.2969132363796234,532948000,0.0,0.0
2013-04-18 00:00:00-04:00,0.2976095241338057,0.2994666856930945,0.29110947251319885,0.29110947251319885,402548000,0.0,0.0
2013-04-19 00:00:00-04:00,0.2908773857134584,0.29273454753515177,0.2871630620700716,0.2918059527873993,303028000,0.0,0.0
2013-04-22 00:00:00-04:00,0.2915738614143313,0.29482387425443357,0.28925241576459676,0.2922702729701996,245568000,0.0,0.0
2013-04-23 00:00:00-04:00,0.2948238472463146,0.3029489062760679,0.2943595636936627,0.29993104934692383,376948000,0.0,0.0
2013-04-24 00:00:00-04:00,0.3008597415161224,0.3126991292362122,0.3006275858063857,0.3101455271244049,556556000,0.0,0.0
2013-04-25 00:00:00-04:00,0.31177045274225645,0.31339545912079864,0.3089846958946819,0.31269901990890503,353224000,0.0,0.0
2013-04-26 00:00:00-04:00,0.3122347137384371,0.31269899728817496,0.3096811127041601,0.3113061189651489,324332000,0.0,0.0
2013-04-29 00:00:00-04:00,0.3117704884839476,0.31618122454190134,0.31037760990047936,0.31502050161361694,269712000,0.0,0.0
2013-04-30 00:00:00-04:00,0.3157168056757466,0.31966325640678406,0.3136274886954522,0.31966325640678406,276712000,0.0,0.0
2013-05-01 00:00:00-04:00,0.3196633625581904,0.3217526802322897,0.31571691051664486,0.3168776333332062,341316000,0.0,0.0
2013-05-02 00:00:00-04:00,0.3166455061099119,0.3215205534463863,0.31478834390202554,0.3205919861793518,323480000,0.0,0.0
2013-05-03 00:00:00-04:00,0.3226812070513997,0.3243062132565484,0.32082404524245334,0.32198476791381836,293864000,0.0,0.0
2013-05-06 00:00:00-04:00,0.3219848139578605,0.32384197603238224,0.31919908468298563,0.3210562467575073,217116000,0.0,0.0
2013-05-07 00:00:00-04:00,0.32105624100758995,0.3217526802322897,0.3138597484753837,0.3168776333332062,448068000,0.0,0.0
2013-05-08 00:00:00-04:00,0.3173419469934899,0.32453844020757,0.3161812240669491,0.3226812779903412,334032000,0.0,0.0
2013-05-09 00:00:00-04:00,0.31687760922073727,0.3243062291466937,0.3164133256642048,0.32291337847709656,566800000,0.0,0.0
2013-05-10 00:00:00-04:00,0.32964563714382045,0.33893144883825405,0.32964563714382045,0.33753857016563416,861136000,0.0,0.0
2013-05-13 00:00:00-04:00,0.33521698533671823,0.33660986343250404,0.3291812171533902,0.330574095249176,289812000,0.0,0.0
2013-05-14 00:00:00-04:00,0.3345204753136148,0.3382347976651039,0.3312704640114133,0.33544906973838806,454140000,0.0,0.0
2013-05-15 00:00:00-04:00,0.3338240106609752,0.3424133769769507,0.3338240106609752,0.3412526547908783,313172000,0.0,0.0
2013-05-16 00:00:00-04:00,0.34078843536878667,0.34427060258011194,0.3384669628874315,0.3396277129650116,308368000,0.0,0.0
2013-05-17 00:00:00-04:00,0.3412528644178976,0.3475207625382135,0.33869926297037556,0.345199316740036,312116000,0.0,0.0
2013-05-20 00:00:00-04:00,0.34380636753242894,0.34589568492568173,0.3426456448718922,0.3445028066635132,236380000,0.0,0.0
2013-05-21 00:00:00-04:00,0.34648608767046923,0.3495193018533273,0.3425195896533705,0.3481193482875824,357784000,0.001875,0.0
2013-05-22 00:00:00-04:00,0.3495193385253195,0.3495193385253195,0.3345866009100204,0.33598655462265015,480404000,0.0,0.0
2013-05-23 00:00:00-04:00,0.33201990507348117,0.34251949839021945,0.3310866214879107,0.3413528800010681,393884000,0.0,0.0
2013-05-24 00:00:00-04:00,0.3394864028548497,0.34228628239780523,0.33551987670341116,0.3392530679702759,283304000,0.0,0.0
2013-05-28 00:00:00-04:00,0.34181962300044627,0.3427529068623452,0.3357531944549494,0.3390197157859802,279300000,0.0,0.0
2013-05-29 00:00:00-04:00,0.33691975474357605,0.33901965697576797,0.3355198013791949,0.33691975474357605,335052000,0.0,0.0
2013-05-30 00:00:00-04:00,0.336453071640882,0.34485273516852205,0.3355197602409351,0.3413528800010681,284504000,0.0,0.0
2013-05-31 00:00:00-04:00,0.33948640695242505,0.3443861892581407,0.337619811296463,0.337619811296463,577508000,0.0,0.0
2013-06-03 00:00:00-04:00,0.3380863906759055,0.3406529627045703,0.3301533675600933,0.3371531069278717,444468000,0.0,0.0
2013-06-04 00:00:00-04:00,0.3392530720650349,0.3453195009933149,0.33551988075311084,0.337619811296463,363676000,0.0,0.0
2013-06-05 00:00:00-04:00,0.33715313309710027,0.33971967751059445,0.32945341641346754,0.3303867280483246,464520000,0.0,0.0
2013-06-06 00:00:00-04:00,0.33038666776135933,0.33505314164098426,0.33015333294162674,0.3324865698814392,341044000,0.0,0.0
2013-06-07 00:00:00-04:00,0.33481984192902475,0.33925300926813834,0.33341991630697404,0.3371531069278717,274584000,0.0,0.0
2013-06-10 00:00:00-04:00,0.3362197780613855,0.33901965697576797,0.3343531828470038,0.33691975474357605,224148000,0.0,0.0
2013-06-11 00:00:00-04:00,0.3324866779419376,0.3371531811525871,0.3306201100349426,0.3306201100349426,296336000,0.0,0.0
2013-06-12 00:00:00-04:00,0.33225331967643895,0.3350531989199915,0.3259535566104669,0.32782015204429626,312588000,0.0,0.0
2013-06-13 00:00:00-04:00,0.3266535276195303,0.3369197884175157,0.32642022057840175,0.33528652787208557,236256000,0.0,0.0
2013-06-14 00:00:00-04:00,0.33645311169424347,0.3369197535425805,0.33248658644742934,0.33481982350349426,236012000,0.0,0.0
2013-06-17 00:00:00-04:00,0.3373864494662016,0.341119640480002,0.3355198539593014,0.33808642625808716,255336000,0.0,0.0
2013-06-18 00:00:00-04:00,0.33971971816568486,0.3434529095231063,0.33318664719739066,0.33598655462265015,486772000,0.0,0.0
2013-06-19 00:00:00-04:00,0.33901966346340034,0.3611854438135841,0.3378530449088844,0.3462527096271515,1159588000,0.0,0.0
2013-06-20 00:00:00-04:00,0.3434528240867218,0.34391946593672224,0.334586517679194,0.33691975474357605,628696000,0.0,0.0
2013-06-21 00:00:00-04:00,0.33878652707777823,0.33995314621988537,0.3308535002228128,0.33645328879356384,714228000,0.0,0.0
2013-06-24 00:00:00-04:00,0.3315534289635454,0.33575326282609336,0.32455371513076225,0.3294534981250763,580772000,0.0,0.0
2013-06-25 00:00:00-04:00,0.3329533407694751,0.3336532898127653,0.3282868376564238,0.33178672194480896,457360000,0.0,0.0
2013-06-26 00:00:00-04:00,0.3355199024038693,0.3359865722087633,0.3285201891031171,0.3299201428890228,579752000,0.0,0.0
2013-06-27 00:00:00-04:00,0.3308533905238646,0.3313200324631071,0.32338703605282904,0.3268868923187256,808036000,0.0,0.0
2013-06-28 00:00:00-04:00,0.32688691240789364,0.33085341085679787,0.3226870790678358,0.3275868892669678,431536000,0.0,0.0
2013-07-01 00:00:00-04:00,0.32992013533283154,0.33062011220975274,0.32688692074243125,0.3289868235588074,199524000,0.0,0.0
2013-07-02 00:00:00-04:00,0.3271201829476367,0.3336532532119857,0.3257202572002371,0.3287534713745117,256392000,0.0,0.0
2013-07-03 00:00:00-04:00,0.32595359934759416,0.33365328913768927,0.32595359934759416,0.3296867907047272,140388000,0.0,0.0
2013-07-05 00:00:00-04:00,0.33061998728005987,0.3329532241118906,0.328520057442786,0.33225324749946594,184684000,0.0,0.0
2013-07-08 00:00:00-04:00,0.33318665481425436,0.33481991564006863,0.3287535143135603,0.3306201100349426,262084000,0.0,0.0
2013-07-09 00:00:00-04:00,0.33131993607810745,0.3343531495223628,0.330386652471126,0.33225324749946594,157364000,0.0,0.0
2013-07-10 00:00:00-04:00,0.3322533517209295,0.3376198036803679,0.3313200400068091,0.33668649196624756,208468000,0.0,0.0
2013-07-11 00:00:00-04:00,0.3385529736156038,0.34181952179385333,0.33785299701923777,0.3413528800010681,239832000,0.0,0.0
2013-07-12 00:00:00-04:00,0.34065297819720736,0.3448528108831271,0.3394863595519175,0.34158626198768616,216360000,0.0,0.0
2013-07-15 00:00:00-04:00,0.34228615860716527,0.34228615860716527,0.3355197553598973,0.3408862054347992,201332000,0.0,0.0
2013-07-16 00:00:00-04:00,0.34228623201148306,0.3446194692562123,0.34065297150304896,0.3427528738975525,162560000,0.0,0.0
2013-07-17 00:00:00-04:00,0.3427528003931619,0.34391941876534166,0.3399529218628058,0.3408862054347992,166100000,0.0,0.0
2013-07-18 00:00:00-04:00,0.34041961445889707,0.3415862330052031,0.3350531635830135,0.33948633074760437,344488000,0.0,0.0
2013-07-19 00:00:00-04:00,0.3373863629666181,0.3390196231860242,0.3287533922517199,0.33225324749946594,480532000,0.0,0.0
2013-07-22 00:00:00-04:00,0.3348199240721742,0.33785313871901057,0.33062011836128025,0.3320200443267822,292384000,0.0,0.0
2013-07-23 00:00:00-04:00,0.3362198448157775,0.3362198448157775,0.3299201090540479,0.3315533697605133,246792000,0.0,0.0
2013-07-24 00:00:00-04:00,0.3345865841093121,0.33551986799461075,0.3310867278178639,0.3315533697605133,284252000,0.0,0.0
2013-07-25 00:00:00-04:00,0.3313199983799589,0.3371531193707805,0.3289867611093832,0.33271995186805725,243320000,0.0,0.0
2013-07-26 00:00:00-04:00,0.3287534731185114,0.33341994793003243,0.3287534731185114,0.33132001757621765,227360000,0.0,0.0
2013-07-29 00:00:00-04:00,0.3306201100349426,0.33481991564006863,0.32968679826705777,0.3306201100349426,179540000,0.0,0.0
2013-07-30 00:00:00-04:00,0.3317866481753442,0.3406529548343489,0.3315533133365359,0.33621978759765625,266076000,0.0,0.0
2013-07-31 00:00:00-04:00,0.334586517679194,0.340186275507959,0.3343531828470038,0.33691975474357605,270160000,0.0,0.0
2013-08-01 00:00:00-04:00,0.33808640605181683,0.34228623873773656,0.33411990822070803,0.34158626198768616,277648000,0.0,0.0
2013-08-02 00:00:00-04:00,0.3408863042426948,0.34508613716276315,0.3385530668220328,0.34438616037368774,209628000,0.0,0.0
2013-08-05 00:00:00-04:00,0.3434528449946863,0.3471860356507105,0.3415862496666742,0.3460194170475006,185188000,0.0,0.0
2013-08-06 00:00:00-04:00,0.3462526555097011,0.3469526320958841,0.34018622884861616,0.3408862054347992,206608000,0.0,0.0
2013-08-07 00:00:00-04:00,0.3390197137918226,0.3441528584452268,0.33878640673491256,0.3406530022621155,244380000,0.0,0.0
2013-08-08 00:00:00-04:00,0.34251952464864416,0.34461942678434987,0.3385529995699446,0.34298616647720337,345696000,0.0,0.0
2013-08-09 00:00:00-04:00,0.3294534255154718,0.34321954304127456,0.3292201184610994,0.33808642625808716,906224000,0.0,0.0
2013-08-12 00:00:00-04:00,0.3243202903219494,0.34018630950837586,0.305887698982431,0.33528652787208557,257568000,0.0,0.0
2013-08-13 00:00:00-04:00,0.33575331174542067,0.33785321507545585,0.33365338060099115,0.33645328879356384,197468000,0.0,0.0
2013-08-14 00:00:00-04:00,0.335753159550596,0.3527857968674508,0.33551982470218605,0.35068589448928833,828508000,0.0,0.0
2013-08-15 00:00:00-04:00,0.3469526320441951,0.35581893723431524,0.3455526788720376,0.3530190587043762,723616000,0.0,0.0
2013-08-16 00:00:00-04:00,0.3523191818528208,0.359318894066335,0.35161920506859257,0.35441911220550537,660456000,0.0,0.0
2013-08-19 00:00:00-04:00,0.352319231639473,0.35348585050658166,0.3485860401389701,0.348819375038147,393432000,0.0,0.0
2013-08-20 00:00:00-04:00,0.3487021221282422,0.3529231312569926,0.3482331273260763,0.3505781292915344,234192000,0.001875,0.0
2013-08-21 00:00:00-04:00,0.3484675053525189,0.35292302451205215,0.3475295160318909,0.348936527967453,261540000,0.0,0.0
2013-08-22 00:00:00-04:00,0.3487020955830561,0.3540956052839509,0.3487020955830561,0.3508126139640808,129016000,0.0,0.0
2013-08-23 00:00:00-04:00,0.3512816087305442,0.3540956052839509,0.35010910783707255,0.3508126139640808,245120000,0.0,0.0
2013-08-26 00:00:00-04:00,0.351047073247484,0.3524540854048164,0.350109083779012,0.35151606798171997,300152000,0.0,0.0
2013-08-27 00:00:00-04:00,0.348233061942698,0.35057806346786446,0.3458880604175315,0.34706056118011475,277464000,0.0,0.0
2013-08-28 00:00:00-04:00,0.3477640672285893,0.3503435521334985,0.3456535490831656,0.34706056118011475,318824000,0.0,0.0
2013-08-29 00:00:00-04:00,0.3458880528539777,0.3496400663940478,0.3449500354916489,0.3463570475578308,276216000,0.0,0.0
2013-08-30 00:00:00-04:00,0.3465915842974065,0.3475295737738814,0.3442465826515947,0.34588807821273804,378120000,0.0,0.0
2013-09-03 00:00:00-04:00,0.3468260988354527,0.35104710776790077,0.3440121021986963,0.3461225926876068,284680000,0.0,0.0
2013-09-04 00:00:00-04:00,0.3461225675858679,0.3515160770553649,0.3456535728395258,0.34940558671951294,222080000,0.0,0.0
2013-09-05 00:00:00-04:00,0.34799855366624854,0.3517505673213337,0.3477640702844454,0.3503435552120209,174904000,0.0,0.0
2013-09-06 00:00:00-04:00,0.35057802325586207,0.3524540298517381,0.3463570154037959,0.348936527967453,226756000,0.0,0.0
2013-09-09 00:00:00-04:00,0.35175064316287064,0.35479915142059326,0.35081265352416957,0.35479915142059326,246408000,0.0,0.0
2013-09-10 00:00:00-04:00,0.3573785622510267,0.3625375596919275,0.35573703892265784,0.3623030483722687,292132000,0.0,0.0
2013-09-11 00:00:00-04:00,0.36183423319783475,0.3693382636942981,0.3592547192203461,0.3684002459049225,396164000,0.0,0.0
2013-09-12 00:00:00-04:00,0.36652408874771814,0.3728556153903266,0.36652408874771814,0.36816561222076416,303808000,0.0,0.0
2013-09-13 00:00:00-04:00,0.36933816659997737,0.3721521633190694,0.36675865330061,0.37051066756248474,159696000,0.0,0.0
2013-09-16 00:00:00-04:00,0.37355914688973274,0.3761386320358369,0.36933813815882255,0.37074512243270874,231412000,0.0,0.0
2013-09-17 00:00:00-04:00,0.3721521167450896,0.37496611311201644,0.37051062119393424,0.37191760540008545,168608000,0.0,0.0
2013-09-18 00:00:00-04:00,0.37215215104374577,0.3761386485938517,0.37027614397468794,0.37520065903663635,268168000,0.0,0.0
2013-09-19 00:00:00-04:00,0.3768420481891895,0.37754555413550234,0.3719175345196185,0.37355905771255493,227572000,0.0,0.0
2013-09-20 00:00:00-04:00,0.37449710182410795,0.3768421033520036,0.3695725874336778,0.3702760934829712,356036000,0.0,0.0
2013-09-23 00:00:00-04:00,0.3700416660850505,0.3730901743537339,0.3646481557565535,0.36675867438316345,271244000,0.0,0.0
2013-09-24 00:00:00-04:00,0.36699311142837354,0.36957259639885853,0.36488259322929606,0.36816561222076416,229732000,0.0,0.0
2013-09-25 00:00:00-04:00,0.36746199173160027,0.3714484875934615,0.3658204687697028,0.36863449215888977,233156000,0.0,0.0
2013-09-26 00:00:00-04:00,0.3695725288525574,0.37027603479033766,0.36535152118049463,0.36746203899383545,148816000,0.0,0.0
2013-09-27 00:00:00-04:00,0.36464808146840305,0.36769658911602743,0.36324109729193144,0.3653515875339508,151920000,0.0,0.0
2013-09-30 00:00:00-04:00,0.3615996564616223,0.36746216130342485,0.35948913794579646,0.3648826479911804,226640000,0.0,0.0
2013-10-01 00:00:00-04:00,0.3653515501028164,0.3669930734057912,0.36253755408354976,0.3646480441093445,226976000,0.0,0.0
2013-10-02 00:00:00-04:00,0.3608961459806817,0.365820633216222,0.3608961459806817,0.36441364884376526,162036000,0.0,0.0
2013-10-03 00:00:00-04:00,0.36464809328761766,0.36793111238171067,0.3590201004900651,0.3606615960597992,436768000,0.0,0.0
2013-10-04 00:00:00-04:00,0.36019262209551783,0.3686346397334188,0.35925460460540304,0.36558613181114197,246228000,0.0,0.0
2013-10-07 00:00:00-04:00,0.36417911955328297,0.3681656449656746,0.3623031125276798,0.36558613181114197,169952000,0.0,0.0
2013-10-08 00:00:00-04:00,0.3646480529239488,0.36980707836437077,0.3597235667598484,0.36253756284713745,290712000,0.0,0.0
2013-10-09 00:00:00-04:00,0.36488256481600706,0.3651170761380734,0.35503356451778917,0.35690954327583313,275860000,0.0,0.0
2013-10-10 00:00:00-04:00,0.3594890686596423,0.3618340701443993,0.3569095558445605,0.3608960807323456,223484000,0.0,0.0
2013-10-11 00:00:00-04:00,0.35526802898365994,0.3597235481835187,0.354095528344953,0.35784754157066345,213704000,0.0,0.0
2013-10-14 00:00:00-04:00,0.3569096087627625,0.36324113607406616,0.3569096087627625,0.36324113607406616,166628000,0.0,0.0
2013-10-15 00:00:00-04:00,0.3632410267674691,0.3653515165997298,0.3611305089805899,0.36136502027511597,208820000,0.0,0.0
2013-10-16 00:00:00-04:00,0.3634755850709437,0.36722759882946904,0.3630065903397841,0.36582058668136597,210072000,0.0,0.0
2013-10-17 00:00:00-04:00,0.3630066863645124,0.36746220737569063,0.3630066863645124,0.36652418971061707,213324000,0.0,0.0
2013-10-18 00:00:00-04:00,0.36582060758754253,0.3719176233049268,0.3644136233136564,0.37074512243270874,255068000,0.0,0.0
2013-10-21 00:00:00-04:00,0.3752005930783567,0.37543507644912605,0.3705105902075033,0.3716830909252167,195008000,0.0,0.0
2013-10-22 00:00:00-04:00,0.371683250893848,0.37191773436553666,0.3665242231518193,0.36980724334716797,179452000,0.0,0.0
2013-10-23 00:00:00-04:00,0.3691036419367992,0.3691036419367992,0.36230311982631874,0.36347562074661255,252216000,0.0,0.0
2013-10-24 00:00:00-04:00,0.36441358295948106,0.36675858444423803,0.360192574695994,0.3608960807323456,236436000,0.0,0.0
2013-10-25 00:00:00-04:00,0.36277196012828483,0.363006443421651,0.3562059526856113,0.35737845301628113,330492000,0.0,0.0
2013-10-28 00:00:00-04:00,0.35690954196987335,0.35855106530908804,0.35175054449488613,0.35667505860328674,394024000,0.0,0.0
2013-10-29 00:00:00-04:00,0.35620609808745024,0.35784759362951696,0.35292307904869236,0.3571440875530243,387952000,0.0,0.0
2013-10-30 00:00:00-04:00,0.35831655529898787,0.35995805068958725,0.35386103586207907,0.35690954327583313,204032000,0.0,0.0
2013-10-31 00:00:00-04:00,0.3573786199388318,0.3599581050983502,0.35550261294260194,0.35620611906051636,293368000,0.0,0.0
2013-11-01 00:00:00-04:00,0.3580820249256327,0.3594890368739292,0.35526802898365994,0.35784754157066345,206136000,0.0,0.0
2013-11-04 00:00:00-05:00,0.3590201155078897,0.3590201155078897,0.3468260840120744,0.3475295901298523,410264000,0.0,0.0
2013-11-05 00:00:00-05:00,0.3454190657034229,0.34870205665680665,0.34166705208130727,0.34706056118011475,422368000,0.0,0.0
2013-11-06 00:00:00-05:00,0.34706058503317727,0.3496400980699966,0.3435430825036738,0.34940558671951294,198044000,0.0,0.0
2013-11-07 00:00:00-05:00,0.3482330006692728,0.349170989932446,0.3404944914069302,0.34119799733161926,553076000,0.0,0.0
2013-11-08 00:00:00-05:00,0.35175062596369144,0.36605514895954094,0.3503436136198076,0.3648826479911804,734532000,0.0,0.0
2013-11-11 00:00:00-05:00,0.3634756074414213,0.36886911706826647,0.3627721292786978,0.3679311275482178,297624000,0.0,0.0
2013-11-12 00:00:00-05:00,0.36957248131887527,0.3716829988607655,0.3644134850297246,0.36863449215888977,316032000,0.0,0.0
2013-11-13 00:00:00-05:00,0.36769657845875386,0.3787181079387665,0.3669931003682196,0.3787181079387665,332792000,0.0,0.0
2013-11-14 00:00:00-05:00,0.37754577141737294,0.38270477140169834,0.37731125998209825,0.3803597688674927,307980000,0.0,0.0
2013-11-15 00:00:00-05:00,0.38176649994348505,0.3822354945134252,0.37543497540814136,0.3791869878768921,450332000,0.0,0.0
2013-11-18 00:00:00-05:00,0.37097959638407446,0.37426258731341905,0.36910358958675343,0.3700415790081024,316948000,0.0,0.0
2013-11-19 00:00:00-05:00,0.3682733354430411,0.37157410631305604,0.36355793242529466,0.3640294671058655,206716000,0.002125,0.0
2013-11-20 00:00:00-05:00,0.36426525850675495,0.36520835607259333,0.3578994693879391,0.3586067855358124,204776000,0.0,0.0
2013-11-21 00:00:00-05:00,0.35907827812584764,0.3621432956695868,0.35742789271184,0.36143597960472107,213568000,0.0,0.0
2013-11-22 00:00:00-05:00,0.3619074841710536,0.3619074841710536,0.3571920816055962,0.35789939761161804,158668000,0.0,0.0
2013-11-25 00:00:00-05:00,0.35789941018518256,0.3661513649646371,0.35789941018518256,0.3656798303127289,248208000,0.0,0.0
2013-11-26 00:00:00-05:00,0.3696878597116882,0.3727528766330428,0.3673301587115713,0.36874479055404663,753176000,0.0,0.0
2013-11-27 00:00:00-05:00,0.3685091525754704,0.37133841736111084,0.3661514506581193,0.3701595664024353,181272000,0.0,0.0
2013-11-29 00:00:00-05:00,0.37015945517935034,0.371102524420514,0.36544402465548587,0.3678017258644104,116964000,0.0,0.0
2013-12-02 00:00:00-05:00,0.3663871240487164,0.373931762338204,0.365679808060886,0.3713383078575134,373872000,0.0,0.0
2013-12-03 00:00:00-05:00,0.37133835288062955,0.37628950918371656,0.36874486997947514,0.37110257148742676,290560000,0.0,0.0
2013-12-04 00:00:00-05:00,0.37015950950809046,0.3769968327750872,0.3692164120224919,0.3762895166873932,493176000,0.0,0.0
2013-12-05 00:00:00-05:00,0.376996890720344,0.376996890720344,0.369688003534146,0.3701595664024353,271812000,0.0,0.0
2013-12-06 00:00:00-05:00,0.3746390752510724,0.3746390752510724,0.36379363847606533,0.36473673582077026,281000000,0.0,0.0
2013-12-09 00:00:00-05:00,0.3647368213426851,0.3659156722204666,0.3578994693879391,0.3586067855358124,385220000,0.0,0.0
2013-12-10 00:00:00-05:00,0.3586067942370452,0.36850913622947606,0.3581352594956957,0.36685875058174133,524268000,0.0,0.0
2013-12-11 00:00:00-05:00,0.36756603713088826,0.36803757183424485,0.3626148524805932,0.3633221685886383,414156000,0.0,0.0
2013-12-12 00:00:00-05:00,0.3621433788629629,0.36402954610056504,0.3555418075843679,0.3562491238117218,258724000,0.0,0.0
2013-12-13 00:00:00-05:00,0.35695637343223546,0.35954982830723664,0.3536555743558432,0.35412710905075073,184588000,0.0,0.0
2013-12-16 00:00:00-05:00,0.3543629178851959,0.3576636891111066,0.3541271364664786,0.35459867119789124,237620000,0.0,0.0
2013-12-17 00:00:00-05:00,0.35436295657411965,0.35719219337751035,0.35129793832626927,0.3562491238117218,274104000,0.0,0.0
2013-12-18 00:00:00-05:00,0.35695628471985547,0.3619074399449307,0.352476635966487,0.36120012402534485,426232000,0.0,0.0
2013-12-19 00:00:00-05:00,0.360728792002375,0.3630864943208719,0.35837108968387804,0.3626149594783783,258544000,0.0,0.0
2013-12-20 00:00:00-05:00,0.36332205334501727,0.37015940274599196,0.3623789561314287,0.3699236214160919,382080000,0.0,0.0
2013-12-23 00:00:00-05:00,0.37204569578170776,0.3751107138158065,0.36898070585363213,0.37204569578170776,168568000,0.0,0.0
2013-12-24 00:00:00-05:00,0.37416764119186036,0.37416764119186036,0.3692164560930365,0.3729887902736664,79600000,0.0,0.0
2013-12-26 00:00:00-05:00,0.3744033023824018,0.3755821529220209,0.3685090215782926,0.3694521188735962,168920000,0.0,0.0
2013-12-27 00:00:00-05:00,0.37133841011337027,0.3722814796194945,0.36921646156555593,0.37157416343688965,210976000,0.0,0.0
2013-12-30 00:00:00-05:00,0.37180987994054404,0.3767610642481725,0.3713383452698219,0.37652528285980225,248180000,0.0,0.0
2013-12-31 00:00:00-05:00,0.37723272790151113,0.3795904301672808,0.3748750256357415,0.3777042627334595,235776000,0.0,0.0
2014-01-02 00:00:00-05:00,0.37534648728937603,0.37676111961544945,0.37063108367716135,0.3739318549633026,260092000,0.0,0.0
2014-01-03 00:00:00-05:00,0.37463905562671734,0.37534637157169154,0.3682732683339771,0.3694521188735962,259332000,0.0,0.0
2014-01-06 00:00:00-05:00,0.3732244786865991,0.3772325935962297,0.3696879265470554,0.37440335750579834,409492000,0.0,0.0
2014-01-07 00:00:00-05:00,0.3781757844208693,0.38194811915739413,0.37558232888228216,0.38053348660469055,333288000,0.0,0.0
2014-01-08 00:00:00-05:00,0.3819480382624514,0.3876065391687926,0.3805334060093608,0.3857203722000122,308192000,0.0,0.0
2014-01-09 00:00:00-05:00,0.3798260153934312,0.38053333138126155,0.370159457246468,0.3713383078575134,292172000,0.0,0.0
2014-01-10 00:00:00-05:00,0.3725172189231339,0.3751106738247076,0.36756603431082563,0.3708668053150177,218492000,0.0,0.0
2014-01-13 00:00:00-05:00,0.3708668285903112,0.37322453034299297,0.3614360215795841,0.362143337726593,243332000,0.0,0.0
2014-01-14 00:00:00-05:00,0.3640294281843528,0.37416754920975787,0.3623790148197862,0.37346023321151733,241828000,0.0,0.0
2014-01-15 00:00:00-05:00,0.37511073496738817,0.378883069392226,0.37346034919628085,0.37746843695640564,175044000,0.0,0.0
2014-01-16 00:00:00-05:00,0.37746832775800654,0.37935449442477337,0.3758179424643418,0.37864717841148376,220652000,0.0,0.0
2014-01-17 00:00:00-05:00,0.3786472005949749,0.38312685020424375,0.37463911375953723,0.37699681520462036,340400000,0.0,0.0
2014-01-21 00:00:00-05:00,0.37746831488484633,0.3807691134656222,0.3744033257751471,0.3784114122390747,246076000,0.0,0.0
2014-01-22 00:00:00-05:00,0.37911882020048054,0.3795903549389788,0.3734603190204345,0.37793996930122375,337940000,0.0,0.0
2014-01-23 00:00:00-05:00,0.3767610642481725,0.3807691511083383,0.373696046729451,0.37652528285980225,185028000,0.0,0.0
2014-01-24 00:00:00-05:00,0.37346032127870277,0.374874953608774,0.36685875058174133,0.36685875058174133,246696000,0.0,0.0
2014-01-27 00:00:00-05:00,0.3668587009444485,0.37204563860952744,0.36237905124268394,0.3645009994506836,233812000,0.0,0.0
2014-01-28 00:00:00-05:00,0.3637937717080675,0.3682734224974616,0.3623791392259377,0.3680376410484314,167996000,0.0,0.0
2014-01-29 00:00:00-05:00,0.36662291955266446,0.3687448677606642,0.3642652180588996,0.3645009994506836,162944000,0.0,0.0
2014-01-30 00:00:00-05:00,0.3666227766688624,0.37133820592466793,0.365443926381413,0.3706308901309967,202896000,0.0,0.0
2014-01-31 00:00:00-05:00,0.3654441344617092,0.3722814868856418,0.3652083811335884,0.3701595664024353,335348000,0.0,0.0
2014-02-03 00:00:00-05:00,0.37275296718214757,0.3732245018755135,0.36379369558411556,0.36520832777023315,431728000,0.0,0.0
2014-02-04 00:00:00-05:00,0.3649726403512448,0.36803765880639744,0.3630864729860719,0.3673303425312042,280692000,0.0,0.0
2014-02-05 00:00:00-05:00,0.36473678317973124,0.36591563393416787,0.36120020281040244,0.3640294671058655,214676000,0.0,0.0
2014-02-06 00:00:00-05:00,0.3645009231326336,0.3696878597116882,0.36402938855381284,0.36874479055404663,168380000,0.0,0.0
2014-02-07 00:00:00-05:00,0.3696879710230792,0.3746391558565094,0.36638719987147333,0.37416762113571167,157248000,0.0,0.0
2014-02-10 00:00:00-05:00,0.37369609618114497,0.3802976667629046,0.37346031476157343,0.37534648180007935,324372000,0.0,0.0
2014-02-11 00:00:00-05:00,0.3774684425819255,0.3840700138707645,0.3755823034474216,0.3831269443035126,235384000,0.0,0.0
2014-02-12 00:00:00-05:00,0.3843056789470611,0.39963076556962673,0.3843056789470611,0.39680150151252747,744528000,0.0,0.0
2014-02-13 00:00:00-05:00,0.4067039811859091,0.4116551665394684,0.39963087531283836,0.4092974364757538,902836000,0.0,0.0
2014-02-14 00:00:00-05:00,0.405524976565392,0.42320773454858385,0.40528919521654394,0.4222646653652191,817536000,0.0,0.0
2014-02-18 00:00:00-05:00,0.4225005812499544,0.42391518547545065,0.4184924656793249,0.4220290184020996,428988000,0.0,0.0
2014-02-19 00:00:00-05:00,0.42202899504006564,0.43145982988476317,0.42014282807112613,0.42768749594688416,450340000,0.0,0.0
2014-02-20 00:00:00-05:00,0.4286305899783691,0.4437198984898717,0.42792330191719247,0.4427768290042877,398088000,0.0,0.0
2014-02-21 00:00:00-05:00,0.44206952630934365,0.44772802771336084,0.4366468063369193,0.43947604298591614,451052000,0.0,0.0
2014-02-24 00:00:00-05:00,0.43853310850422034,0.4491427702843914,0.43452501967513996,0.4458419978618622,403112000,0.0,0.0
2014-02-25 00:00:00-05:00,0.44524972166454924,0.4471444051756906,0.4390920073115716,0.4438287019729614,242184000,0.002125,0.0
2014-02-26 00:00:00-05:00,0.4428813090112871,0.44951268620572643,0.44169713552059875,0.443118155002594,360884000,0.0,0.0
2014-02-27 00:00:00-05:00,0.4431182245728041,0.44761807325073344,0.4369605101612853,0.4381446838378906,388848000,0.0,0.0
2014-02-28 00:00:00-05:00,0.43577636843145856,0.44003939962634625,0.4289081436638813,0.4353027045726776,321692000,0.0,0.0
2014-03-03 00:00:00-05:00,0.42559244701049753,0.4331711530685425,0.421803079865011,0.4331711530685425,375948000,0.0,0.0
2014-03-04 00:00:00-05:00,0.4353026584499657,0.44051301681034916,0.4345921486206119,0.4376710057258606,260344000,0.0,0.0
2014-03-05 00:00:00-05:00,0.4371973400174902,0.4416972170524818,0.4353026846689972,0.44146037101745605,241472000,0.0,0.0
2014-03-06 00:00:00-05:00,0.4421709011073253,0.44453924863415967,0.4345921946680414,0.4353027045726776,290144000,0.0,0.0
2014-03-07 00:00:00-05:00,0.4371973141343354,0.43790782396442046,0.4315132919595078,0.4348289668560028,268452000,0.0,0.0
2014-03-10 00:00:00-04:00,0.433407881647408,0.43530256470668544,0.4265396590866424,0.4284343421459198,300888000,0.0,0.0
2014-03-11 00:00:00-04:00,0.4305658861091353,0.4364867818503318,0.42914489484690377,0.4326974153518677,297220000,0.0,0.0
2014-03-12 00:00:00-04:00,0.4305660260194239,0.4364869236845866,0.4289081882249859,0.4338817298412323,239428000,0.0,0.0
2014-03-13 00:00:00-04:00,0.4348288683496189,0.43648673365521923,0.4180135951896288,0.4201451241970062,385172000,0.0,0.0
2014-03-14 00:00:00-04:00,0.41588212184768597,0.4258291731728166,0.41588212184768597,0.42203980684280396,460048000,0.0,0.0
2014-03-17 00:00:00-04:00,0.4232239802918176,0.42630283690583765,0.42156614310978285,0.42203980684280396,299656000,0.0,0.0
2014-03-18 00:00:00-04:00,0.42369771304508663,0.43482893889078006,0.4218030296976883,0.431986927986145,293904000,0.0,0.0
2014-03-19 00:00:00-04:00,0.43530259705566776,0.44785484149414995,0.43411839535181146,0.43956559896469116,366168000,0.0,0.0
2014-03-20 00:00:00-04:00,0.43719733400990135,0.44359189453844566,0.435302678687443,0.43980252742767334,191800000,0.0,0.0
2014-03-21 00:00:00-04:00,0.44359176672695383,0.4471442867823722,0.4367235443467265,0.43909189105033875,566116000,0.0,0.0
2014-03-24 00:00:00-04:00,0.43932877586622954,0.4428812962358176,0.4305658697015744,0.4369604289531708,306096000,0.0,0.0
2014-03-25 00:00:00-04:00,0.44169712277928824,0.44217078651531555,0.43364472633513523,0.4369604289531708,304424000,0.0,0.0
2014-03-26 00:00:00-04:00,0.44098663173299213,0.4492758462797163,0.4232240008999455,0.4270133674144745,557756000,0.0,0.0
2014-03-27 00:00:00-04:00,0.42606601320700177,0.42961853350444207,0.41659259751423916,0.4213293194770813,540728000,0.0,0.0
2014-03-28 00:00:00-04:00,0.4206188742670582,0.4265397423373415,0.41943470065300154,0.42393454909324646,398820000,0.0,0.0
2014-03-31 00:00:00-04:00,0.4246449922693228,0.42843435853281453,0.4218029816881647,0.4241713285446167,273404000,0.0,0.0
2014-04-01 00:00:00-04:00,0.4376708775188141,0.4469074178959714,0.4324604924517836,0.44169706106185913,656272000,0.0,0.0
2014-04-02 00:00:00-04:00,0.4416971822352567,0.44264450983482917,0.43696048777154234,0.4388551712036133,239948000,0.0,0.0
2014-04-03 00:00:00-04:00,0.4398026142672482,0.45424954746758894,0.4395657681887114,0.44359198212623596,599548000,0.0,0.0
2014-04-04 00:00:00-04:00,0.4459601716167311,0.4485653646237822,0.4279607230276518,0.4298554062843323,368032000,0.0,0.0
2014-04-07 00:00:00-04:00,0.4300923561573369,0.4395657471177579,0.4277240084172316,0.4312765300273895,428576000,0.0,0.0
2014-04-08 00:00:00-04:00,0.4312764262028663,0.4478548846254742,0.43056591640529485,0.4466707110404968,470692000,0.0,0.0
2014-04-09 00:00:00-04:00,0.44880225616612096,0.45259162330243474,0.442644541627843,0.4461970627307892,421968000,0.0,0.0
2014-04-10 00:00:00-04:00,0.44430243082123394,0.4504601174512455,0.4338816847634052,0.4353027045726776,372748000,0.0,0.0
2014-04-11 00:00:00-04:00,0.4319869898347872,0.43861836838364976,0.42346092766725996,0.4291449785232544,353112000,0.0,0.0
2014-04-14 00:00:00-04:00,0.43198704597633214,0.43553956763567026,0.4291450342954481,0.4338817298412323,290184000,0.0,0.0
2014-04-15 00:00:00-04:00,0.43435523605563725,0.43932877586622954,0.4300922059655471,0.4369604289531708,304636000,0.0,0.0
2014-04-16 00:00:00-04:00,0.4390918989456849,0.4395655626483404,0.43246052240974736,0.43790772557258606,235136000,0.0,0.0
2014-04-17 00:00:00-04:00,0.4362499245392457,0.44359181135220394,0.43530259705566776,0.43956559896469116,153532000,0.0,0.0
2014-04-21 00:00:00-04:00,0.4398024522889128,0.44430232849328233,0.43696044155784536,0.443118155002594,117004000,0.0,0.0
2014-04-22 00:00:00-04:00,0.44382860419137066,0.4497494994465798,0.44146025738245537,0.4469074606895447,255120000,0.0,0.0
2014-04-23 00:00:00-04:00,0.44761810232339727,0.45330215328003687,0.4469075924247012,0.4521179795265198,261580000,0.0,0.0
2014-04-24 00:00:00-04:00,0.45519685612454647,0.4608808790879101,0.45519685612454647,0.45614418387413025,391492000,0.0,0.0
2014-04-25 00:00:00-04:00,0.4551969035488026,0.45945993533193047,0.4426446260450223,0.44359198212623596,313600000,0.0,0.0
2014-04-28 00:00:00-04:00,0.4471442638473521,0.44951261042948665,0.4362498582763661,0.44169706106185913,226788000,0.0,0.0
2014-04-29 00:00:00-04:00,0.4433549568036664,0.4443023125018735,0.43767093554611186,0.4426444470882416,171300000,0.0,0.0
2014-04-30 00:00:00-04:00,0.44193398328765143,0.4424076470392454,0.43648677956201287,0.4374341070652008,305740000,0.0,0.0
2014-05-01 00:00:00-04:00,0.44406555836906025,0.44501288603028943,0.43625000634867217,0.43980252742767334,198104000,0.0,0.0
2014-05-02 00:00:00-04:00,0.4419340447310879,0.4419340447310879,0.4338816469027484,0.4364868402481079,156376000,0.0,0.0
2014-05-05 00:00:00-04:00,0.43601311585489866,0.44453917686823596,0.43553945207258543,0.44122350215911865,239260000,0.0,0.0
2014-05-06 00:00:00-04:00,0.4454865527445751,0.44927589140679713,0.43103962321886435,0.4322237968444824,416188000,0.0,0.0
2014-05-07 00:00:00-04:00,0.4322237515977905,0.4362499358568315,0.42796072134524915,0.4326974153518677,293900000,0.0,0.0
2014-05-08 00:00:00-04:00,0.43103964177825854,0.44501287986903065,0.4289081122206124,0.4381446838378906,432728000,0.0,0.0
2014-05-09 00:00:00-04:00,0.42488205838830434,0.42890824448373854,0.4194348521495705,0.42748722434043884,539532000,0.0,0.0
2014-05-12 00:00:00-04:00,0.4284343604874099,0.44098660453045524,0.4281975145075156,0.4400392770767212,299856000,0.0,0.0
2014-05-13 00:00:00-04:00,0.4341184279677852,0.44122349756012486,0.4315132630757545,0.4329342544078827,221104000,0.0,0.0
2014-05-14 00:00:00-04:00,0.4331711475661229,0.4348289850838663,0.42843445281089737,0.428671270608902,214320000,0.0,0.0
2014-05-15 00:00:00-04:00,0.4277239893295403,0.4300923369639552,0.422039938067186,0.426302969455719,325896000,0.0,0.0
2014-05-16 00:00:00-04:00,0.4229872361193411,0.42843444057891605,0.4229872361193411,0.42535558342933655,283960000,0.0,0.0
2014-05-19 00:00:00-04:00,0.4298553501994189,0.441460237753951,0.42796066718994513,0.43909189105033875,360076000,0.0,0.0
2014-05-20 00:00:00-04:00,0.43921100706273164,0.4404006349030242,0.43183533147069636,0.4339766502380371,256200000,0.002125,0.0
2014-05-21 00:00:00-04:00,0.4356421235418538,0.4394489439759761,0.4313594576442073,0.4339766502380371,216712000,0.0,0.0
2014-05-22 00:00:00-04:00,0.4330249045764265,0.43825926073949584,0.4330249045764265,0.43588000535964966,130364000,0.0,0.0
2014-05-23 00:00:00-04:00,0.4382592142305836,0.4420660337795351,0.43564202224530973,0.4399246871471405,182656000,0.0,0.0
2014-05-27 00:00:00-04:00,0.4425419610202819,0.44777631759643555,0.44111439633452926,0.44777631759643555,209680000,0.0,0.0
2014-05-28 00:00:00-04:00,0.44944182833966434,0.4544382481156528,0.4451591625581283,0.4515831470489502,224676000,0.0,0.0
2014-05-29 00:00:00-04:00,0.4513451373947244,0.4551519571120573,0.44991760127294433,0.45086929202079773,171884000,0.0,0.0
2014-05-30 00:00:00-04:00,0.45086928372912854,0.45324853891796624,0.44849002854029085,0.45205891132354736,239128000,0.0,0.0
2014-06-02 00:00:00-04:00,0.45348645067479537,0.45634155107073643,0.4468245308422947,0.45063135027885437,181500000,0.0,0.0
2014-06-03 00:00:00-04:00,0.4515830959005625,0.45205894129728913,0.4427798284277957,0.4487279951572418,243212000,0.0,0.0
2014-06-04 00:00:00-04:00,0.4475384648135465,0.45253488511022705,0.4473005278819567,0.4492039382457733,161236000,0.0,0.0
2014-06-05 00:00:00-04:00,0.4499176655810522,0.4525348296932081,0.4473004731059325,0.45110729336738586,188696000,0.0,0.0
2014-06-06 00:00:00-04:00,0.45324861179338416,0.4568174951504624,0.4515831385660071,0.45277276635169983,161052000,0.0,0.0
2014-06-09 00:00:00-04:00,0.45229689939284795,0.4575312557282887,0.4492038616245996,0.4532485902309418,247456000,0.0,0.0
2014-06-10 00:00:00-04:00,0.4515830708419453,0.4577691457450053,0.44967966099769924,0.45562779903411865,217608000,0.0,0.0
2014-06-11 00:00:00-04:00,0.45396246249879435,0.4627657321289602,0.45396246249879435,0.46157610416412354,266228000,0.0,0.0
2014-06-12 00:00:00-04:00,0.46157597658801136,0.4665723956415722,0.4575312199351324,0.4644310772418976,337148000,0.0,0.0
2014-06-13 00:00:00-04:00,0.4691895961622275,0.46942753303886586,0.46038632880805797,0.4649069309234619,227852000,0.0,0.0
2014-06-16 00:00:00-04:00,0.462765675482256,0.46657246748596687,0.4594347005706739,0.4634794294834137,198620000,0.0,0.0
2014-06-17 00:00:00-04:00,0.4639551808096103,0.4684757539839371,0.4615759257993421,0.4665723443031311,157608000,0.0,0.0
2014-06-18 00:00:00-04:00,0.4653828274854173,0.46823795686717345,0.46110016177574686,0.4660966098308563,215536000,0.0,0.0
2014-06-19 00:00:00-04:00,0.4575312653111842,0.4599105208192141,0.4520589719701229,0.45538994669914246,474592000,0.0,0.0
2014-06-20 00:00:00-04:00,0.4565795735983596,0.4582450467782699,0.4468246146885149,0.4503934979438782,353148000,0.0,0.0
2014-06-23 00:00:00-04:00,0.44444541444123054,0.44539710541579586,0.4392110289922219,0.4451591968536377,414200000,0.0,0.0
2014-06-24 00:00:00-04:00,0.4444453795071325,0.4480142629256823,0.43635589340730757,0.4382593035697937,275780000,0.0,0.0
2014-06-25 00:00:00-04:00,0.4394488040846007,0.4430176864693829,0.435404076387772,0.4427797496318817,215420000,0.0,0.0
2014-06-26 00:00:00-04:00,0.44277994202221554,0.4430178789631017,0.4354042655733336,0.4368318021297455,256908000,0.0,0.0
2014-06-27 00:00:00-04:00,0.4363559661921588,0.439924850206004,0.43373877323681803,0.4373076856136322,302820000,0.0,0.0
2014-06-30 00:00:00-04:00,0.43564207295207646,0.4423039937566797,0.43564207295207646,0.4411143660545349,180512000,0.0,0.0
2014-07-01 00:00:00-04:00,0.44063849225757773,0.44872797712876417,0.43921092776179194,0.4461107850074768,321180000,0.0,0.0
2014-07-02 00:00:00-04:00,0.44444534182548523,0.4463487518265935,0.4418281495285911,0.44444534182548523,179284000,0.0,0.0
2014-07-03 00:00:00-04:00,0.4404005390420272,0.4496796511943251,0.4404005390420272,0.4484900236129761,136892000,0.0,0.0
2014-07-07 00:00:00-04:00,0.4492038609984266,0.4494417978890995,0.444207413197993,0.44492119550704956,127496000,0.0,0.0
2014-07-08 00:00:00-04:00,0.44373159318992916,0.4456350033354248,0.43706967186217655,0.44135233759880066,221940000,0.0,0.0
2014-07-09 00:00:00-04:00,0.4451590711606513,0.4565795014456494,0.4418280969642577,0.45467609167099,387668000,0.0,0.0
2014-07-10 00:00:00-04:00,0.44611074876789897,0.4542002329819403,0.4425418661813107,0.45229682326316833,266308000,0.0,0.0
2014-07-11 00:00:00-04:00,0.4527727448118949,0.45467615485104484,0.45110727166374953,0.4532485902309418,191188000,0.0,0.0
2014-07-14 00:00:00-04:00,0.4551519846596547,0.4601484322956889,0.4534865115686304,0.45895880460739136,272636000,0.0,0.0
2014-07-15 00:00:00-04:00,0.45967256190769035,0.46205181715496224,0.45657952441364497,0.4608621895313263,395440000,0.0,0.0
2014-07-16 00:00:00-04:00,0.4627656794763375,0.46633456296478665,0.4577692312473229,0.46038639545440674,319728000,0.0,0.0
2014-07-17 00:00:00-04:00,0.4551519585094555,0.4639552255874455,0.4551519585094555,0.45919668674468994,324832000,0.0,0.0
2014-07-18 00:00:00-04:00,0.449679591889954,0.453248474163332,0.4380212261124795,0.4387350082397461,567816000,0.0,0.0
2014-07-21 00:00:00-04:00,0.43706967186217655,0.4444453755398605,0.43706967186217655,0.44135233759880066,243364000,0.0,0.0
2014-07-22 00:00:00-04:00,0.44468327944587105,0.4470625350121985,0.43849723199119783,0.43944892287254333,298816000,0.0,0.0
2014-07-23 00:00:00-04:00,0.4396868107479718,0.4399247192602988,0.4296939157932631,0.4301697611808777,297352000,0.0,0.0
2014-07-24 00:00:00-04:00,0.4325490296933857,0.4337386573802376,0.4277905189459783,0.4308835566043854,254576000,0.0,0.0
2014-07-25 00:00:00-04:00,0.4294560044364898,0.4304077236312311,0.4225561749986854,0.42326995730400085,266132000,0.0,0.0
2014-07-28 00:00:00-04:00,0.42517333767008875,0.42517333767008875,0.41446668821191607,0.4216044545173645,330352000,0.0,0.0
2014-07-29 00:00:00-04:00,0.4218423284174706,0.4287421851669095,0.4216043915642991,0.4230319559574127,217972000,0.0,0.0
2014-07-30 00:00:00-04:00,0.4256491874540984,0.4313593888313944,0.4244595598035817,0.4301697611808777,246184000,0.0,0.0
2014-07-31 00:00:00-04:00,0.42493539422808013,0.428266340218406,0.41565628177566993,0.41637006402015686,401880000,0.0,0.0
2014-08-01 00:00:00-04:00,0.4163701161593073,0.42326997423608914,0.41494255149156944,0.4208907186985016,219884000,0.0,0.0
2014-08-04 00:00:00-04:00,0.42041488661984,0.423983770280374,0.41779772228656137,0.4199390411376953,241724000,0.0,0.0
2014-08-05 00:00:00-04:00,0.4187492398474564,0.42636287786083976,0.4151803576647908,0.42017680406570435,298136000,0.0,0.0
2014-08-06 00:00:00-04:00,0.41732178581383406,0.4249354258374314,0.41422877646257966,0.41970106959342957,223456000,0.0,0.0
2014-08-07 00:00:00-04:00,0.42326990430648365,0.4270766955199151,0.4125632277932564,0.4154183566570282,407696000,0.0,0.0
2014-08-08 00:00:00-04:00,0.4335007151780216,0.45443816651238506,0.4335007151780216,0.45205891132354736,894348000,0.0,0.0
2014-08-11 00:00:00-04:00,0.4525348033688952,0.45443821338889895,0.4484900748032384,0.4496797025203705,344624000,0.0,0.0
2014-08-12 00:00:00-04:00,0.44944179399472134,0.45205895795463474,0.4446832547632308,0.4496797025203705,296152000,0.0,0.0
2014-08-13 00:00:00-04:00,0.45039341354439644,0.4561036427007122,0.4475383131477173,0.45229682326316833,256596000,0.0,0.0
2014-08-14 00:00:00-04:00,0.4539623245616712,0.4539623245616712,0.445396994472248,0.44730040431022644,255992000,0.0,0.0
2014-08-15 00:00:00-04:00,0.4487279833056486,0.455627812283352,0.4444453181222988,0.4530106484889984,369796000,0.0,0.0
2014-08-18 00:00:00-04:00,0.45491402164028183,0.45967256048303734,0.4503934480296597,0.45919668674468994,284076000,0.0,0.0
2014-08-19 00:00:00-04:00,0.4593161771107804,0.465290627253778,0.45764330828000066,0.462900847196579,248260000,0.002125,0.0
2014-08-20 00:00:00-04:00,0.4612280387120823,0.4633788581380262,0.4588382583422085,0.4600331485271454,221468000,0.0,0.0
2014-08-21 00:00:00-04:00,0.4588382911211353,0.46122807166173246,0.4550146593492384,0.4557315707206726,272796000,0.0,0.0
2014-08-22 00:00:00-04:00,0.4552535264249189,0.4597941256087207,0.45238579606529034,0.4559704661369324,251224000,0.0,0.0
2014-08-25 00:00:00-04:00,0.45788231066910623,0.4609890305292734,0.45573149146356295,0.45668742060661316,153380000,0.0,0.0
2014-08-26 00:00:00-04:00,0.45788231643725147,0.46576859664673786,0.4562094760263729,0.464812695980072,269636000,0.0,0.0
2014-08-27 00:00:00-04:00,0.4619449591503566,0.4655296295548541,0.4588382391021064,0.45955517888069153,182972000,0.0,0.0
2014-08-28 00:00:00-04:00,0.4585993155190735,0.4643347772380263,0.4571654358451202,0.4633788764476776,179704000,0.0,0.0
2014-08-29 00:00:00-04:00,0.4650516569025252,0.46576859664673786,0.46003310718146295,0.464812695980072,207932000,0.0,0.0
2014-09-02 00:00:00-04:00,0.4660075604915619,0.4660075604915619,0.46170595075070675,0.4660075604915619,192636000,0.0,0.0
2014-09-03 00:00:00-04:00,0.46839736807332677,0.471982038320203,0.465290648161682,0.47030919790267944,259456000,0.0,0.0
2014-09-04 00:00:00-04:00,0.4695923749250906,0.4815413072076758,0.46935338545383404,0.4786735475063324,491832000,0.0,0.0
2014-09-05 00:00:00-04:00,0.47819541996880216,0.4803462390764616,0.474132799638901,0.4772395193576813,253792000,0.0,0.0
2014-09-08 00:00:00-04:00,0.4767615711873442,0.47771747180274615,0.471026082029657,0.4729379117488861,319288000,0.0,0.0
2014-09-09 00:00:00-04:00,0.47078712948857343,0.47389384927649153,0.46648551966595037,0.4669634699821472,198588000,0.0,0.0
2014-09-10 00:00:00-04:00,0.4695921436589374,0.4703090832311927,0.46433460578801183,0.4686362147331238,172376000,0.0,0.0
2014-09-11 00:00:00-04:00,0.46529078561648995,0.46696362652819917,0.45883835447521343,0.46385690569877625,250720000,0.0,0.0
2014-09-12 00:00:00-04:00,0.466724515850235,0.466724515850235,0.4564484550775245,0.4569264054298401,262536000,0.0,0.0
2014-09-15 00:00:00-04:00,0.4583602393791595,0.45907717908052814,0.44880111933004374,0.4507129490375519,294152000,0.0,0.0
2014-09-16 00:00:00-04:00,0.44951806542362205,0.4597941253202335,0.44808418600049477,0.45740434527397156,219936000,0.0,0.0
2014-09-17 00:00:00-04:00,0.45620938996073396,0.46194484985556594,0.454058571133856,0.4576432406902313,173584000,0.0,0.0
2014-09-18 00:00:00-04:00,0.46051103146734507,0.4650516018289321,0.4590771521487264,0.4645736515522003,219604000,0.0,0.0
2014-09-19 00:00:00-04:00,0.46600756512827035,0.46648551544013755,0.4552535264249189,0.4559704661369324,601316000,0.0,0.0
2014-09-22 00:00:00-04:00,0.4652906337295826,0.4652906337295826,0.4509519246984001,0.45142990350723267,221464000,0.0,0.0
2014-09-23 00:00:00-04:00,0.4490401354763906,0.45453663587846305,0.44736729495969774,0.4495181143283844,196144000,0.0,0.0
2014-09-24 00:00:00-04:00,0.4492791272918412,0.45358073756366385,0.4488011769257339,0.45214685797691345,159592000,0.0,0.0
2014-09-25 00:00:00-04:00,0.45166887837697056,0.4528637684591149,0.4413928179728437,0.4423487186431885,298440000,0.0,0.0
2014-09-26 00:00:00-04:00,0.4437826381166486,0.446650368874458,0.4418708081152992,0.4433046877384186,241188000,0.0,0.0
2014-09-29 00:00:00-04:00,0.4397200618243438,0.4456945133800213,0.4354184510065696,0.44258779287338257,208540000,0.0,0.0
2014-09-30 00:00:00-04:00,0.4406759692542723,0.44402167926844044,0.43565741847723644,0.44091495871543884,277204000,0.0,0.0
2014-10-01 00:00:00-04:00,0.4416318416315458,0.4447385332952921,0.4354184013271953,0.4366132915019989,350976000,0.0,0.0
2014-10-02 00:00:00-04:00,0.43589630295737414,0.4380470936361471,0.4246643137794412,0.43470141291618347,288996000,0.0,0.0
2014-10-03 00:00:00-04:00,0.4373302212059303,0.4433046719419891,0.4356573522090912,0.4356573522090912,239140000,0.0,0.0
2014-10-06 00:00:00-04:00,0.43733015856744895,0.44091482849565455,0.4301607902226135,0.43302854895591736,199032000,0.0,0.0
2014-10-07 00:00:00-04:00,0.4311167858772419,0.4354183961531046,0.4280100657619839,0.42848801612854004,301896000,0.0,0.0
2014-10-08 00:00:00-04:00,0.4280099876735859,0.4385250362615437,0.42466427874124424,0.4363742172718048,260172000,0.0,0.0
2014-10-09 00:00:00-04:00,0.4344624473610148,0.43494042619446877,0.424425376161745,0.4280100464820862,306956000,0.0,0.0
2014-10-10 00:00:00-04:00,0.4246642159478023,0.4260980950622728,0.4024392606040248,0.4026782214641571,691376000,0.0,0.0
2014-10-13 00:00:00-04:00,0.40530708196117315,0.4134323512991302,0.4007665112196866,0.40124446153640747,397628000,0.0,0.0
2014-10-14 00:00:00-04:00,0.40674094209224276,0.42179656152904355,0.40435116213365296,0.4105646014213562,376620000,0.0,0.0
2014-10-15 00:00:00-04:00,0.40459016729618474,0.4189288771047165,0.4019614261472221,0.4167780578136444,404428000,0.0,0.0
2014-10-16 00:00:00-04:00,0.409369751714749,0.4217966030242512,0.40841382254421676,0.41701704263687134,351116000,0.0,0.0
2014-10-17 00:00:00-04:00,0.42203563794822063,0.4268151988509933,0.4146273071535509,0.4163001477718353,290716000,0.0,0.0
2014-10-20 00:00:00-04:00,0.4163001008357047,0.42370843079511555,0.413432370315052,0.4198847711086273,200336000,0.0,0.0
2014-10-21 00:00:00-04:00,0.4229914671299713,0.43828607652285084,0.42179657710654755,0.4378081262111664,351092000,0.0,0.0
2014-10-22 00:00:00-04:00,0.4370911972583179,0.4385250767170911,0.4275320768356323,0.4275320768356323,239512000,0.0,0.0
2014-10-23 00:00:00-04:00,0.4349403218559635,0.4401978313668796,0.4318336026259247,0.4370911121368408,214476000,0.0,0.0
2014-10-24 00:00:00-04:00,0.43972005322468394,0.44426062492282536,0.43709128319622415,0.44163188338279724,210156000,0.0,0.0
2014-10-27 00:00:00-04:00,0.44139282845253697,0.4435436192560909,0.4366132680104816,0.441870778799057,145092000,0.0,0.0
2014-10-28 00:00:00-04:00,0.44067590226332987,0.4528637931613835,0.4401979519020868,0.4523858428001404,192580000,0.0,0.0
2014-10-29 00:00:00-04:00,0.45047401505551504,0.45310278478776705,0.44545546501700795,0.4495181143283844,168340000,0.0,0.0
2014-10-30 00:00:00-04:00,0.4483232549766819,0.4502350565622909,0.44091492412294064,0.4466503858566284,170260000,0.0,0.0
2014-10-31 00:00:00-04:00,0.4569263708998849,0.4672024593844585,0.45453659083047493,0.4669634699821472,256316000,0.0,0.0
2014-11-03 00:00:00-05:00,0.47771758092906086,0.47939045012078996,0.47246006936651225,0.4748498499393463,308732000,0.0,0.0
2014-11-04 00:00:00-05:00,0.4779565561792576,0.4827361171829012,0.4700702748255594,0.48106327652931213,360196000,0.0,0.0
2014-11-05 00:00:00-05:00,0.4839310359222429,0.4841699968793666,0.47747860577657936,0.48106327652931213,335652000,0.0,0.0
2014-11-06 00:00:00-05:00,0.4820192210905426,0.4839310798516683,0.47461088946702246,0.4832141399383545,394088000,0.0,0.0
2014-11-07 00:00:00-05:00,0.4887104998104195,0.49444596047968153,0.468158351695026,0.4729379117488861,450800000,0.0,0.0
2014-11-10 00:00:00-05:00,0.4724599354444839,0.48154113323324305,0.4712650454967667,0.47843441367149353,293388000,0.0,0.0
2014-11-11 00:00:00-05:00,0.47556686699708556,0.47819560896080937,0.468636485117953,0.4726991355419159,212992000,0.0,0.0
2014-11-12 00:00:00-05:00,0.4710261242870598,0.4722210144077226,0.46313984379299983,0.46959227323532104,204584000,0.0,0.0
2014-11-13 00:00:00-05:00,0.47126507518586797,0.4719820148973493,0.4633787953364239,0.46720245480537415,225328000,0.0,0.0
2014-11-14 00:00:00-05:00,0.46768040138732503,0.4729379117488861,0.4631398022431029,0.4729379117488861,160248000,0.0,0.0
2014-11-17 00:00:00-05:00,0.4707871973514557,0.4758057476159992,0.4676804771157111,0.4707871973514557,158732000,0.0,0.0
2014-11-18 00:00:00-05:00,0.4710262132407143,0.4832141346569716,0.46983132289439555,0.48201921582221985,207772000,0.0,0.0
2014-11-19 00:00:00-05:00,0.4823791368533693,0.48381908465251694,0.47517945507561565,0.4802192151546478,240300000,0.002125,0.0
2014-11-20 00:00:00-05:00,0.47685944649194484,0.48861894565483655,0.4754194984772245,0.48813894391059875,220968000,0.0,0.0
2014-11-21 00:00:00-05:00,0.4924587537889941,0.493178727746404,0.4866990193477044,0.4907788336277008,198976000,0.0,0.0
2014-11-24 00:00:00-05:00,0.4919788589134645,0.496058674079411,0.49005896608878435,0.49389880895614624,136004000,0.0,0.0
2014-11-25 00:00:00-05:00,0.49293865814124244,0.4972585015339306,0.4919787120155288,0.4936586320400238,190240000,0.0,0.0
2014-11-26 00:00:00-05:00,0.49077877236526335,0.5025382692444029,0.4905387429307628,0.5020582675933838,219264000,0.0,0.0
2014-11-28 00:00:00-05:00,0.5037381106704794,0.506138004123368,0.4991782959445992,0.5032581090927124,124832000,0.0,0.0
2014-12-01 00:00:00-05:00,0.5010984928756992,0.5039783321127194,0.4931788348423908,0.49389880895614624,190060000,0.0,0.0
2014-12-02 00:00:00-05:00,0.49341861917465457,0.4967784589469249,0.488858803930585,0.49461859464645386,245952000,0.0,0.0
2014-12-03 00:00:00-05:00,0.49701867326073734,0.5075781981379588,0.495578725046116,0.5073382258415222,284424000,0.0,0.0
2014-12-04 00:00:00-05:00,0.506618133640183,0.5085380260001455,0.4994184514633424,0.5027782917022705,185332000,0.0,0.0
2014-12-05 00:00:00-05:00,0.5030182856923049,0.508298075737471,0.5027783134414305,0.5056582093238831,165680000,0.0,0.0
2014-12-08 00:00:00-05:00,0.5049383215336637,0.509978082970127,0.49509871373456854,0.49917852878570557,226944000,0.0,0.0
2014-12-09 00:00:00-05:00,0.4960584752108596,0.4986983983089585,0.48861882197525963,0.49749842286109924,239448000,0.0,0.0
2014-12-10 00:00:00-05:00,0.49605838107289996,0.4979783299815266,0.48597886386998923,0.48645880818367004,204364000,0.0,0.0
2014-12-11 00:00:00-05:00,0.4893388567871078,0.4926986969110877,0.48525904274827714,0.48621898889541626,135652000,0.0,0.0
2014-12-12 00:00:00-05:00,0.47973921558765265,0.48405903013745133,0.4706196134511866,0.4710996150970459,323964000,0.0,0.0
2014-12-15 00:00:00-05:00,0.4766193064350052,0.4852589633913335,0.46821967888969784,0.46965962648391724,254696000,0.0,0.0
2014-12-16 00:00:00-05:00,0.4691797231446886,0.4766193771953673,0.46413993442568646,0.4643799066543579,185308000,0.0,0.0
2014-12-17 00:00:00-05:00,0.47373949580263125,0.48405904515594,0.4583801578833603,0.4833390712738037,345596000,0.0,0.0
2014-12-18 00:00:00-05:00,0.48933884018943546,0.49509857409489416,0.4806992107222555,0.4852590262889862,226156000,0.0,0.0
2014-12-19 00:00:00-05:00,0.4886187428923403,0.4919785820537906,0.48405892847724674,0.49005869030952454,325528000,0.0,0.0
2014-12-22 00:00:00-05:00,0.48957887056237864,0.49869850277900696,0.48789895035783987,0.49869850277900696,148976000,0.0,0.0
2014-12-23 00:00:00-05:00,0.502538175792568,0.5049380691654163,0.49509846628415854,0.49557846784591675,109280000,0.0,0.0
2014-12-24 00:00:00-05:00,0.4967784998620815,0.49749847376086287,0.49317868758615924,0.4936586320400238,45644000,0.0,0.0
2014-12-26 00:00:00-05:00,0.493658626577862,0.49677849436539945,0.49245870823849275,0.4941386282444,52636000,0.0,0.0
2014-12-29 00:00:00-05:00,0.49269877911215515,0.4967785938316555,0.4902988847349199,0.49341875314712524,82944000,0.0,0.0
2014-12-30 00:00:00-05:00,0.490058675014776,0.4924585682291925,0.48813872611246223,0.488858699798584,112120000,0.0,0.0
2014-12-31 00:00:00-05:00,0.489578898471899,0.492218822273518,0.4797393203273954,0.48117929697036743,166300000,0.0,0.0
2015-01-02 00:00:00-05:00,0.483099102973938,0.4866989724138409,0.47541941964746753,0.483099102973938,113680000,0.0,0.0
2015-01-05 00:00:00-05:00,0.4830990312871188,0.4845389788494069,0.4727794833813544,0.47493937611579895,197952000,0.0,0.0
2015-01-06 00:00:00-05:00,0.4756594541140065,0.4761394272036022,0.4600601427436868,0.46054011583328247,197764000,0.0,0.0
2015-01-07 00:00:00-05:00,0.4638998820571845,0.4679797241903197,0.4579001478719731,0.45934009552001953,321808000,0.0,0.0
2015-01-08 00:00:00-05:00,0.46461995159343333,0.4794993183251151,0.4643799507329887,0.4766194224357605,283780000,0.0,0.0
2015-01-09 00:00:00-05:00,0.47829931582033197,0.48213915748855224,0.47181957942908637,0.47853928804397583,209540000,0.0,0.0
2015-01-12 00:00:00-05:00,0.4797391953799413,0.4799791961927616,0.4682196999353691,0.4725395143032074,190732000,0.0,0.0
2015-01-13 00:00:00-05:00,0.4761393642521823,0.4857389392108907,0.46845971000701353,0.47181954979896545,236720000,0.0,0.0
2015-01-14 00:00:00-05:00,0.4667797358152625,0.4751793629270885,0.46557978908500164,0.4737394154071808,155260000,0.0,0.0
2015-01-15 00:00:00-05:00,0.4770992986134475,0.4799791651360032,0.47013959019086804,0.4703795909881592,188932000,0.0,0.0
2015-01-16 00:00:00-05:00,0.46965971023715014,0.47949928713134393,0.46821976238614843,0.47901931405067444,181512000,0.0,0.0
2015-01-20 00:00:00-05:00,0.4823790455423092,0.48501891119571494,0.4744593913641182,0.48045915365219116,140308000,0.0,0.0
2015-01-21 00:00:00-05:00,0.47781931766001895,0.488378867388343,0.4744594492246016,0.48717889189720154,144780000,0.0,0.0
2015-01-22 00:00:00-05:00,0.48813875833750725,0.49701841531321994,0.4830989994199174,0.49557846784591675,159712000,0.0,0.0
2015-01-23 00:00:00-05:00,0.49605851274557183,0.4979784621638256,0.4919786989065092,0.4970185160636902,120416000,0.0,0.0
2015-01-26 00:00:00-05:00,0.49485859274864197,0.4972584865998427,0.49173872502028276,0.49485859274864197,133240000,0.0,0.0
2015-01-27 00:00:00-05:00,0.48717889779058327,0.48765889943644253,0.470139640414318,0.4710996150970459,357948000,0.0,0.0
2015-01-28 00:00:00-05:00,0.47685933041491924,0.478779251097534,0.4631799134319075,0.46341991424560547,272728000,0.0,0.0
2015-01-29 00:00:00-05:00,0.4636600024755898,0.4773393934286602,0.46150008057205555,0.4746995270252228,235340000,0.0,0.0
2015-01-30 00:00:00-05:00,0.47133954360304253,0.4768593045376533,0.460060049542135,0.46077999472618103,298200000,0.0,0.0
2015-02-02 00:00:00-05:00,0.4636599649198851,0.4727795676862574,0.45454036215351284,0.4708596467971802,259604000,0.0,0.0
2015-02-03 00:00:00-05:00,0.4742194780690705,0.4830991084396407,0.4718195841546444,0.48261910676956177,183468000,0.0,0.0
2015-02-04 00:00:00-05:00,0.4811791717790624,0.48933879889132303,0.4797391955107377,0.48381903767585754,181516000,0.0,0.0
2015-02-05 00:00:00-05:00,0.4842988787053798,0.491978559770546,0.48381893440003615,0.49173858761787415,140448000,0.0,0.0
2015-02-06 00:00:00-05:00,0.4912585837996144,0.4970183731805652,0.48741874328496937,0.4895786643028259,210524000,0.0,0.0
2015-02-09 00:00:00-05:00,0.48669892346415655,0.4905387075232224,0.4835790560026822,0.48909881711006165,273944000,0.0,0.0
2015-02-10 00:00:00-05:00,0.48957884576906874,0.5030182639427688,0.4874189239506202,0.5027782917022705,226204000,0.0,0.0
2015-02-11 00:00:00-05:00,0.5039781960126729,0.5039781960126729,0.4960585401180791,0.4994184374809265,320832000,0.0,0.0
2015-02-12 00:00:00-05:00,0.527977191257605,0.5399766611734171,0.5248573233576953,0.5351768732070923,676904000,0.0,0.0
2015-02-13 00:00:00-05:00,0.533976715351008,0.5361366363640315,0.5258170900368746,0.5354166626930237,310084000,0.0,0.0
2015-02-17 00:00:00-05:00,0.5344570506654653,0.5397368418110207,0.531097209581022,0.5370969176292419,203340000,0.0,0.0
2015-02-18 00:00:00-05:00,0.5363769088763345,0.537336912453907,0.5298971994267113,0.5308571457862854,170948000,0.0,0.0
2015-02-19 00:00:00-05:00,0.5375768654095783,0.5385368117346355,0.5298971803731282,0.5322970747947693,169432000,0.0,0.0
2015-02-20 00:00:00-05:00,0.5318169015874394,0.5363766589754999,0.5279770607201476,0.5361366868019104,157752000,0.0,0.0
2015-02-23 00:00:00-05:00,0.5358969530510453,0.5358969530510453,0.5291772142391528,0.5318171381950378,125008000,0.0,0.0
2015-02-24 00:00:00-05:00,0.533864655250864,0.5374783277511597,0.5290463869582773,0.5374783277511597,149356000,0.002125,0.0
2015-02-25 00:00:00-05:00,0.5353101772653075,0.5377193692435859,0.5309737580686624,0.5333828926086426,123820000,0.0,0.0
2015-02-26 00:00:00-05:00,0.5338647225567418,0.5379602453779461,0.5304918883760771,0.5348283648490906,152864000,0.0,0.0
2015-02-27 00:00:00-05:00,0.5333830404245361,0.5345876367475038,0.5295284126046791,0.5314557552337646,157492000,0.0,0.0
2015-03-02 00:00:00-05:00,0.53001019596984,0.5473559902587107,0.5292874497546115,0.5444650053977966,301512000,0.0,0.0
2015-03-03 00:00:00-05:00,0.5403696269175212,0.5430196587928087,0.5326603701770023,0.5343467593193054,160344000,0.0,0.0
2015-03-04 00:00:00-05:00,0.5324191243861581,0.5415738104980754,0.5302508865813812,0.5403692722320557,226840000,0.0,0.0
2015-03-05 00:00:00-05:00,0.5403696284761998,0.5516925598576511,0.5389241356533928,0.5507289171218872,323056000,0.0,0.0
2015-03-06 00:00:00-05:00,0.5475968148121139,0.5502468456287364,0.5427785456337276,0.543260395526886,257392000,0.0,0.0
2015-03-09 00:00:00-04:00,0.5435012696362617,0.5488013884921152,0.5422966736715371,0.5447058081626892,222388000,0.0,0.0
2015-03-10 00:00:00-04:00,0.5471149008064725,0.5577151377073957,0.5461512585713776,0.5541014075279236,527212000,0.0,0.0
2015-03-11 00:00:00-04:00,0.5541014495763377,0.5613288530454463,0.5497650304701912,0.5512105226516724,262120000,0.0,0.0
2015-03-12 00:00:00-04:00,0.5459105033510159,0.550006026986539,0.5357921136737597,0.5461513996124268,406972000,0.0,0.0
2015-03-13 00:00:00-04:00,0.5435012102893709,0.5483194787455509,0.5360328539754886,0.5468739867210388,359288000,0.0,0.0
2015-03-16 00:00:00-04:00,0.5512103422716857,0.5567513555285717,0.5475966130005522,0.5533785223960876,236956000,0.0,0.0
2015-03-17 00:00:00-04:00,0.552174129026065,0.5603651742703468,0.5483195026057285,0.5601242780685425,299900000,0.0,0.0
2015-03-18 00:00:00-04:00,0.5601245285128045,0.5630154565419359,0.5459106123617055,0.5509697794914246,413844000,0.0,0.0
2015-03-19 00:00:00-04:00,0.5528968554220803,0.56132879656853,0.5488013329454775,0.5594015121459961,310756000,0.0,0.0
2015-03-20 00:00:00-04:00,0.5639790668307153,0.5687973368835056,0.558678946797322,0.5654245018959045,462084000,0.0,0.0
2015-03-23 00:00:00-04:00,0.5485603410257303,0.5557877432632135,0.5468739529141462,0.5471148490905762,426012000,0.0,0.0
2015-03-24 00:00:00-04:00,0.5454285366230056,0.5492831631719085,0.5372374911055213,0.5396466255187988,330480000,0.0,0.0
2015-03-25 00:00:00-04:00,0.5394059654748176,0.5394059654748176,0.5051961614147294,0.5068826079368591,542552000,0.0,0.0
2015-03-26 00:00:00-04:00,0.4965230781829181,0.507364153797173,0.4929093480193048,0.5051959156990051,311920000,0.0,0.0
2015-03-27 00:00:00-04:00,0.5080869117623789,0.5170007031242432,0.49989586645021095,0.5150734186172485,318288000,0.0,0.0
2015-03-30 00:00:00-04:00,0.5174827915136687,0.5198919269770956,0.510737177753081,0.517241895198822,253252000,0.0,0.0
2015-03-31 00:00:00-04:00,0.5157961058402624,0.5162778981929157,0.5037504354496233,0.5042322278022766,357276000,0.0,0.0
2015-04-01 00:00:00-04:00,0.5061598420143127,0.5078462310330257,0.4974869431764187,0.5061598420143127,330768000,0.0,0.0
2015-04-02 00:00:00-04:00,0.5090505421258037,0.5104960341914337,0.5030277351034019,0.5073641538619995,192204000,0.0,0.0
2015-04-06 00:00:00-04:00,0.5051962081968036,0.523746604713147,0.49989614413927025,0.522060215473175,515864000,0.0,0.0
2015-04-07 00:00:00-04:00,0.5220599430936388,0.5324192269045614,0.5191689587972713,0.5266373157501221,413964000,0.0,0.0
2015-04-08 00:00:00-04:00,0.527119171005487,0.5324192903678253,0.5220600053220975,0.5304919481277466,366432000,0.0,0.0
2015-04-09 00:00:00-04:00,0.5263963439239467,0.5444648802757635,0.5261554477203325,0.542778491973877,379432000,0.0,0.0
2015-04-10 00:00:00-04:00,0.5432604716606028,0.5485605340366104,0.5413331292561667,0.5483196377754211,258728000,0.0,0.0
2015-04-13 00:00:00-04:00,0.5471149649189555,0.5502468456287364,0.5408512034993935,0.543260395526886,236724000,0.0,0.0
2015-04-14 00:00:00-04:00,0.5410923113161779,0.543260550295648,0.5333830554591608,0.5386831760406494,220276000,0.0,0.0
2015-04-15 00:00:00-04:00,0.5401286050691727,0.5492832950624774,0.5374785163714377,0.545187771320343,243560000,0.0,0.0
2015-04-16 00:00:00-04:00,0.5420558791539056,0.5466332527773862,0.5379603554943785,0.5418149828910828,155284000,0.0,0.0
2015-04-17 00:00:00-04:00,0.5304918883760771,0.5401284836144529,0.5302509921625639,0.5348283648490906,293636000,0.0,0.0
2015-04-20 00:00:00-04:00,0.5372375075334728,0.5406102843275368,0.531214642596961,0.5321783423423767,231624000,0.0,0.0
2015-04-21 00:00:00-04:00,0.5386831608566287,0.5386831608566287,0.5288056662985613,0.5314557552337646,230456000,0.0,0.0
2015-04-22 00:00:00-04:00,0.534587401238581,0.5382010737388766,0.5263962991905525,0.5374783277511597,207420000,0.0,0.0
2015-04-23 00:00:00-04:00,0.5276011297709045,0.5403695521721706,0.5215782630057876,0.5353103280067444,259380000,0.0,0.0
2015-04-24 00:00:00-04:00,0.5350693494576807,0.5353102457109906,0.52471006386738,0.5307329297065735,240960000,0.0,0.0
2015-04-27 00:00:00-04:00,0.5324192303990706,0.5442240064356572,0.5278418577125439,0.5348283648490906,248456000,0.0,0.0
2015-04-28 00:00:00-04:00,0.533864655250864,0.5394056695311676,0.5288054333368458,0.5374783277511597,234484000,0.0,0.0
2015-04-29 00:00:00-04:00,0.5336237888311511,0.5389239077944269,0.531214654291171,0.5333828926086426,195156000,0.0,0.0
2015-04-30 00:00:00-04:00,0.5307328420278863,0.5374783955126237,0.5295282460837283,0.5348283648490906,218844000,0.0,0.0
2015-05-01 00:00:00-04:00,0.539164748025248,0.5497649848509761,0.5367556137354539,0.5480785965919495,256968000,0.0,0.0
2015-05-04 00:00:00-04:00,0.5475967925273907,0.5512105229832674,0.5430194197627124,0.5447058081626892,200720000,0.0,0.0
2015-05-05 00:00:00-04:00,0.5427786039466551,0.5435013501448905,0.5283237948585572,0.5307329297065735,292928000,0.0,0.0
2015-05-06 00:00:00-04:00,0.533623982117636,0.538683206690929,0.525432933202444,0.5324194431304932,316484000,0.0,0.0
2015-05-07 00:00:00-04:00,0.5302511007009699,0.5435013716074583,0.5285647119845944,0.5418149828910828,534564000,0.0,0.0
2015-05-08 00:00:00-04:00,0.5061596634829445,0.5261554857869312,0.49363214097596086,0.5018231868743896,1146552000,0.0,0.0
2015-05-11 00:00:00-04:00,0.4948368065530672,0.5020642694227463,0.4909822362736551,0.49700504541397095,544144000,0.0,0.0
2015-05-12 00:00:00-04:00,0.49339124475491825,0.5059187098236041,0.49315029109557773,0.5018231868743896,388800000,0.0,0.0
2015-05-13 00:00:00-04:00,0.5054369370895376,0.5092915639680091,0.49989592172141606,0.5047141909599304,308524000,0.0,0.0
2015-05-14 00:00:00-04:00,0.5061597448831517,0.5155553882743894,0.5049551487076206,0.5129052996635437,293052000,0.0,0.0
2015-05-15 00:00:00-04:00,0.515073506473458,0.5174826412372748,0.5100143407009335,0.5131462216377258,215824000,0.0,0.0
2015-05-18 00:00:00-04:00,0.511941605805666,0.5155553365312644,0.5095324711347007,0.5124234557151794,324972000,0.0,0.0
2015-05-19 00:00:00-04:00,0.5131011780381814,0.5147954304506379,0.5082606052419103,0.5092287659645081,253808000,0.00245,0.0
2015-05-20 00:00:00-04:00,0.5094707772930678,0.5155215221404965,0.5087446856032092,0.5092287659645081,196824000,0.0,0.0
2015-05-21 00:00:00-04:00,0.5094708364883225,0.5116491118109915,0.5051142858429845,0.5055983662605286,239692000,0.0,0.0
2015-05-22 00:00:00-04:00,0.5068085263978106,0.5087447326135617,0.5036621480190765,0.5048722624778748,212592000,0.0,0.0
2015-05-26 00:00:00-04:00,0.5024519442006791,0.505840333716861,0.4978533825977574,0.5017258524894714,259732000,0.0,0.0
2015-05-27 00:00:00-04:00,0.5051143216195829,0.5310114428566332,0.5034201265944602,0.5285911560058594,432332000,0.0,0.0
2015-05-28 00:00:00-04:00,0.5285908017050381,0.5375458512801424,0.5276226991544609,0.5358516573905945,327656000,0.0,0.0
2015-05-29 00:00:00-04:00,0.5358517930149556,0.5392401816516544,0.534883690219351,0.535609781742096,335168000,0.0,0.0
2015-06-01 00:00:00-04:00,0.5389983683738399,0.5469853203537857,0.5356099784924536,0.5416606664657593,372660000,0.0,0.0
2015-06-02 00:00:00-04:00,0.538272141769611,0.5411765082000548,0.5305272030912096,0.5310112833976746,224304000,0.0,0.0
2015-06-03 00:00:00-04:00,0.5324634302214232,0.5365779105805637,0.5242344117989732,0.5252025723457336,250788000,0.0,0.0
2015-06-04 00:00:00-04:00,0.5220562317500305,0.5363359372266929,0.5220562317500305,0.5346417427062988,323712000,0.0,0.0
2015-06-05 00:00:00-04:00,0.5329475181587927,0.5411765375905652,0.5273808540009067,0.538756251335144,313320000,0.0,0.0
2015-06-08 00:00:00-04:00,0.5370618481867658,0.5406922473081329,0.5203618621976777,0.5264125466346741,342812000,0.0,0.0
2015-06-09 00:00:00-04:00,0.5268965738218345,0.5329472576506852,0.5259284713337161,0.5290748476982117,256888000,0.0,0.0
2015-06-10 00:00:00-04:00,0.5227822933144667,0.5261706821605203,0.5167315494857969,0.5196359157562256,529460000,0.0,0.0
2015-06-11 00:00:00-04:00,0.5196359088706214,0.528832972431494,0.5196359088706214,0.5252025723457336,283052000,0.0,0.0
2015-06-12 00:00:00-04:00,0.5218141676163527,0.5249605453847976,0.5097127368547077,0.510922908782959,323728000,0.0,0.0
2015-06-15 00:00:00-04:00,0.5082604984812952,0.5123750364276245,0.5043880872210256,0.5099547505378723,306548000,0.0,0.0
2015-06-16 00:00:00-04:00,0.5089867698842266,0.5169737219132522,0.5039041850309149,0.5162476301193237,256892000,0.0,0.0
2015-06-17 00:00:00-04:00,0.5160053438846456,0.525202463239058,0.5147952300088401,0.5222980976104736,233544000,0.0,0.0
2015-06-18 00:00:00-04:00,0.5266547914561819,0.5343996724304103,0.52520260824096,0.5310112833976746,299404000,0.0,0.0
2015-06-19 00:00:00-04:00,0.5310113950564843,0.5353678879140418,0.5244766269180556,0.5293172001838684,355656000,0.0,0.0
2015-06-22 00:00:00-04:00,0.530285087132591,0.5331894529898269,0.5191517616187356,0.5271387100219727,514236000,0.0,0.0
2015-06-23 00:00:00-04:00,0.5281068042825112,0.5322212840449313,0.509470610874787,0.513585090637207,414064000,0.0,0.0
2015-06-24 00:00:00-04:00,0.5128590943979286,0.5155214494534188,0.5060823165203274,0.5085026025772095,253368000,0.0,0.0
2015-06-25 00:00:00-04:00,0.5085025284714789,0.515521374324809,0.5085025284714789,0.512374997138977,350460000,0.0,0.0
2015-06-26 00:00:00-04:00,0.5082605431498436,0.5087446234520044,0.499789570643322,0.5019677877426147,421296000,0.0,0.0
2015-06-29 00:00:00-04:00,0.4961591143387191,0.5012417555642312,0.4862359585958641,0.48696205019950867,391724000,0.0,0.0
2015-06-30 00:00:00-04:00,0.48986628356054723,0.4920445580364271,0.48333151783707134,0.48671990633010864,315916000,0.0,0.0
2015-07-01 00:00:00-04:00,0.49882135089779234,0.5058401385579023,0.4893822199979989,0.49373871088027954,302892000,0.0,0.0
2015-07-02 00:00:00-04:00,0.4934967580903922,0.49736922694673935,0.49107647226819595,0.49422284960746765,145764000,0.0,0.0
2015-07-06 00:00:00-04:00,0.4901083772061959,0.4968851545335079,0.48454171395697526,0.48817211389541626,214776000,0.0,0.0
2015-07-07 00:00:00-04:00,0.48526787189525505,0.4872040777668412,0.4637272786269431,0.4789750874042511,594252000,0.0,0.0
2015-07-08 00:00:00-04:00,0.4763127741619498,0.4792171117254237,0.47171421323870366,0.4755866825580597,332492000,0.0,0.0
2015-07-09 00:00:00-04:00,0.4830895737714554,0.4852678485503298,0.4668736339863721,0.4697779715061188,357588000,0.0,0.0
2015-07-10 00:00:00-04:00,0.4758285951945165,0.4823633894224457,0.4746184523896526,0.47800686955451965,216708000,0.0,0.0
2015-07-13 00:00:00-04:00,0.4828475336297695,0.4838156365190031,0.47800696147942967,0.48115333914756775,212472000,0.0,0.0
2015-07-14 00:00:00-04:00,0.4818793844532374,0.48236343585135827,0.4751025783232959,0.48139530420303345,249216000,0.0,0.0
2015-07-15 00:00:00-04:00,0.48018511506244255,0.4833314921255047,0.47365034968659364,0.47800686955451965,265732000,0.0,0.0
2015-07-16 00:00:00-04:00,0.4809113725209897,0.48865631222724915,0.4792171777797793,0.48865631222724915,282848000,0.0,0.0
2015-07-17 00:00:00-04:00,0.48696194954466754,0.48744597204426826,0.4794590237592495,0.48575177788734436,220372000,0.0,0.0
2015-07-20 00:00:00-04:00,0.48575188869204966,0.48768815224461504,0.4755866925796463,0.47679683566093445,188412000,0.0,0.0
2015-07-21 00:00:00-04:00,0.47582870958479273,0.4857518945110644,0.47582870958479273,0.4789750874042511,149720000,0.0,0.0
2015-07-22 00:00:00-04:00,0.4755866753976979,0.4755866753976979,0.4639692964666255,0.4697779715061188,356472000,0.0,0.0
2015-07-23 00:00:00-04:00,0.47074611033490776,0.4826055007407955,0.4697779785790256,0.4755866825580597,169916000,0.0,0.0
2015-07-24 00:00:00-04:00,0.4789749878384658,0.47945903920574134,0.4680837022404012,0.4700199365615845,188844000,0.0,0.0
2015-07-27 00:00:00-04:00,0.4659054821770032,0.47268228866590356,0.4620330419348349,0.46735766530036926,192420000,0.0,0.0
2015-07-28 00:00:00-04:00,0.4685677696019817,0.48066919845735145,0.46372719805983387,0.4775228500366211,198308000,0.0,0.0
2015-07-29 00:00:00-04:00,0.47655481341290135,0.4872040902396922,0.4746185786396586,0.4833316206932068,232680000,0.0,0.0
2015-07-30 00:00:00-04:00,0.4821213994778328,0.4893822859144781,0.4821213994778328,0.48454171419143677,190180000,0.0,0.0
2015-07-31 00:00:00-04:00,0.48647794071672446,0.4867199520020326,0.4799431743800513,0.48284751176834106,218340000,0.0,0.0
2015-08-03 00:00:00-04:00,0.4867199203441893,0.49156049196052065,0.4804271945542082,0.4910764694213867,397132000,0.0,0.0
2015-08-04 00:00:00-04:00,0.4893822373202386,0.49446481981349627,0.48744597420078745,0.4930126368999481,260100000,0.0,0.0
2015-08-05 00:00:00-04:00,0.5051140920583336,0.5055981722901625,0.4971271433102222,0.49809530377388,234628000,0.0,0.0
2015-08-06 00:00:00-04:00,0.4968853086087292,0.5005157673770769,0.48672008176154,0.4949491024017334,655676000,0.0,0.0
2015-08-07 00:00:00-04:00,0.5435966970038584,0.5656212794777504,0.529559005375447,0.5561822056770325,1405248000,0.0,0.0
2015-08-10 00:00:00-04:00,0.5523098373277598,0.5796590763692834,0.5489213905821605,0.5755445957183838,662304000,0.0,0.0
2015-08-11 00:00:00-04:00,0.5670736352417171,0.5782069643523992,0.5670736352417171,0.5726402997970581,435008000,0.0,0.0
2015-08-12 00:00:00-04:00,0.5634433166696964,0.5782070487249685,0.5634433166696964,0.5740925669670105,384048000,0.0,0.0
2015-08-13 00:00:00-04:00,0.5748183186056811,0.5760284901323188,0.5677994737819843,0.5692516565322876,276884000,0.0,0.0
2015-08-14 00:00:00-04:00,0.5687677836153596,0.5731243334536096,0.5653793944328377,0.5697359442710876,214652000,0.0,0.0
2015-08-17 00:00:00-04:00,0.5687677226151012,0.5687677226151012,0.5590865787295254,0.5661054253578186,273880000,0.0,0.0
2015-08-18 00:00:00-04:00,0.5643554874933261,0.5682442497651768,0.5565779629496246,0.5609528422355652,287084000,0.00245,0.0
2015-08-19 00:00:00-04:00,0.560223943536008,0.5665431777800819,0.5526894451925438,0.5587656497955322,249248000,0.0,0.0
2015-08-20 00:00:00-04:00,0.5524461251289451,0.5551196236163637,0.5359189013369314,0.5385924577713013,426932000,0.0,0.0
2015-08-21 00:00:00-04:00,0.5347037667984822,0.5436964974016075,0.5213361566931065,0.5218222737312317,382664000,0.0,0.0
2015-08-24 00:00:00-04:00,0.49265673929085296,0.5305721417899875,0.4860944759189188,0.5033508539199829,682284000,0.0,0.0
2015-08-25 00:00:00-04:00,0.5254680911209009,0.5274125018534384,0.4928998053073883,0.4928998053073883,622684000,0.0,0.0
2015-08-26 00:00:00-04:00,0.508940612758305,0.5305717997467069,0.5050518515771293,0.5300856828689575,614976000,0.0,0.0
2015-08-27 00:00:00-04:00,0.5356760769344772,0.5502588963628195,0.532516460263639,0.5500158667564392,463764000,0.0,0.0
2015-08-28 00:00:00-04:00,0.5500157766406455,0.5558488918668774,0.5461270138408363,0.5524462461471558,320944000,0.0,0.0
2015-08-31 00:00:00-04:00,0.5497726730533679,0.5536614353295989,0.54418258814634,0.5463699698448181,219352000,0.0,0.0
2015-09-01 00:00:00-04:00,0.5305719641064516,0.5395646945285208,0.5201209405463262,0.524009644985199,353408000,0.0,0.0
2015-09-02 00:00:00-04:00,0.538349503144602,0.5400508260515613,0.5293567715162603,0.5398077964782715,344044000,0.0,0.0
2015-09-03 00:00:00-04:00,0.5478281647161448,0.5505017208968477,0.5402937289954044,0.5412659049034119,262556000,0.0,0.0
2015-09-04 00:00:00-04:00,0.5320300399683717,0.5405367087615344,0.5283843661619737,0.5286273956298828,287972000,0.0,0.0
2015-09-08 00:00:00-04:00,0.5415089721831285,0.5534182872414185,0.5393215907242006,0.5512308478355408,238448000,0.0,0.0
2015-09-09 00:00:00-04:00,0.5529323973537332,0.5575502491382377,0.5390786681593175,0.5402939319610596,289392000,0.0,0.0
2015-09-10 00:00:00-04:00,0.5371341806000827,0.55560575693603,0.534703711554483,0.5488004088401794,357076000,0.0,0.0
2015-09-11 00:00:00-04:00,0.5427241812937198,0.5541473782472999,0.5405367421067755,0.5505017042160034,301584000,0.0,0.0
2015-09-14 00:00:00-04:00,0.5531754173261807,0.5548767402614923,0.5485575076749257,0.5514740943908691,192460000,0.0,0.0
2015-09-15 00:00:00-04:00,0.5517170768920718,0.5604667783463535,0.5500157541019284,0.5575501918792725,327976000,0.0,0.0
2015-09-16 00:00:00-04:00,0.5565780387036721,0.5645985938725925,0.5524462463358895,0.5614389777183533,173508000,0.0,0.0
2015-09-17 00:00:00-04:00,0.5711605339310667,0.5762645575835281,0.5653274219894706,0.5665426850318909,268712000,0.0,0.0
2015-09-18 00:00:00-04:00,0.5587653807234438,0.5709177261305073,0.5553627355988568,0.5660567879676819,326412000,0.0,0.0
2015-09-21 00:00:00-04:00,0.5667859689269629,0.5731052005120081,0.5638693826732628,0.5718899369239807,281840000,0.0,0.0
2015-09-22 00:00:00-04:00,0.5594946482702442,0.5633834112310971,0.5534184452788553,0.5563350319862366,228356000,0.0,0.0
2015-09-23 00:00:00-04:00,0.5568210392914931,0.5624111246621462,0.5546336574116,0.5590084791183472,161632000,0.0,0.0
2015-09-24 00:00:00-04:00,0.5556059253730911,0.5755358007677143,0.5468562225669888,0.569702684879303,382440000,0.0,0.0
2015-09-25 00:00:00-04:00,0.5767508880164758,0.5850145299339967,0.568244274501767,0.5738343596458435,369692000,0.0,0.0
2015-09-28 00:00:00-04:00,0.5738344113304676,0.5774800866088594,0.5626542400353289,0.5662999153137207,395584000,0.0,0.0
2015-09-29 00:00:00-04:00,0.5723760956068726,0.5772370344188534,0.5643555407724082,0.5762648582458496,380736000,0.0,0.0
2015-09-30 00:00:00-04:00,0.5816118560843008,0.5998404055999969,0.5782092105058129,0.5991112589836121,556380000,0.0,0.0
2015-10-01 00:00:00-04:00,0.599111189689922,0.6008125122823896,0.5704316192524289,0.5874449610710144,489296000,0.0,0.0
2015-10-02 00:00:00-04:00,0.5842853984683225,0.6027569770812988,0.5782091961318213,0.6027569770812988,386144000,0.0,0.0
2015-10-05 00:00:00-04:00,0.6066458130247272,0.625360423452529,0.6034861966989593,0.617825984954834,482024000,0.0,0.0
2015-10-06 00:00:00-04:00,0.6112638045857025,0.6285201239515565,0.6088333346209214,0.6258466243743896,453216000,0.0,0.0
2015-10-07 00:00:00-04:00,0.6273049471704701,0.6387281507424819,0.6170969496639813,0.6324089169502258,310152000,0.0,0.0
2015-10-08 00:00:00-04:00,0.6297351653646672,0.6377557192087507,0.619041054941253,0.6360543966293335,460068000,0.0,0.0
2015-10-09 00:00:00-04:00,0.6326518426142315,0.6387280457843142,0.6217147580338379,0.6336240768432617,423248000,0.0,0.0
2015-10-12 00:00:00-04:00,0.63435323334149,0.6440751710412879,0.6297353810217806,0.6404294371604919,227588000,0.0,0.0
2015-10-13 00:00:00-04:00,0.6353256007200443,0.6455335418300043,0.6331381599334872,0.6416448354721069,298444000,0.0,0.0
2015-10-14 00:00:00-04:00,0.6423736446157505,0.6754280978342061,0.6416445559514986,0.6649770736694336,612148000,0.0,0.0
2015-10-15 00:00:00-04:00,0.6661923711311418,0.6802891302932369,0.6593870790852815,0.6666784882545471,526048000,0.0,0.0
2015-10-16 00:00:00-04:00,0.6688658039241439,0.6834486195490455,0.6671644232823095,0.6771293878555298,448396000,0.0,0.0
2015-10-19 00:00:00-04:00,0.679316991726041,0.6824766083362539,0.6681368187894374,0.6759142875671387,294712000,0.0,0.0
2015-10-20 00:00:00-04:00,0.6729976641664348,0.678101632768868,0.6678936376170376,0.6749420166015625,264824000,0.0,0.0
2015-10-21 00:00:00-04:00,0.6790737869866681,0.6832056371846432,0.6649770874212693,0.6661922931671143,386280000,0.0,0.0
2015-10-22 00:00:00-04:00,0.6739696586132979,0.6924412335530535,0.6729974826579315,0.6902537941932678,306884000,0.0,0.0
2015-10-23 00:00:00-04:00,0.6963300166029788,0.6994896320146964,0.6858789943827476,0.694871723651886,381776000,0.0,0.0
2015-10-26 00:00:00-04:00,0.6953577537499848,0.6970590759980712,0.6853927917936955,0.6917120218276978,247436000,0.0,0.0
2015-10-27 00:00:00-04:00,0.6883097166019966,0.6956011260935911,0.6878235994571017,0.6912263035774231,208268000,0.0,0.0
2015-10-28 00:00:00-04:00,0.6956008829098562,0.6968161463737488,0.6853928900115741,0.6968161463737488,217036000,0.0,0.0
2015-10-29 00:00:00-04:00,0.6856358343712423,0.6926841523817169,0.6715390824564148,0.6727542877197266,327168000,0.0,0.0
2015-10-30 00:00:00-04:00,0.6800458625362676,0.6943856462644367,0.6749418373424582,0.6895246505737305,301160000,0.0,0.0
2015-11-02 00:00:00-05:00,0.6917122346743082,0.6982744962067539,0.6875804425222855,0.6975453495979309,190088000,0.0,0.0
2015-11-03 00:00:00-05:00,0.6934134392778393,0.6973022012132046,0.6849068268694943,0.6926842927932739,376768000,0.0,0.0
2015-11-04 00:00:00-05:00,0.6907402711354598,0.6958442410213654,0.6781018032880987,0.681261420249939,442264000,0.0,0.0
2015-11-05 00:00:00-05:00,0.6846639008324936,0.6866083112320833,0.6715393769098627,0.6734837293624878,478800000,0.0,0.0
2015-11-06 00:00:00-05:00,0.7400785363751853,0.7762925419345433,0.7247665758486636,0.7668136954307556,1172272000,0.0,0.0
2015-11-09 00:00:00-05:00,0.7592794314356079,0.7655986638740969,0.7527171114785088,0.7634112238883972,492568000,0.0,0.0
2015-11-10 00:00:00-05:00,0.7534462027542692,0.7575780528502896,0.7327872420089713,0.7488283514976501,552260000,0.0,0.0
2015-11-11 00:00:00-05:00,0.7493143822515805,0.7546614378611309,0.7388633585240221,0.7415369153022766,619896000,0.0,0.0
2015-11-12 00:00:00-05:00,0.7398355847566576,0.7466409339885375,0.735703792484106,0.7388634085655212,291080000,0.0,0.0
2015-11-13 00:00:00-05:00,0.7395924983356144,0.7427521141741178,0.7206348033045941,0.7242805361747742,292940000,0.0,0.0
2015-11-16 00:00:00-05:00,0.7337594401018332,0.7393495256345707,0.7279262670610898,0.7388634085655212,344280000,0.0,0.0
2015-11-17 00:00:00-05:00,0.7408078188947566,0.7451826407283516,0.735703792484106,0.7388634085655212,257048000,0.0,0.0
2015-11-18 00:00:00-05:00,0.7419129177259086,0.7580149959621313,0.7338619076912946,0.7570390701293945,350216000,0.002875,0.0
2015-11-19 00:00:00-05:00,0.7597229278595963,0.7667980134485162,0.7536236519607279,0.7592349648475647,254072000,0.0,0.0
2015-11-20 00:00:00-05:00,0.7648462447453057,0.7702136049781265,0.7602107999154607,0.7658221125602722,239744000,0.0,0.0
2015-11-23 00:00:00-05:00,0.772165233891026,0.772165233891026,0.7516717799410124,0.7543554306030273,242552000,0.0,0.0
2015-11-24 00:00:00-05:00,0.7543553803074177,0.7670418338038099,0.7509398145713094,0.7604546546936035,195428000,0.0,0.0
2015-11-25 00:00:00-05:00,0.7589908431085126,0.7680177205648269,0.7567950972947088,0.759478747844696,138300000,0.0,0.0
2015-11-27 00:00:00-05:00,0.7609427153184364,0.7682618111811902,0.7570391858915672,0.7658221125602722,86996000,0.0,0.0
2015-11-30 00:00:00-05:00,0.7665539951941458,0.7772887152008932,0.7658220798224584,0.7738730907440186,327244000,0.0,0.0
2015-12-01 00:00:00-05:00,0.7807042251120057,0.7997339070676417,0.7799723097931738,0.7990019917488098,409496000,0.0,0.0
2015-12-02 00:00:00-05:00,0.8002219834585669,0.8085169479616813,0.7911951034796472,0.7929028868675232,294240000,0.0,0.0
2015-12-03 00:00:00-05:00,0.7992460463505947,0.8075410101355605,0.7872915055034359,0.7911950349807739,246656000,0.0,0.0
2015-12-04 00:00:00-05:00,0.7911949074282516,0.824862778304645,0.7911949074282516,0.8233989477157593,458756000,0.0,0.0
2015-12-07 00:00:00-05:00,0.8231550810242675,0.8231550810242675,0.8053452760619435,0.8077849745750427,333588000,0.0,0.0
2015-12-08 00:00:00-05:00,0.7977821361394913,0.8221791202363877,0.7926587869292425,0.8187635540962219,314488000,0.0,0.0
2015-12-09 00:00:00-05:00,0.8185195368463557,0.8233989332790945,0.7897310629930002,0.7980260252952576,372676000,0.0,0.0
2015-12-10 00:00:00-05:00,0.8004656934502479,0.8090046659703577,0.7977820429631237,0.8046132326126099,236596000,0.0,0.0
2015-12-11 00:00:00-05:00,0.7965622152328865,0.8021735266818997,0.7909509037838732,0.7926586866378784,227320000,0.0,0.0
2015-12-14 00:00:00-05:00,0.7933906207350593,0.7990019323173918,0.785095600460964,0.7946104407310486,275892000,0.0,0.0
2015-12-15 00:00:00-05:00,0.8036374150535001,0.8099806426654712,0.7992459811043658,0.804369330406189,307296000,0.0,0.0
2015-12-16 00:00:00-05:00,0.8060771315644013,0.8119324545170826,0.7990020466082457,0.8092487454414368,236356000,0.0,0.0
2015-12-17 00:00:00-05:00,0.8104684870600167,0.8187634489543607,0.7965622137272657,0.7970501184463501,254160000,0.0,0.0
2015-12-18 00:00:00-05:00,0.7914386993112901,0.7994897077505342,0.7831437385456999,0.7841196060180664,395896000,0.0,0.0
2015-12-21 00:00:00-05:00,0.792658674306381,0.8033933341504094,0.7855835324734348,0.8026614189147949,284216000,0.0,0.0
2015-12-22 00:00:00-05:00,0.8051012065747718,0.8114444338780193,0.7985140268881675,0.8033934235572815,130012000,0.0,0.0
2015-12-23 00:00:00-05:00,0.8046134892687922,0.809736839514913,0.8031496582936118,0.8065652251243591,122524000,0.0,0.0
2015-12-24 00:00:00-05:00,0.8041253960248412,0.8112005391479974,0.8029055176873657,0.8092487454414368,52448000,0.0,0.0
2015-12-28 00:00:00-05:00,0.8007098003648343,0.808516800403595,0.7894871760066801,0.808516800403595,142024000,0.0,0.0
2015-12-29 00:00:00-05:00,0.8090046426787778,0.824130793883517,0.8068088969796245,0.82169109582901,203660000,0.0,0.0
2015-12-30 00:00:00-05:00,0.8209592516180468,0.8280343940382924,0.8143720721177128,0.8146160244941711,180344000,0.0,0.0
2015-12-31 00:00:00-05:00,0.8133962575092933,0.8170557760628878,0.8041253685951233,0.8041253685951233,148528000,0.0,0.0
2016-01-04 00:00:00-05:00,0.7877793499390171,0.7948544342494419,0.7816800751423111,0.7897310853004456,358076000,0.0,0.0
2016-01-05 00:00:00-05:00,0.8046133223201956,0.8158359465786573,0.7929027351155841,0.8024175763130188,490272000,0.0,0.0
2016-01-06 00:00:00-05:00,0.7892431287197467,0.7929027052605814,0.7602107014414428,0.7692376375198364,449344000,0.0,0.0
2016-01-07 00:00:00-05:00,0.7499640243136735,0.7550874320106673,0.7289826050475138,0.7387414574623108,645304000,0.0,0.0
2016-01-08 00:00:00-05:00,0.7482562572587841,0.7489881726598385,0.7214195724991299,0.722883403301239,398472000,0.0,0.0
2016-01-11 00:00:00-05:00,0.723615247976909,0.7292265600585479,0.7111727455421023,0.7241031527519226,409372000,0.0,0.0
2016-01-12 00:00:00-05:00,0.737033516219154,0.7470363196842386,0.7311782520975155,0.736301600933075,469356000,0.0,0.0
2016-01-13 00:00:00-05:00,0.7419127132807873,0.7467921665988814,0.7131243051559961,0.7138562202453613,481672000,0.0,0.0
2016-01-14 00:00:00-05:00,0.6992181052452918,0.7075131250616292,0.6787246534742579,0.6994621157646179,600236000,0.0,0.0
2016-01-15 00:00:00-05:00,0.671405806655104,0.6794568189170045,0.6499364212343656,0.6614030003547668,841452000,0.0,0.0
2016-01-19 00:00:00-05:00,0.6750653034395507,0.6940949893027824,0.664086629569685,0.666770339012146,457140000,0.0,0.0
2016-01-20 00:00:00-05:00,0.6540837920007515,0.6789687400346581,0.6453008657436667,0.6704297661781311,481180000,0.0,0.0
2016-01-21 00:00:00-05:00,0.6777487586564591,0.6887273702412068,0.663842428126399,0.6782366633415222,481456000,0.0,0.0
2016-01-22 00:00:00-05:00,0.6911671754790054,0.6987302809416087,0.6897033448625662,0.6940948367118835,257996000,0.0,0.0
2016-01-25 00:00:00-05:00,0.6938508545809308,0.7019018644591433,0.6918990611203679,0.6933628916740417,270728000,0.0,0.0
2016-01-26 00:00:00-05:00,0.6948267593746991,0.7031217220663265,0.6877516167650184,0.7001940608024597,227944000,0.0,0.0
2016-01-27 00:00:00-05:00,0.6992182160404115,0.70141396206034,0.6787247610220726,0.6918991208076477,231700000,0.0,0.0
2016-01-28 00:00:00-05:00,0.6975102436417098,0.699949941390415,0.6709175207307287,0.6843358874320984,276776000,0.0,0.0
2016-01-29 00:00:00-05:00,0.6901914167979029,0.716052234549416,0.6875077656885776,0.7145884037017822,310504000,0.0,0.0
2016-02-01 00:00:00-05:00,0.713856557259954,0.718491944125014,0.7077572813580771,0.7148324251174927,289884000,0.0,0.0
2016-02-02 00:00:00-05:00,0.7075132397365103,0.7111727582826619,0.6797006312175637,0.6845800280570984,341908000,0.0,0.0
2016-02-03 00:00:00-05:00,0.6899473465358091,0.6940948277843775,0.672137543321195,0.6879955530166626,326772000,0.0,0.0
2016-02-04 00:00:00-05:00,0.6889716105798247,0.7038538148678877,0.6814085612970459,0.6882397532463074,348140000,0.0,0.0
2016-02-05 00:00:00-05:00,0.6836039729940241,0.6911670185726956,0.6428609681984505,0.6448127031326294,600428000,0.0,0.0
2016-02-08 00:00:00-05:00,0.6350539659330643,0.6382255790950586,0.6062654951294196,0.6152924299240112,608852000,0.0,0.0
2016-02-09 00:00:00-05:00,0.6079735388726646,0.6477406346699167,0.6050458770796863,0.6218798160552979,425372000,0.0,0.0
2016-02-10 00:00:00-05:00,0.6257832860324328,0.6438370435883658,0.6170003596582758,0.6204159259796143,335800000,0.0,0.0
2016-02-11 00:00:00-05:00,0.6045578477379568,0.6235875309707279,0.6045578477379568,0.617244303226471,340144000,0.0,0.0
2016-02-12 00:00:00-05:00,0.6270030438199282,0.6289548373571683,0.6038258809215481,0.6277349591255188,340816000,0.0,0.0
2016-02-16 00:00:00-05:00,0.6367619438765711,0.6594512058239576,0.6348102081787556,0.6584752798080444,485352000,0.0,0.0
2016-02-17 00:00:00-05:00,0.6667703056058949,0.6811645454991637,0.6640865962978919,0.6748213171958923,771468000,0.0,0.0
2016-02-18 00:00:00-05:00,0.730202247060177,0.755819102752478,0.7294703319117984,0.7328858971595764,1068660000,0.0,0.0
2016-02-19 00:00:00-05:00,0.7289825243710565,0.7492320841779158,0.7233712124828777,0.7426448464393616,525628000,0.0,0.0
2016-02-22 00:00:00-05:00,0.7533795004124976,0.7775325288675602,0.7519156699303137,0.7689935564994812,449668000,0.0,0.0
2016-02-23 00:00:00-05:00,0.7628942425355587,0.7782643442932334,0.7592346667994538,0.7709452509880066,369380000,0.0,0.0
2016-02-24 00:00:00-05:00,0.7677739119124701,0.7775327064667519,0.7465484814066038,0.7763128280639648,336852000,0.0,0.0
2016-02-25 00:00:00-05:00,0.7792403793668482,0.7819240300392049,0.7641142266825743,0.7780205011367798,349616000,0.0,0.0
2016-02-26 00:00:00-05:00,0.7816802303082578,0.7836319660571119,0.7650902437749705,0.7728973031044006,361964000,0.0,0.0
2016-02-29 00:00:00-05:00,0.7739991353715904,0.7840383251190115,0.7673879559399791,0.7678776383399963,323344000,0.002875,0.0
2016-03-01 00:00:00-05:00,0.769836607175485,0.8019131422042847,0.7686122843156569,0.8019131422042847,348700000,0.0,0.0
2016-03-02 00:00:00-05:00,0.7975054599600198,0.809503552584756,0.7960362962298213,0.8065652251243591,233812000,0.0,0.0
2016-03-03 00:00:00-05:00,0.8055856023505175,0.8090136112850561,0.7886903404002784,0.7994641661643982,302004000,0.0,0.0
2016-03-04 00:00:00-05:00,0.8055859914606924,0.8063205734984648,0.7908944674631002,0.7970159649848938,175304000,0.0,0.0
2016-03-07 00:00:00-05:00,0.7926082753209758,0.7979951894631265,0.7815896058780487,0.7918736934661865,239968000,0.0,0.0
2016-03-08 00:00:00-05:00,0.7837932947794287,0.7884456267304578,0.7749783715381292,0.7774269580841064,274940000,0.0,0.0
2016-03-09 00:00:00-05:00,0.7842830658500332,0.7855073299810373,0.766898059834272,0.7769373059272766,222788000,0.0,0.0
2016-03-10 00:00:00-05:00,0.7815896231125746,0.7859971143384983,0.7600420828266602,0.7757130265235901,286084000,0.0,0.0
2016-03-11 00:00:00-05:00,0.7872214773807746,0.7891803820756713,0.7779168698115089,0.7889354825019836,277400000,0.0,0.0
2016-03-14 00:00:00-04:00,0.785262337105443,0.7940772589853499,0.7815894286642738,0.790894091129303,190312000,0.0,0.0
2016-03-15 00:00:00-04:00,0.7867315559171424,0.7918735697182002,0.7730194607354183,0.7869763970375061,226216000,0.0,0.0
2016-03-16 00:00:00-04:00,0.7810999950599042,0.8131765249325292,0.7774270854497527,0.8104830384254456,363644000,0.0,0.0
2016-03-17 00:00:00-04:00,0.8075447050358185,0.8114623971372125,0.7926082849783299,0.8036269545555115,353680000,0.0,0.0
2016-03-18 00:00:00-04:00,0.813176464186447,0.8386417548584857,0.8080343911163591,0.8278679847717285,545512000,0.0,0.0
2016-03-21 00:00:00-04:00,0.820522255753577,0.8305614443558258,0.8117073313906416,0.8303166031837463,337780000,0.0,0.0
2016-03-22 00:00:00-04:00,0.8276230845846947,0.8347239448292567,0.8185632616622093,0.828847348690033,242012000,0.0,0.0
2016-03-23 00:00:00-04:00,0.832520358350783,0.8491707258201355,0.828847448833181,0.8430492877960205,429008000,0.0,0.0
2016-03-24 00:00:00-04:00,0.8354584656312284,0.8457425519080143,0.8327650380930555,0.8442733883857727,244956000,0.0,0.0
2016-03-28 00:00:00-04:00,0.8428044539611208,0.8565165532645286,0.8418250308063604,0.852843701839447,265388000,0.0,0.0
2016-03-29 00:00:00-04:00,0.8491707422812297,0.8685145965647746,0.8472118960864806,0.8665557503700256,261812000,0.0,0.0
2016-03-30 00:00:00-04:00,0.8697388216533781,0.8876135100962201,0.8692490809701714,0.8756154179573059,376700000,0.0,0.0
2016-03-31 00:00:00-04:00,0.8795330304030752,0.8814918760709953,0.8655760944771644,0.8724321126937866,379884000,0.0,0.0
2016-04-01 00:00:00-04:00,0.8670452119141182,0.8856545379194818,0.8604340347168983,0.8851647973060608,348292000,0.0,0.0
2016-04-04 00:00:00-04:00,0.8925107446446663,0.8971630771281233,0.8731668912040009,0.8765949010848999,393940000,0.0,0.0
2016-04-05 00:00:00-04:00,0.8687594432030075,0.883450963905446,0.8653313750026407,0.8753706216812134,339568000,0.0,0.0
2016-04-06 00:00:00-04:00,0.864351966953893,0.8770846418017061,0.8479464410562353,0.8765949010848999,453376000,0.0,0.0
2016-04-07 00:00:00-04:00,0.870963363445432,0.8787988666011383,0.8638625007381859,0.8675353527069092,378104000,0.0,0.0
2016-04-08 00:00:00-04:00,0.8746360228675034,0.8802677781989156,0.8645967763833794,0.8731668591499329,255936000,0.0,0.0
2016-04-11 00:00:00-04:00,0.8783089677750097,0.8930005481440269,0.8756155395905006,0.8785538673400879,387524000,0.0,0.0
2016-04-12 00:00:00-04:00,0.881492016568113,0.8827163390898788,0.860434159576595,0.8775743246078491,292764000,0.0,0.0
2016-04-13 00:00:00-04:00,0.8814918877109117,0.8998563142004937,0.8814918877109117,0.8996114730834961,350716000,0.0,0.0
2016-04-14 00:00:00-04:00,0.897163155832084,0.9059780808554844,0.8934902460811172,0.902060329914093,416564000,0.0,0.0
2016-04-15 00:00:00-04:00,0.9018154492585699,0.917241552779716,0.8988771215863831,0.9091612100601196,436972000,0.0,0.0
2016-04-18 00:00:00-04:00,0.9074472021106937,0.9074472021106937,0.896428531754532,0.905243456363678,307320000,0.0,0.0
2016-04-19 00:00:00-04:00,0.9086714243170458,0.9103854292479577,0.8834509743096203,0.8890827298164368,309152000,0.0,0.0
2016-04-20 00:00:00-04:00,0.8876135979502674,0.8978976862842205,0.8866341748658234,0.8925107717514038,200172000,0.0,0.0
2016-04-21 00:00:00-04:00,0.8927557318616678,0.8969183826882116,0.8876137161991247,0.8915314674377441,178280000,0.0,0.0
2016-04-22 00:00:00-04:00,0.8944696436785727,0.9005910815172906,0.8851649787683976,0.8881033062934875,223540000,0.0,0.0
2016-04-25 00:00:00-04:00,0.8883481798583296,0.8974079455525402,0.8858995929577613,0.8925107717514038,191972000,0.0,0.0
2016-04-26 00:00:00-04:00,0.8978978516893283,0.908181941917752,0.889327766769154,0.89324551820755,214536000,0.0,0.0
2016-04-27 00:00:00-04:00,0.8910415934429864,0.9140583566371061,0.8893275884783576,0.9135686159133911,352396000,0.0,0.0
2016-04-28 00:00:00-04:00,0.9079369769022224,0.913323892039266,0.8841856871405234,0.8863893747329712,381224000,0.0,0.0
2016-04-29 00:00:00-04:00,0.8827165891285363,0.8846754356635319,0.8604344033035917,0.8699839115142822,321904000,0.0,0.0
2016-05-02 00:00:00-04:00,0.8783090877476735,0.8868791726019879,0.8741464951197814,0.8814922571182251,256076000,0.0,0.0
2016-05-03 00:00:00-04:00,0.871452777669786,0.8751256282619482,0.8633724363123403,0.8709630370140076,224024000,0.0,0.0
2016-05-04 00:00:00-04:00,0.8604342581091506,0.8611688400305485,0.842314726391785,0.8511296510696411,525764000,0.0,0.0
2016-05-05 00:00:00-04:00,0.858230648535385,0.8663109920244478,0.8499054054643738,0.8562717437744141,246884000,0.0,0.0
2016-05-06 00:00:00-04:00,0.8548025851725317,0.8672904206680976,0.8530885799827331,0.8650866746902466,183240000,0.0,0.0
2016-05-09 00:00:00-04:00,0.8672903457654558,0.8709631970324154,0.8567614159524967,0.8638623356819153,333336000,0.0,0.0
2016-05-10 00:00:00-04:00,0.8692492025075759,0.8819818782621128,0.8609240183814183,0.8805127143859863,269676000,0.0,0.0
2016-05-11 00:00:00-04:00,0.8832061727508401,0.8927556208829073,0.878308940527149,0.8829612731933594,328176000,0.0,0.0
2016-05-12 00:00:00-04:00,0.889327465111541,0.8932452152210462,0.8552920949548944,0.8709630370140076,670540000,0.0,0.0
2016-05-13 00:00:00-04:00,0.9596020192802344,1.0039214793394002,0.9549497454234581,1.003431797027588,2110256000,0.0,0.0
2016-05-16 00:00:00-04:00,0.9958410588245771,1.047996073925271,0.9926578905333302,1.0330595970153809,973032000,0.0,0.0
2016-05-17 00:00:00-04:00,1.028407520255658,1.042609360520913,1.0151851615375334,1.0352636575698853,628392000,0.0,0.0
2016-05-18 00:00:00-04:00,1.0284078241452397,1.073706845012875,1.0284078241452397,1.061708688735962,541072000,0.0,0.0
2016-05-19 00:00:00-04:00,1.0575457283674938,1.0739513729862187,1.0560766811780213,1.0663607120513916,398880000,0.0,0.0
2016-05-20 00:00:00-04:00,1.0729718741948684,1.0898672009386097,1.0712578690768473,1.0854597091674805,391084000,0.0,0.0
2016-05-23 00:00:00-04:00,1.0901122672053085,1.0942748018837114,1.080562758108456,1.0871739387512207,413636000,0.0,0.0
2016-05-24 00:00:00-04:00,1.0904877775365514,1.1170012818074844,1.0875418196107773,1.1135642528533936,415788000,0.002875,0.0
2016-05-25 00:00:00-04:00,1.1170011566293274,1.1216654529178889,1.1000619589849565,1.1088998317718506,458076000,0.0,0.0
2016-05-26 00:00:00-04:00,1.110864006502404,1.1287851158757225,1.1076725712553317,1.1206837892532349,309964000,0.0,0.0
2016-05-27 00:00:00-04:00,1.1219107942793096,1.1285391388462593,1.1182282895835658,1.126820683479309,277416000,0.0,0.0
2016-05-31 00:00:00-04:00,1.1317305771165043,1.149406201718002,1.1309940293500709,1.1469511985778809,412524000,0.0,0.0
2016-06-01 00:00:00-04:00,1.1415510838986118,1.160208628011433,1.1381141709583833,1.149161458015442,387132000,0.0,0.0
2016-06-02 00:00:00-04:00,1.1552982754795713,1.1670821060792518,1.1440055158622247,1.1572623252868652,329208000,0.0,0.0
2016-06-03 00:00:00-04:00,1.1459698843107418,1.1474427464842158,1.1209293543848282,1.1410598754882812,461076000,0.0,0.0
2016-06-06 00:00:00-04:00,1.1440059540446317,1.1528438303795159,1.1292762772142233,1.135168194770813,322512000,0.0,0.0
2016-06-07 00:00:00-04:00,1.142041556231924,1.1484244253028224,1.136886188996433,1.137377142906189,193400000,0.0,0.0
2016-06-08 00:00:00-04:00,1.1376228726434081,1.1417963329867395,1.124366177646188,1.1336950063705444,234616000,0.0,0.0
2016-06-09 00:00:00-04:00,1.1297670330829692,1.164872700387144,1.1273120290991911,1.1631542444229126,472168000,0.0,0.0
2016-06-10 00:00:00-04:00,1.1494067755554798,1.1597175129452075,1.13271305022695,1.134186029434204,400024000,0.0,0.0
2016-06-13 00:00:00-04:00,1.1354131475849252,1.1710098794213635,1.1354131475849252,1.1486698389053345,475588000,0.0,0.0
2016-06-14 00:00:00-04:00,1.1459697304037424,1.1562804665996202,1.1332039901263486,1.1508796215057373,298344000,0.0,0.0
2016-06-15 00:00:00-04:00,1.1604539305367294,1.1727285998016346,1.1476881902172806,1.1626633405685425,301036000,0.0,0.0
2016-06-16 00:00:00-04:00,1.1540709494025931,1.1692915752870061,1.1427781892106006,1.167327642440796,246456000,0.0,0.0
2016-06-17 00:00:00-04:00,1.1688002816931877,1.1690457585950011,1.1422867862604447,1.1469511985778809,471000000,0.0,0.0
2016-06-20 00:00:00-04:00,1.165363565612309,1.1825481222197565,1.1646270177228397,1.1675729751586914,293768000,0.0,0.0
2016-06-21 00:00:00-04:00,1.1724829872642806,1.1756744219752087,1.1587352234860426,1.1604537963867188,212508000,0.0,0.0
2016-06-22 00:00:00-04:00,1.1629087814385333,1.1705191534066368,1.1575079364946401,1.159471869468689,202620000,0.0,0.0
2016-06-23 00:00:00-04:00,1.1705189017175224,1.1916314400361838,1.1697823538474827,1.190403938293457,297880000,0.0,0.0
2016-06-24 00:00:00-04:00,1.1415501701441553,1.1626627020639262,1.1120908396134481,1.1226470470428467,1017684000,0.0,0.0
2016-06-27 00:00:00-04:00,1.1133188361265571,1.1219112333852876,1.0941702256336674,1.1106184720993042,449088000,0.0,0.0
2016-06-28 00:00:00-04:00,1.1317305726793085,1.1329579571835642,1.111354468115765,1.126820683479309,381920000,0.0,0.0
2016-06-29 00:00:00-04:00,1.1366411109739616,1.15407126855904,1.133695152359433,1.145233392715454,318932000,0.0,0.0
2016-06-30 00:00:00-04:00,1.1471973881978585,1.1611906338437368,1.1378686748283386,1.15407133102417,430940000,0.0,0.0
2016-07-01 00:00:00-04:00,1.1476876554502204,1.162662798823788,1.1415502651469764,1.1454781293869019,218488000,0.0,0.0
2016-07-05 00:00:00-04:00,1.1390953502611147,1.1643813440759871,1.1300121196062232,1.1624174118041992,371084000,0.0,0.0
2016-07-06 00:00:00-04:00,1.15431641661375,1.1766564598356586,1.1484245010639202,1.1697825193405151,273104000,0.0,0.0
2016-07-07 00:00:00-04:00,1.1776386358134185,1.2043976217894745,1.1722377900372372,1.2002241611480713,395400000,0.0,0.0
2016-07-08 00:00:00-04:00,1.2129899345915471,1.2542331197803116,1.2083255197748979,1.2483412027359009,481932000,0.0,0.0
2016-07-11 00:00:00-04:00,1.2662618036275173,1.2863923169829892,1.2647888249599206,1.2770636081695557,448776000,0.0,0.0
2016-07-12 00:00:00-04:00,1.2913026628177142,1.3079962693503633,1.2750998932217397,1.2962125539779663,436760000,0.0,0.0
2016-07-13 00:00:00-04:00,1.2986671306908144,1.306032024201756,1.2937572407038573,1.295721173286438,324604000,0.0,0.0
2016-07-14 00:00:00-04:00,1.3025948535550993,1.3207614311835618,1.2917930509101543,1.3089776039123535,316892000,0.0,0.0
2016-07-15 00:00:00-04:00,1.2922845788056678,1.2996494741221158,1.2726450140431929,1.2937575578689575,428616000,0.0,0.0
2016-07-18 00:00:00-04:00,1.309714540583628,1.3116784733583813,1.2954758231098753,1.3003857135772705,252992000,0.0,0.0
2016-07-19 00:00:00-04:00,1.299649472622146,1.3190435603618627,1.29719446849915,1.3138881921768188,382652000,0.0,0.0
2016-07-20 00:00:00-04:00,1.3183073024280765,1.338192465605259,1.3129064560543455,1.3310730457305908,296460000,0.0,0.0
2016-07-21 00:00:00-04:00,1.328126336572011,1.3322997953171754,1.302103910561338,1.3065228462219238,361308000,0.0,0.0
2016-07-22 00:00:00-04:00,1.311187491962684,1.342119812965393,1.3016131881926765,1.342119812965393,315768000,0.0,0.0
2016-07-25 00:00:00-04:00,1.3502210274744877,1.3701060642651677,1.344329112694578,1.3669146299362183,312528000,0.0,0.0
2016-07-26 00:00:00-04:00,1.3789440946368208,1.3973561548448792,1.3769801618385387,1.3902368545532227,514508000,0.0,0.0
2016-07-27 00:00:00-04:00,1.4022662653036049,1.4047212694822702,1.3678970262295869,1.3762438297271729,446676000,0.0,0.0
2016-07-28 00:00:00-04:00,1.3794354451468607,1.3895007060601274,1.3750165072845517,1.3791899681091309,221916000,0.0,0.0
2016-07-29 00:00:00-04:00,1.3843449689732488,1.4054575103977203,1.3595500388399,1.4017751216888428,409588000,0.0,0.0
2016-08-01 00:00:00-04:00,1.4076672379362787,1.4128226062758154,1.3836087352907305,1.392691969871521,301120000,0.0,0.0
2016-08-02 00:00:00-04:00,1.3993199943755485,1.400056542288952,1.3624958764138364,1.375752568244934,282748000,0.0,0.0
2016-08-03 00:00:00-04:00,1.3740340991511846,1.3821354237536518,1.366423728445529,1.3794349431991577,299828000,0.0,0.0
2016-08-04 00:00:00-04:00,1.3860633430830773,1.4113493427308417,1.3833629794843298,1.4049664735794067,272712000,0.0,0.0
2016-08-05 00:00:00-04:00,1.421168756177855,1.429515555897251,1.4142949348867042,1.428779125213623,371588000,0.0,0.0
2016-08-08 00:00:00-04:00,1.4484190208836027,1.4518559323344704,1.4268154102481243,1.4420361518859863,305064000,0.0,0.0
2016-08-09 00:00:00-04:00,1.449155438259106,1.459711766526586,1.4420361384715377,1.44571852684021,372344000,0.0,0.0
2016-08-10 00:00:00-04:00,1.4584841277266378,1.4606935371281162,1.4317251526771537,1.4363895654678345,375740000,0.0,0.0
2016-08-11 00:00:00-04:00,1.4440002137142174,1.4717411018153685,1.4410542559039838,1.4656037092208862,681064000,0.0,0.0
2016-08-12 00:00:00-04:00,1.5196123593872588,1.555945520567376,1.488434564948252,1.5475987195968628,1425744000,0.0,0.0
2016-08-15 00:00:00-04:00,1.5493172039037497,1.5588915067694786,1.5252587082714828,1.5461257696151733,573304000,0.0,0.0
2016-08-16 00:00:00-04:00,1.5439167052655476,1.5463715922342245,1.5321329902816208,1.5367974042892456,287652000,0.0,0.0
2016-08-17 00:00:00-04:00,1.5367971689499345,1.5402340804163879,1.4891711282039006,1.5012003183364868,595212000,0.0,0.0
2016-08-18 00:00:00-04:00,1.4989904781343322,1.5269768327946591,1.4930985647064807,1.5245219469070435,331684000,0.0,0.0
2016-08-19 00:00:00-04:00,1.5237857184854084,1.5399883667460477,1.5171573730206933,1.5284501314163208,291560000,0.0,0.0
2016-08-22 00:00:00-04:00,1.53311473700966,1.5370427196318932,1.514948153932272,1.5348331928253174,244748000,0.0,0.0
2016-08-23 00:00:00-04:00,1.5504508052508081,1.5573372954103935,1.542826409844559,1.5472534894943237,339764000,0.002875,0.0
2016-08-24 00:00:00-04:00,1.552664186431023,1.5534019742976999,1.5162639543103371,1.523396372795105,298448000,0.0,0.0
2016-08-25 00:00:00-04:00,1.5238888387995202,1.524626626903502,1.4943752036585454,1.5133130550384521,406032000,0.0,0.0
2016-08-26 00:00:00-04:00,1.5172482621150276,1.5342185611104564,1.5051967849855328,1.5256104469299316,300024000,0.0,0.0
2016-08-29 00:00:00-04:00,1.5317587913513502,1.5379073758817952,1.522166844678569,1.5246262550354004,274652000,0.0,0.0
2016-08-30 00:00:00-04:00,1.5226589527505898,1.5307752076282588,1.5115913111398138,1.5157724618911743,285544000,0.0,0.0
2016-08-31 00:00:00-04:00,1.518723855944954,1.5229048894397166,1.5042129688345236,1.508639931678772,388544000,0.0,0.0
2016-09-01 00:00:00-04:00,1.5098695294599658,1.5588129829213202,1.508639765571187,1.5531562566757202,428492000,0.0,0.0
2016-09-02 00:00:00-04:00,1.5563535878782147,1.5580752104289086,1.5204453263617532,1.5379074811935425,323148000,0.0,0.0
2016-09-06 00:00:00-04:00,1.543318616883142,1.55241858959198,1.535448290974987,1.55241858959198,306812000,0.0,0.0
2016-09-07 00:00:00-04:00,1.547499558636523,1.5551239547316476,1.5206913835459477,1.5295454263687134,397988000,0.0,0.0
2016-09-08 00:00:00-04:00,1.528069838734756,1.5430727026174156,1.5106076812266744,1.5406131744384766,315808000,0.0,0.0
2016-09-09 00:00:00-04:00,1.5236423549951448,1.5322504661263436,1.4510879403844164,1.4638772010803223,697760000,0.0,0.0
2016-09-12 00:00:00-04:00,1.4444474684942201,1.4970800901457866,1.4097688580310936,1.494128704071045,598260000,0.0,0.0
2016-09-13 00:00:00-04:00,1.4904395518146254,1.5076558926501131,1.4641232406057147,1.4724854230880737,471768000,0.0,0.0
2016-09-14 00:00:00-04:00,1.4759287735504152,1.4904396586049224,1.4636314868811584,1.4855207204818726,319048000,0.0,0.0
2016-09-15 00:00:00-04:00,1.487980191842109,1.5435642022556584,1.4845368297372887,1.5418425798416138,515212000,0.0,0.0
2016-09-16 00:00:00-04:00,1.5472537301608955,1.5556159148377595,1.5278239032764804,1.5455321073532104,902444000,0.0,0.0
2016-09-19 00:00:00-04:00,1.5617645936029267,1.6050513270343745,1.5546321731219708,1.5659457445144653,417128000,0.0,0.0
2016-09-20 00:00:00-04:00,1.5838991649417902,1.5838991649417902,1.5430719780126896,1.551680088043213,331112000,0.0,0.0
2016-09-21 00:00:00-04:00,1.5563536446437436,1.5981646805885696,1.5561077153099232,1.5952132940292358,336212000,0.0,0.0
2016-09-22 00:00:00-04:00,1.6045596659485282,1.6094786055390855,1.5900487765648685,1.5991487503051758,308732000,0.0,0.0
2016-09-23 00:00:00-04:00,1.6011161834323868,1.6057890756678421,1.5902944710211275,1.5974268913269043,276132000,0.0,0.0
2016-09-26 00:00:00-04:00,1.5792266097188952,1.5888185567615505,1.5625022433619904,1.5824239253997803,230040000,0.0,0.0
2016-09-27 00:00:00-04:00,1.5762750527493141,1.6389915957147652,1.575537264876688,1.6365320682525635,402752000,0.0,0.0
2016-09-28 00:00:00-04:00,1.638991590818543,1.643664599161387,1.6215293211745947,1.64243483543396,319788000,0.0,0.0
2016-09-29 00:00:00-04:00,1.6397294815654673,1.6628485954400374,1.624480809129532,1.6576836109161377,336684000,0.0,0.0
2016-09-30 00:00:00-04:00,1.6667836733339967,1.7017082142777298,1.656945797601596,1.685229778289795,429932000,0.0,0.0
2016-10-03 00:00:00-04:00,1.685230255511595,1.7095790224358554,1.680557245623897,1.6835085153579712,242596000,0.0,0.0
2016-10-04 00:00:00-04:00,1.6859675703040025,1.7142514337844017,1.66727553600085,1.679818868637085,281624000,0.0,0.0
2016-10-05 00:00:00-04:00,1.6940843068979563,1.7113006530208767,1.6729328562607038,1.6780977249145508,305440000,0.0,0.0
2016-10-06 00:00:00-04:00,1.6579298994155909,1.6682596354171932,1.6296459141667892,1.6562082767486572,360212000,0.0,0.0
2016-10-07 00:00:00-04:00,1.6672756928874848,1.6717027725774505,1.6394836853967245,1.6441566944122314,286260000,0.0,0.0
2016-10-10 00:00:00-04:00,1.6527646814937924,1.6616188402003473,1.6348105520505765,1.6503052711486816,287876000,0.0,0.0
2016-10-11 00:00:00-04:00,1.6448943779084195,1.6473537881090068,1.613904941533255,1.6264482736587524,388540000,0.0,0.0
2016-10-12 00:00:00-04:00,1.6198077075319721,1.6424348442200887,1.6062806582880835,1.633826732635498,419920000,0.0,0.0
2016-10-13 00:00:00-04:00,1.6146435833055925,1.618332758927879,1.5666838311087528,1.6072651147842407,390116000,0.0,0.0
2016-10-14 00:00:00-04:00,1.6269406137728373,1.6380082561430078,1.613413560474162,1.6230055093765259,330636000,0.0,0.0
2016-10-17 00:00:00-04:00,1.6227592316664468,1.638007904524791,1.6114456623596962,1.613659143447876,195328000,0.0,0.0
2016-10-18 00:00:00-04:00,1.636040565064692,1.6476000651839493,1.6294000036616456,1.6382540464401245,269372000,0.0,0.0
2016-10-19 00:00:00-04:00,1.6271865265206602,1.6424352013975694,1.6188242251322662,1.6348108053207397,199060000,0.0,0.0
2016-10-20 00:00:00-04:00,1.6539945470039803,1.6712108895852649,1.6306296195434948,1.6657999753952026,312084000,0.0,0.0
2016-10-21 00:00:00-04:00,1.659897564804657,1.6640785984484785,1.6453866771768952,1.6611273288726807,279508000,0.0,0.0
2016-10-24 00:00:00-04:00,1.672440579161029,1.7410597825618044,1.672194532573263,1.739092230796814,339836000,0.0,0.0
2016-10-25 00:00:00-04:00,1.7361408144928183,1.7781977751472149,1.7277786316786412,1.7676219940185547,397460000,0.0,0.0
2016-10-26 00:00:00-04:00,1.7528652918671306,1.7941844672353036,1.751143669333185,1.7747546434402466,333792000,0.0,0.0
2016-10-27 00:00:00-04:00,1.7882817336374586,1.79172497878092,1.7312220248890058,1.7383544445037842,388664000,0.0,0.0
2016-10-28 00:00:00-04:00,1.7467166301859616,1.7732788722715245,1.7322057453082138,1.735403060913086,290856000,0.0,0.0
2016-10-31 00:00:00-04:00,1.7410597715462726,1.761719358139797,1.740075937031635,1.7501598596572876,252388000,0.0,0.0
2016-11-01 00:00:00-04:00,1.756554792418971,1.7661467407959193,1.6795732760516835,1.6982653141021729,473224000,0.0,0.0
2016-11-02 00:00:00-04:00,1.7113003947842047,1.7344193941899468,1.688181278101717,1.691132664680481,295848000,0.0,0.0
2016-11-03 00:00:00-04:00,1.6990032550139775,1.7004789485337164,1.6389921485593966,1.6714571714401245,309664000,0.0,0.0
2016-11-04 00:00:00-04:00,1.6603893026375807,1.6903949104183351,1.6375162321106786,1.661864995956421,328780000,0.0,0.0
2016-11-07 00:00:00-05:00,1.7105623049474763,1.7639328351122507,1.7093325411262137,1.752865195274353,487580000,0.0,0.0
2016-11-08 00:00:00-05:00,1.7595057598010457,1.7651626030259289,1.7339273524645327,1.7501598596572876,429884000,0.0,0.0
2016-11-09 00:00:00-05:00,1.7026923669205212,1.7437656200199965,1.6901491483838624,1.7206465005874634,456532000,0.0,0.0
2016-11-10 00:00:00-05:00,1.7582762021885188,1.7585221315104342,1.6419431889973246,1.6667838096618652,869280000,0.0,0.0
2016-11-11 00:00:00-05:00,1.9555256676176342,2.183272619994256,1.9306849316898718,2.1635968685150146,2175344000,0.0,0.0
2016-11-14 00:00:00-05:00,2.1665491208858136,2.1690086494424112,2.0566108214056897,2.057102680206299,1348796000,0.0,0.0
2016-11-15 00:00:00-05:00,2.0730878960145325,2.1508071689076567,2.064233739284662,2.1198179721832275,626092000,0.0,0.0
2016-11-16 00:00:00-05:00,2.1481024098495793,2.2764866616062305,2.123753648183303,2.2536137104034424,987984000,0.0,0.0
2016-11-17 00:00:00-05:00,2.2703380579212236,2.331332984876779,2.2295107422221694,2.272305727005005,832988000,0.0,0.0
2016-11-18 00:00:00-05:00,2.272306410533982,2.320019995995239,2.2577955210173286,2.296163320541382,576060000,0.0,0.0
2016-11-21 00:00:00-05:00,2.3141169858811286,2.3205116178358436,2.272551760898735,2.2868168354034424,436436000,0.0,0.0
2016-11-22 00:00:00-05:00,2.2946867847555903,2.3055083781693977,2.2720596461241973,2.3032948970794678,330368000,0.0,0.0
2016-11-23 00:00:00-05:00,2.3084677145096615,2.3461539381866126,2.2850679221655166,2.3146257400512695,443236000,0.0035,0.0
2016-11-25 00:00:00-05:00,2.3257098637202605,2.3424592697356044,2.3008318173145406,2.319305658340454,195564000,0.0,0.0
2016-11-28 00:00:00-05:00,2.3121623777914695,2.333591788476869,2.305511757624795,2.3180739879608154,278736000,0.0,0.0
2016-11-29 00:00:00-05:00,2.3153638603800215,2.326201888306266,2.279155667035027,2.2968902587890625,444568000,0.0,0.0
2016-11-30 00:00:00-05:00,2.305511805280603,2.319305640929081,2.2685645933154372,2.2710278034210205,440500000,0.0,0.0
2016-12-01 00:00:00-05:00,2.2685650361325846,2.2702892365621223,2.0880158814533702,2.158708333969116,1035524000,0.0,0.0
2016-12-02 00:00:00-05:00,2.1244702262510033,2.187280678520027,2.0966366080163685,2.178659677505493,478292000,0.0,0.0
2016-12-05 00:00:00-05:00,2.216591812062873,2.281126456676647,2.192206597203353,2.2631454467773438,602284000,0.0,0.0
2016-12-06 00:00:00-05:00,2.2712742356333866,2.3087142816997765,2.2555100180741,2.300339460372925,498796000,0.0,0.0
2016-12-07 00:00:00-05:00,2.2867918845450754,2.3473852992029913,2.2685644597038044,2.3417201042175293,480804000,0.0,0.0
2016-12-08 00:00:00-05:00,2.344676328522367,2.3798993446194774,2.2919648944253517,2.302556276321411,381544000,0.0,0.0
2016-12-09 00:00:00-05:00,2.3202905202191935,2.322014720081225,2.2343264722477785,2.261667490005493,382312000,0.0,0.0
2016-12-12 00:00:00-05:00,2.213143392143134,2.2156066020836382,2.15624455798341,2.2067391872406006,601332000,0.0,0.0
2016-12-13 00:00:00-05:00,2.219055193660024,2.273244642507379,2.2180700035606002,2.245657205581665,387796000,0.0,0.0
2016-12-14 00:00:00-05:00,2.279401735290061,2.3919680088092012,2.2555091209073836,2.37571120262146,983980000,0.0,0.0
2016-12-15 00:00:00-05:00,2.3867951211018066,2.4616751817554348,2.37940572797583,2.4313783645629883,746548000,0.0,0.0
2016-12-16 00:00:00-05:00,2.458966579497112,2.4803959929020114,2.407240336307974,2.473253011703491,1089528000,0.0,0.0
2016-12-19 00:00:00-05:00,2.4557639916890412,2.5235006158442306,2.438521758251387,2.503302812576294,744656000,0.0,0.0
2016-12-20 00:00:00-05:00,2.575966787104739,2.614145612611828,2.564636159042458,2.5904994010925293,848056000,0.0,0.0
2016-12-21 00:00:00-05:00,2.602075014104493,2.6097108226796064,2.554536197873993,2.606755018234253,576136000,0.0,0.0
2016-12-22 00:00:00-05:00,2.631140277350991,2.6816348989599375,2.6239970635673378,2.6382834911346436,718612000,0.0,0.0
2016-12-23 00:00:00-05:00,2.6203023383458834,2.7055276070023146,2.617592948672328,2.704049587249756,647692000,0.0,0.0
2016-12-27 00:00:00-05:00,2.7602100511581016,2.890757128369453,2.7395194158705993,2.8897719383239746,1194272000,0.0,0.0
2016-12-28 00:00:00-05:00,2.9459320852644906,2.9540604912868966,2.6772020914486827,2.690995693206787,2295764000,0.0,0.0
2016-12-29 00:00:00-05:00,2.5838484047435557,2.746170345731629,2.532122163046574,2.744692325592041,2175368000,0.0,0.0
2016-12-30 00:00:00-05:00,2.7427211753183585,2.7567611881796954,2.6183319091356143,2.6291697025299072,1212932000,0.0,0.0
2017-01-03 00:00:00-05:00,2.571532099065858,2.6200563460722694,2.447881831551361,2.512662887573242,1501996000,0.0,0.0
2017-01-04 00:00:00-05:00,2.5469016937476647,2.5986279456771424,2.5008406386964173,2.571286916732788,1199220000,0.0,0.0
2017-01-05 00:00:00-05:00,2.5747344952399613,2.6065091055188176,2.489016619618548,2.506012439727783,984296000,0.0,0.0
2017-01-06 00:00:00-05:00,2.533353417296892,2.5678376519533153,2.492711392657543,2.5395114421844482,822856000,0.0,0.0
2017-01-09 00:00:00-05:00,2.5493640410446603,2.660205904806465,2.5493640410446603,2.6424710750579834,916248000,0.0,0.0
2017-01-10 00:00:00-05:00,2.6555264295859655,2.6895178410275076,2.60182956952486,2.6225202083587646,880920000,0.0,0.0
2017-01-11 00:00:00-05:00,2.6109437563488354,2.615869942995343,2.5653752966189156,2.5902531147003174,525664000,0.0,0.0
2017-01-12 00:00:00-05:00,2.5673451637819418,2.5789219691667533,2.5030566967464556,2.5478861331939697,625616000,0.0,0.0
2017-01-13 00:00:00-05:00,2.551827021839229,2.5863112564914488,2.5385260169502115,2.547639846801758,457820000,0.0,0.0
2017-01-17 00:00:00-05:00,2.537048365095968,2.5419745503593694,2.4771937225011595,2.490494728088379,580612000,0.0,0.0
2017-01-18 00:00:00-05:00,2.4690654610849725,2.542713708596296,2.441231843245926,2.5358169078826904,654424000,0.0,0.0
2017-01-19 00:00:00-05:00,2.53877327797553,2.6222741500691,2.536556482239366,2.5902531147003174,644872000,0.0,0.0
2017-01-20 00:00:00-05:00,2.612913595889409,2.6306484279151077,2.5400043573072986,2.5619263648986816,492024000,0.0,0.0
2017-01-23 00:00:00-05:00,2.556752838778155,2.6084790611053412,2.5542896294043422,2.5885274410247803,369904000,0.0,0.0
2017-01-24 00:00:00-05:00,2.5986271297948322,2.649860770462901,2.5838481046387987,2.643702745437622,428052000,0.0,0.0
2017-01-25 00:00:00-05:00,2.6860689502213395,2.692226975198954,2.6190713297782584,2.6550333499908447,522760000,0.0,0.0
2017-01-26 00:00:00-05:00,2.6577428653130153,2.7082374979863886,2.6281850487411367,2.70084810256958,458800000,0.0,0.0
2017-01-27 00:00:00-05:00,2.7077445138853284,2.756022344487354,2.6811425062833947,2.7530665397644043,471996000,0.0,0.0
2017-01-30 00:00:00-05:00,2.7321303139089608,2.7343471092014933,2.6579894696762305,2.7099618911743164,496004000,0.0,0.0
2017-01-31 00:00:00-05:00,2.683606492313821,2.7107011027230383,2.665132648725372,2.6892716884613037,362756000,0.0,0.0
2017-02-01 00:00:00-05:00,2.7237556265393312,2.8109513016243337,2.7060210284243396,2.8067641258239746,590004000,0.0,0.0
2017-02-02 00:00:00-05:00,2.7907528864060027,2.850853938700657,2.7602098827183075,2.8422327041625977,483240000,0.0,0.0
2017-02-03 00:00:00-05:00,2.8437109871812107,2.8547951977083157,2.805532170312651,2.817355155944824,372744000,0.0,0.0
2017-02-06 00:00:00-05:00,2.8079949502810444,2.8900180085171963,2.8079949502810444,2.8895254135131836,506768000,0.0,0.0
2017-02-07 00:00:00-05:00,2.923763405146223,2.978445447193825,2.904058194396321,2.9343550205230713,746224000,0.0,0.0
2017-02-08 00:00:00-05:00,2.9163738592610717,2.9387884589877515,2.8666180050176506,2.921546459197998,449580000,0.0,0.0
2017-02-09 00:00:00-05:00,2.9277053777888584,2.93263179957344,2.847406722880769,2.866619110107422,842568000,0.0,0.0
2017-02-10 00:00:00-05:00,2.9540601299359235,2.973026330033305,2.773511019308627,2.798635244369507,1651092000,0.0,0.0
2017-02-13 00:00:00-05:00,2.7929705230992714,2.8075031368340877,2.665132805237472,2.6695666313171387,1180724000,0.0,0.0
2017-02-14 00:00:00-05:00,2.6599602438506142,2.7131645132728828,2.6180866024635745,2.6794192790985107,850632000,0.0,0.0
2017-02-15 00:00:00-05:00,2.6823743662257757,2.704542551398942,2.654294336139944,2.6848373413085938,373020000,0.0,0.0
2017-02-16 00:00:00-05:00,2.6944441249818953,2.6956757301395724,2.602568447380235,2.641732692718506,647176000,0.0,0.0
2017-02-17 00:00:00-05:00,2.6281850523395103,2.6456734682767955,2.5811388197898775,2.641239643096924,563740000,0.0,0.0
2017-02-21 00:00:00-05:00,2.6658709302424586,2.739765579686226,2.6656245153013587,2.7358245849609375,551952000,0.0,0.0
2017-02-22 00:00:00-05:00,2.747909800258752,2.7572816243531006,2.7126420969139935,2.7316324710845947,433772000,0.0035,0.0
2017-02-23 00:00:00-05:00,2.601907160830117,2.623856836474202,2.4583707281715945,2.4783473014831543,1592888000,0.0,0.0
2017-02-24 00:00:00-05:00,2.394000796277025,2.5155875370336997,2.3602129815579427,2.502269744873047,1029904000,0.0,0.0
2017-02-27 00:00:00-05:00,2.5205202745996447,2.5900687736645462,2.504736163027208,2.5750246047973633,715400000,0.0,0.0
2017-02-28 00:00:00-05:00,2.584642644060587,2.5945079185443087,2.4854990345502945,2.502762794494629,625360000,0.0,0.0
2017-03-01 00:00:00-05:00,2.55973337616364,2.574037835661334,2.4936376380742087,2.5350708961486816,504804000,0.0,0.0
2017-03-02 00:00:00-05:00,2.522247030486062,2.5363047679966186,2.438887274245301,2.4416000843048096,754332000,0.0,0.0
2017-03-03 00:00:00-05:00,2.430995200729457,2.435927603765589,2.3730378774472314,2.4275424480438232,864692000,0.0,0.0
2017-03-06 00:00:00-05:00,2.3912889160056894,2.4194043966046714,2.3471428274729553,2.408799409866333,883568000,0.0,0.0
2017-03-07 00:00:00-05:00,2.408798245502757,2.4546706886422704,2.395973671274412,2.4351871013641357,603400000,0.0,0.0
2017-03-08 00:00:00-05:00,2.483526421467783,2.4983241009050343,2.4285288695616982,2.430748462677002,638712000,0.0,0.0
2017-03-09 00:00:00-05:00,2.4147173142955722,2.4526975850833974,2.402139230810365,2.4302546977996826,478060000,0.0,0.0
2017-03-10 00:00:00-05:00,2.4566442045690673,2.468482112251192,2.426309139831588,2.444559335708618,499740000,0.0,0.0
2017-03-13 00:00:00-04:00,2.454917153411625,2.521752826729427,2.454177210884571,2.511887788772583,774136000,0.0,0.0
2017-03-14 00:00:00-04:00,2.524713307593988,2.53408489724343,2.4778541833410506,2.510162353515625,522016000,0.0,0.0
2017-03-15 00:00:00-04:00,2.5217536711960653,2.5400038681671386,2.4741546060335793,2.5291523933410645,615036000,0.0,0.0
2017-03-16 00:00:00-04:00,2.5397568926604914,2.5607201307380754,2.525699158627134,2.5602266788482666,523100000,0.0,0.0
2017-03-17 00:00:00-04:00,2.5777371790895947,2.6171975720183345,2.5602266929377597,2.615964412689209,1119688000,0.0,0.0
2017-03-20 00:00:00-04:00,2.633475343582517,2.703270574030616,2.6174445047976884,2.699324369430542,748568000,0.0,0.0
2017-03-21 00:00:00-04:00,2.6820602950951726,2.7119021409141495,2.6041264089043605,2.612018346786499,913484000,0.0,0.0
2017-03-22 00:00:00-04:00,2.600920039833912,2.6699755518506354,2.596974071056095,2.6652896404266357,616764000,0.0,0.0
2017-03-23 00:00:00-04:00,2.6573972828475774,2.6773740864974607,2.631501644043173,2.641119956970215,533940000,0.0,0.0
2017-03-24 00:00:00-04:00,2.687486027442905,2.6953779649669403,2.624596312394352,2.650491952896118,439500000,0.0,0.0
2017-03-27 00:00:00-04:00,2.603879739530226,2.6736749633963264,2.554554538692208,2.669728994369507,506644000,0.0,0.0
2017-03-28 00:00:00-04:00,2.670963010031911,2.685513966583868,2.6455605763772216,2.655918836593628,432444000,0.0,0.0
2017-03-29 00:00:00-04:00,2.6633165393286653,2.675647897564429,2.645066345524743,2.6472859382629395,349992000,0.0,0.0
2017-03-30 00:00:00-04:00,2.654438407812028,2.712888948108521,2.648766061977683,2.6980912685394287,525532000,0.0,0.0
2017-03-31 00:00:00-04:00,2.6884729363912427,2.7101761212230095,2.673428766124168,2.686499834060669,440808000,0.0,0.0
2017-04-03 00:00:00-04:00,2.6869932222082245,2.7042569851863427,2.64925919923999,2.6729354858398438,445232000,0.0,0.0
2017-04-04 00:00:00-04:00,2.550114991440288,2.575270922622034,2.474647433096127,2.4854989051818848,1271280000,0.0,0.0
2017-04-05 00:00:00-04:00,2.466755665845002,2.5247129839277007,2.4539310898199984,2.4670023918151855,747048000,0.0,0.0
2017-04-06 00:00:00-04:00,2.472181043590089,2.49709024812663,2.4270483102367666,2.4850056171417236,635120000,0.0,0.0
2017-04-07 00:00:00-04:00,2.49141850753168,2.5089289962465395,2.459357065884833,2.4744012355804443,429068000,0.0,0.0
2017-04-10 00:00:00-04:00,2.4751412951372656,2.481800074562135,2.4070724393210363,2.4112651348114014,756332000,0.0,0.0
2017-04-11 00:00:00-04:00,2.3811763860719704,2.4391337055497453,2.3762439833596125,2.4198968410491943,618148000,0.0,0.0
2017-04-12 00:00:00-04:00,2.4198967935606213,2.4342010198669835,2.394740858138009,2.3999199867248535,414092000,0.0,0.0
2017-04-13 00:00:00-04:00,2.3757508637322684,2.3974538128756824,2.355034112930298,2.355034112930298,506892000,0.0,0.0
2017-04-17 00:00:00-04:00,2.367858526007646,2.4475187914882435,2.362679397465667,2.447272300720215,497292000,0.0,0.0
2017-04-18 00:00:00-04:00,2.4329680518668093,2.4549179625967446,2.4070724068948204,2.4487521648406982,370116000,0.0,0.0
2017-04-19 00:00:00-04:00,2.4662633419203566,2.490432617301038,2.451712384439807,2.45837140083313,380828000,0.0,0.0
2017-04-20 00:00:00-04:00,2.4729213498255564,2.5020232529185367,2.451711384601372,2.4973373413085938,404016000,0.0,0.0
2017-04-21 00:00:00-04:00,2.4869796350999587,2.5104092005511554,2.475141724557127,2.5076963901519775,341896000,0.0,0.0
2017-04-24 00:00:00-04:00,2.539263452796372,2.552088027568126,2.5183004498206008,2.5390169620513916,371820000,0.0,0.0
2017-04-25 00:00:00-04:00,2.553568140502038,2.59771421350183,2.532111683721202,2.583163261413574,388440000,0.0,0.0
2017-04-26 00:00:00-04:00,2.5967278200465844,2.5991939037597125,2.5634332203076284,2.565406322479248,327004000,0.0,0.0
2017-04-27 00:00:00-04:00,2.5728048991000496,2.613744708845322,2.5548011954021836,2.6053595542907715,319700000,0.0,0.0
2017-04-28 00:00:00-04:00,2.5984540068483755,2.6053595111440346,2.566639059656247,2.5723116397857666,348248000,0.0,0.0
2017-05-01 00:00:00-04:00,2.5831629338310145,2.6352011735953464,2.576010704077371,2.630021810531616,307732000,0.0,0.0
2017-05-02 00:00:00-04:00,2.6031410464067957,2.6043742063084117,2.5293995895778654,2.552089214324951,629972000,0.0,0.0
2017-05-03 00:00:00-04:00,2.5451828980130906,2.58069709220683,2.53038545429969,2.5710787773132324,336904000,0.0,0.0
2017-05-04 00:00:00-04:00,2.5772443349595466,2.588342535324918,2.553321557958685,2.561213731765747,209788000,0.0,0.0
2017-05-05 00:00:00-04:00,2.549622111193647,2.568612248649659,2.5340844908012565,2.561460018157959,228428000,0.0,0.0
2017-05-08 00:00:00-04:00,2.5732987888376826,2.5747784393692026,2.523233633569854,2.534578561782837,365240000,0.0,0.0
2017-05-09 00:00:00-04:00,2.5402500840745406,2.587848904478003,2.5318646948465027,2.5387701988220215,847672000,0.0,0.0
2017-05-10 00:00:00-04:00,2.8186917938954514,3.0044014509423804,2.8120330140147356,2.991330146789551,2129096000,0.0,0.0
2017-05-11 00:00:00-04:00,2.9607493447638142,3.2167475210912047,2.95729659093443,3.1198232173919678,1939792000,0.0,0.0
2017-05-12 00:00:00-04:00,3.1230277961516784,3.196275765289483,3.1020645584064495,3.1541025638580322,962620000,0.0,0.0
2017-05-15 00:00:00-04:00,3.1952895015074647,3.314903137813007,3.1908500807416007,3.312436819076538,1087540000,0.0,0.0
2017-05-16 00:00:00-04:00,3.36348854966512,3.3896311531607988,3.2890076490229876,3.374093532562256,1120700000,0.0,0.0
2017-05-17 00:00:00-04:00,3.307257878099662,3.3260015252362867,3.145717754932532,3.1499104499816895,1271368000,0.0,0.0
2017-05-18 00:00:00-04:00,3.1938106205167287,3.2907349075692673,3.133387203678981,3.2818562984466553,1156032000,0.0,0.0
2017-05-19 00:00:00-04:00,3.3830789847597793,3.412458291629201,3.33839267758426,3.357649803161621,1018372000,0.0035,0.0
2017-05-22 00:00:00-04:00,3.4013483299681746,3.4435657167340294,3.3904851921445487,3.429246425628662,836608000,0.0,0.0
2017-05-23 00:00:00-04:00,3.4489974233298586,3.451219353966947,3.350489869678676,3.3830788135528564,681248000,0.0,0.0
2017-05-24 00:00:00-04:00,3.480105265170902,3.482821167726558,3.4090020651030732,3.4210996627807617,815996000,0.0,0.0
2017-05-25 00:00:00-04:00,3.456402854483897,3.457143576280492,3.3685114807978658,3.413444757461548,608228000,0.0,0.0
2017-05-26 00:00:00-04:00,3.4052986788023567,3.586759805435757,3.3850540812708565,3.5018310546875,779140000,0.0,0.0
2017-05-30 00:00:00-04:00,3.547751465569246,3.6116948903677626,3.531703980642125,3.5766372680664062,989652000,0.0,0.0
2017-05-31 00:00:00-04:00,3.6215702762354143,3.6292237753438146,3.5070152463116435,3.5637991428375244,887316000,0.0,0.0
2017-06-01 00:00:00-04:00,3.579600612531894,3.5805883205693894,3.518619824380495,3.564046859741211,503340000,0.0,0.0
2017-06-02 00:00:00-04:00,3.561083158329419,3.587253057815765,3.5403448273794567,3.5462701320648193,487456000,0.0,0.0
2017-06-05 00:00:00-04:00,3.529976521690104,3.6669981075312124,3.5183728952920115,3.6541600227355957,817376000,0.0,0.0
2017-06-06 00:00:00-04:00,3.649468678494987,3.695636427396056,3.624286484047888,3.63761830329895,758728000,0.0,0.0
2017-06-07 00:00:00-04:00,3.6620602165919194,3.7003274820600796,3.6465064658346593,3.6815640926361084,612612000,0.0,0.0
2017-06-08 00:00:00-04:00,3.7887112605707034,3.950174722026364,3.7474813571157153,3.9486935138702393,1161744000,0.0,0.0
2017-06-09 00:00:00-04:00,4.0672003245025214,4.160029327867165,3.5242976690780807,3.6934146881103516,3692928000,0.0,0.0
2017-06-12 00:00:00-04:00,3.6015725204050955,3.7452600969930674,3.5084965476590186,3.7025487422943115,1697532000,0.0,0.0
2017-06-13 00:00:00-04:00,3.8119193700095857,3.821054313120356,3.5958941407734337,3.737853765487671,1672504000,0.0,0.0
2017-06-14 00:00:00-04:00,3.7408168826565102,3.803525856843166,3.6662572972586758,3.7457544803619385,1184640000,0.0,0.0
2017-06-15 00:00:00-04:00,3.628236546600474,3.7921687353029223,3.616879672353342,3.7618019580841064,963824000,0.0,0.0
2017-06-16 00:00:00-04:00,3.771430500359427,3.819326444109943,3.7092152648288113,3.7432854175567627,924960000,0.0,0.0
2017-06-19 00:00:00-04:00,3.7874779448877622,3.8891951366430537,3.7837748056563316,3.8840105533599854,778176000,0.0,0.0
2017-06-20 00:00:00-04:00,3.926228083009158,3.9931341673458123,3.8741352624780547,3.8783321380615234,1095444000,0.0,0.0
2017-06-21 00:00:00-04:00,3.90598313725354,3.9407940097832412,3.844014656075381,3.9370906352996826,682652000,0.0,0.0
2017-06-22 00:00:00-04:00,3.945237456790925,3.958569509353142,3.885984883964874,3.909932851791382,469132000,0.0,0.0
2017-06-23 00:00:00-04:00,3.9175861533740552,3.9333868857564296,3.782786309750188,3.797846555709839,1088588000,0.0,0.0
2017-06-26 00:00:00-04:00,3.8306838716421328,3.866235475755336,3.662060796845076,3.756371259689331,1063960000,0.0,0.0
2017-06-27 00:00:00-04:00,3.738841364732532,3.7474823365234884,3.6131764418680032,3.6188547611236572,999492000,0.0,0.0
2017-06-28 00:00:00-04:00,3.686501000551154,3.751185139391521,3.598362630817634,3.7464942932128906,994948000,0.0,0.0
2017-06-29 00:00:00-04:00,3.718102938008789,3.721065355020035,3.557133174623591,3.621323585510254,1064424000,0.0,0.0
2017-06-30 00:00:00-04:00,3.638605780689178,3.6521845857842954,3.542814129341325,3.568984031677246,731060000,0.0,0.0
2017-07-03 00:00:00-04:00,3.5810816520793343,3.5958946810297383,3.4213463242064663,3.4398627281188965,709072000,0.0,0.0
2017-07-05 00:00:00-04:00,3.503312119400299,3.560589756132536,3.484301980913183,3.5317041873931885,820188000,0.0,0.0
2017-07-06 00:00:00-04:00,3.50257130694383,3.5892282405479237,3.450478258282219,3.5423197746276855,746284000,0.0,0.0
2017-07-07 00:00:00-04:00,3.5991034501994306,3.641567817285978,3.576142954790122,3.623298168182373,654972000,0.0,0.0
2017-07-10 00:00:00-04:00,3.6968715463620474,3.802044910561831,3.6707016393846787,3.7946383953094482,958492000,0.0,0.0
2017-07-11 00:00:00-04:00,3.798341130873698,3.8561125051886664,3.7563704924315373,3.848459005355835,757956000,0.0,0.0
2017-07-12 00:00:00-04:00,3.9082056681992845,4.024241927792125,3.8652475535649624,4.012144565582275,1145208000,0.0,0.0
2017-07-13 00:00:00-04:00,4.02424230015679,4.105714675260159,3.9193159205637906,3.9657304286956787,1369132000,0.0,0.0
2017-07-14 00:00:00-04:00,3.982022879480864,4.073864376465109,3.975110103949658,4.072383403778076,941948000,0.0,0.0
2017-07-17 00:00:00-04:00,4.106454681365219,4.135340486423277,3.993380848530274,4.055102348327637,930792000,0.0,0.0
2017-07-18 00:00:00-04:00,3.994121910132964,4.111886835598346,3.982271298286392,4.097320556640625,776640000,0.0,0.0
2017-07-19 00:00:00-04:00,4.106455691040599,4.1328725860943,4.063991541140288,4.076088905334473,687044000,0.0,0.0
2017-07-20 00:00:00-04:00,4.096579216172345,4.135586964140026,4.04670833050211,4.135340213775635,699596000,0.0,0.0
2017-07-21 00:00:00-04:00,4.114849970213721,4.179781125386191,4.100530439162147,4.1501545906066895,648332000,0.0,0.0
2017-07-24 00:00:00-04:00,4.157313902555908,4.166942348176772,4.091395285632316,4.102011203765869,652524000,0.0,0.0
2017-07-25 00:00:00-04:00,4.079049540236222,4.096578702761599,4.038560353361288,4.082259178161621,496556000,0.0,0.0
2017-07-26 00:00:00-04:00,4.139783723607063,4.195333159229018,4.094603453181525,4.1294145584106445,640404000,0.0,0.0
2017-07-27 00:00:00-04:00,4.1543507940524975,4.165954654981768,3.889935853704847,3.9931342601776123,782856000,0.0,0.0
2017-07-28 00:00:00-04:00,3.9573352488681586,4.0830004061228315,3.9324000415163414,4.058558464050293,513348000,0.0,0.0
2017-07-31 00:00:00-04:00,4.072137875829814,4.108183212058507,3.9654833113442844,4.012144565582275,559672000,0.0,0.0
2017-08-01 00:00:00-04:00,4.002761947802803,4.0627552442213535,3.974864090210139,4.0610270500183105,431384000,0.0,0.0
2017-08-02 00:00:00-04:00,4.092135349466732,4.096085238882096,3.981530440576647,4.058558464050293,478444000,0.0,0.0
2017-08-03 00:00:00-04:00,4.05806491565502,4.113861105621585,4.04102972278285,4.1101579666137695,442420000,0.0,0.0
2017-08-04 00:00:00-04:00,4.132870637670892,4.198789233558557,4.110157364434148,4.128180027008057,589096000,0.0,0.0
2017-08-07 00:00:00-04:00,4.157313858729348,4.255574200722938,4.147684942312275,4.255080699920654,717412000,0.0,0.0
2017-08-08 00:00:00-04:00,4.293101102936565,4.309642327338656,4.165214227759518,4.204469203948975,755336000,0.0,0.0
2017-08-09 00:00:00-04:00,4.158301922533089,4.251624915285609,4.1395385296285365,4.2491559982299805,530784000,0.0,0.0
2017-08-10 00:00:00-04:00,4.250388271048021,4.262732850661939,4.057076816179948,4.067199230194092,1328088000,0.0,0.0
2017-08-11 00:00:00-04:00,3.879566140548919,3.925486899777949,3.7751335259220133,3.850433588027954,1497196000,0.0,0.0
2017-08-14 00:00:00-04:00,3.942029283167676,4.16126396514846,3.930425656591445,4.1575608253479,1279020000,0.0,0.0
2017-08-15 00:00:00-04:00,4.162745251951536,4.188914921774902,4.0881856616488275,4.12250280380249,764532000,0.0,0.0
2017-08-16 00:00:00-04:00,4.137561563308384,4.161015557533838,4.044979337985076,4.0773210525512695,596632000,0.0,0.0
2017-08-17 00:00:00-04:00,4.0689278943444,4.085962615653815,3.9842459049098853,3.9864675998687744,525444000,0.0,0.0
2017-08-18 00:00:00-04:00,4.040784067932639,4.057819265423279,3.941288785839505,3.9872095584869385,601204000,0.0,0.0
2017-08-21 00:00:00-04:00,4.011650460353165,4.023007098751656,3.8852448167483136,3.9291903972625732,623672000,0.0,0.0
2017-08-22 00:00:00-04:00,3.96576184335469,4.022595504064445,3.9464877639599423,4.016664981842041,450456000,0.0035,0.0
2017-08-23 00:00:00-04:00,3.9833056437236203,4.108092610375723,3.97465659409458,4.096972942352295,579520000,0.0,0.0
2017-08-24 00:00:00-04:00,4.12909685705876,4.133545102062433,4.05546044525129,4.081900119781494,469700000,0.0,0.0
2017-08-25 00:00:00-04:00,4.106117920306765,4.116249251627906,4.041376563980145,4.047801494598389,357200000,0.0,0.0
2017-08-28 00:00:00-04:00,4.066826778511638,4.079676163387952,4.0112284332475685,4.07646369934082,389496000,0.0,0.0
2017-08-29 00:00:00-04:00,4.017653351644235,4.091537196676647,4.009498707746155,4.069791793823242,324096000,0.0,0.0
2017-08-30 00:00:00-04:00,4.089561153544809,4.105129071462516,4.0591676346456165,4.0940093994140625,384400000,0.0,0.0
2017-08-31 00:00:00-04:00,4.114270204467709,4.1908721020862645,4.106857406470153,4.18691873550415,612684000,0.0,0.0
2017-09-01 00:00:00-04:00,4.199521448003297,4.247706523633182,4.190872397542756,4.212123394012451,445432000,0.0,0.0
2017-09-05 00:00:00-04:00,4.160725367565706,4.165667546875775,4.041621956853304,4.099690914154053,695364000,0.0,0.0
2017-09-06 00:00:00-04:00,4.132555141017713,4.146392863218888,4.062377717301418,4.097218990325928,397672000,0.0,0.0
2017-09-07 00:00:00-04:00,4.114023055035759,4.148617367661026,4.075969311147965,4.116247177124023,352868000,0.0,0.0
2017-09-08 00:00:00-04:00,4.1046342517521675,4.119460322553987,4.020619065021366,4.044835090637207,498856000,0.0,0.0
2017-09-11 00:00:00-04:00,4.090550322050679,4.1866735396098065,4.085113733731379,4.1760478019714355,567444000,0.0,0.0
2017-09-12 00:00:00-04:00,4.200757069284288,4.200757069284288,4.125884876534656,4.191120147705078,411488000,0.0,0.0
2017-09-13 00:00:00-04:00,4.1659151595104325,4.238810666028746,4.133544964035152,4.20989990234375,580960000,0.0,0.0
2017-09-14 00:00:00-04:00,4.170857696623088,4.264015866637522,4.1463947043868945,4.185931205749512,513712000,0.0,0.0
2017-09-15 00:00:00-04:00,4.271428653202483,4.450578689575195,4.266239505088485,4.450578689575195,1364792000,0.0,0.0
2017-09-18 00:00:00-04:00,4.574870597723577,4.724615423799645,4.567951735311205,4.634422302246094,1684460000,0.0,0.0
2017-09-19 00:00:00-04:00,4.58401429639944,4.691257151812325,4.562021925269508,4.629481315612793,874280000,0.0,0.0
2017-09-20 00:00:00-04:00,4.63318805673767,4.6806317629302345,4.551890933416672,4.592168807983398,724920000,0.0,0.0
2017-09-21 00:00:00-04:00,4.488383968895291,4.514577139620046,4.388801374993499,4.466639041900635,1075600000,0.0,0.0
2017-09-22 00:00:00-04:00,4.455273283088781,4.504941106025315,4.413265697443126,4.423149585723877,491232000,0.0,0.0
2017-09-25 00:00:00-04:00,4.392262266555475,4.3934980473288325,4.204711089490155,4.225467681884766,874580000,0.0,0.0
2017-09-26 00:00:00-04:00,4.360139115201983,4.415243061623805,4.209405907353259,4.249189376831055,1125620000,0.0,0.0
2017-09-27 00:00:00-04:00,4.339628134341886,4.35568998048311,4.268709326550694,4.34234619140625,713720000,0.0,0.0
2017-09-28 00:00:00-04:00,4.349513755778791,4.35346759482977,4.2936684303155035,4.3411126136779785,435244000,0.0,0.0
2017-09-29 00:00:00-04:00,4.425125445009344,4.44118681767775,4.379905408602566,4.4174652099609375,619092000,0.0,0.0
2017-10-02 00:00:00-04:00,4.4676282612677705,4.496786462229904,4.373729201695711,4.423149585723877,503480000,0.0,0.0
2017-10-03 00:00:00-04:00,4.4293274415840935,4.4621925157710844,4.388061226622081,4.432292938232422,390332000,0.0,0.0
2017-10-04 00:00:00-04:00,4.4384695771422695,4.491596825890566,4.401898110466518,4.469357490539551,427848000,0.0,0.0
2017-10-05 00:00:00-04:00,4.493821547858781,4.497280979539109,4.436987421423404,4.4668869972229,437364000,0.0,0.0
2017-10-06 00:00:00-04:00,4.439212941403026,4.493328556002344,4.423151087267994,4.479984760284424,318800000,0.0,0.0
2017-10-09 00:00:00-04:00,4.51680109662735,4.614160046581783,4.498021192866473,4.581048011779785,563492000,0.0,0.0
2017-10-10 00:00:00-04:00,4.730299146558308,4.767858959777782,4.627257099118826,4.66852331161499,974876000,0.0,0.0
2017-10-11 00:00:00-04:00,4.6850791069473035,4.719673895089654,4.639118153346159,4.718191146850586,529508000,0.0,0.0
2017-10-12 00:00:00-04:00,4.721649470716706,4.771317283262212,4.693232649800362,4.720414161682129,528292000,0.0,0.0
2017-10-13 00:00:00-04:00,4.782684222346736,4.818514313691664,4.735734935045249,4.808382987976074,628728000,0.0,0.0
2017-10-16 00:00:00-04:00,4.838284912042372,4.893883275429021,4.775026308753014,4.890917778015137,576640000,0.0,0.0
2017-10-17 00:00:00-04:00,4.870161019705519,4.914886676610567,4.851875514405559,4.886469841003418,478596000,0.0,0.0
2017-10-18 00:00:00-04:00,4.895364298569049,4.896105201348992,4.7770017802877485,4.882267475128174,567316000,0.0,0.0
2017-10-19 00:00:00-04:00,4.804677069748121,4.89264560382851,4.755503655551142,4.887703895568848,570772000,0.0,0.0
2017-10-20 00:00:00-04:00,4.904755176126276,4.931936227192882,4.856569621551246,4.8654656410217285,451620000,0.0,0.0
2017-10-23 00:00:00-04:00,4.887210053484048,4.913650198803454,4.838283601221757,4.858546257019043,428696000,0.0,0.0
2017-10-24 00:00:00-04:00,4.8676875364446035,4.911177862299759,4.841741804249249,4.909448146820068,407244000,0.0,0.0
2017-10-25 00:00:00-04:00,4.869912349063395,4.922792633781748,4.7238743827795,4.785402774810791,828160000,0.0,0.0
2017-10-26 00:00:00-04:00,4.813079734584306,4.847179649947003,4.789110676856214,4.83556604385376,322744000,0.0,0.0
2017-10-27 00:00:00-04:00,4.887704997514989,4.988275970783927,4.8617587845692425,4.9880290031433105,572192000,0.0,0.0
2017-10-30 00:00:00-04:00,4.988027955556486,5.0925522743722285,4.97221307494495,5.036954402923584,504056000,0.0,0.0
2017-10-31 00:00:00-04:00,5.0688302814769175,5.137030564535943,5.063146728175267,5.1103434562683105,411908000,0.0,0.0
2017-11-01 00:00:00-04:00,5.173107583778175,5.188428056632854,5.055733419060567,5.119980335235596,502576000,0.0,0.0
2017-11-02 00:00:00-04:00,5.090329431894561,5.1350550807953,5.032259990087085,5.088846683502197,342308000,0.0,0.0
2017-11-03 00:00:00-04:00,5.119981351830482,5.156799793243408,5.074020395452849,5.156799793243408,353640000,0.0,0.0
2017-11-06 00:00:00-05:00,5.119980890590744,5.188675587007514,5.107625912464412,5.180027008056641,389944000,0.0,0.0
2017-11-07 00:00:00-05:00,5.202761670291906,5.260831114619188,5.190653657624158,5.239332675933838,427700000,0.0,0.0
2017-11-08 00:00:00-05:00,5.234884699185342,5.2385915701835755,5.120970408938795,5.168414115905762,522988000,0.0,0.0
2017-11-09 00:00:00-05:00,5.072290596230377,5.098483302607678,4.951210010686142,5.073525905609131,978564000,0.0,0.0
2017-11-10 00:00:00-05:00,5.265277803895005,5.403408566741535,5.229447708551055,5.340891361236572,1253256000,0.0,0.0
2017-11-13 00:00:00-05:00,5.340891728675032,5.3663430600236115,5.238838021739248,5.2541584968566895,582376000,0.0,0.0
2017-11-14 00:00:00-05:00,5.263299861790402,5.307778529174835,5.219562568370657,5.2924580574035645,529292000,0.0,0.0
2017-11-15 00:00:00-05:00,5.2373534389740755,5.238589219189645,5.13480583274852,5.188673973083496,501948000,0.0,0.0
2017-11-16 00:00:00-05:00,5.262806773913227,5.292953315895029,5.220057815127156,5.2289533615112305,441768000,0.0,0.0
2017-11-17 00:00:00-05:00,5.286034517196386,5.3213702068843345,5.207702900608452,5.222775936126709,515664000,0.0,0.0
2017-11-20 00:00:00-05:00,5.238345427791425,5.302098440305668,5.201526975511119,5.289990425109863,396100000,0.0,0.0
2017-11-21 00:00:00-05:00,5.329773750362151,5.350283379560702,5.2978974806777686,5.338669300079346,399176000,0.0,0.0
2017-11-22 00:00:00-05:00,5.365868117031924,5.365868117031924,5.282041711776382,5.3146820068359375,356640000,0.00375,0.0
2017-11-24 00:00:00-05:00,5.331003139258876,5.3658691083665095,5.306522677621654,5.364879608154297,180752000,0.0,0.0
2017-11-27 00:00:00-05:00,5.373533936052745,5.37477010368968,5.291932722824228,5.29514741897583,422896000,0.0,0.0
2017-11-28 00:00:00-05:00,5.300341561686602,5.309738041765907,5.14925646262498,5.210333347320557,512752000,0.0,0.0
2017-11-29 00:00:00-05:00,5.193022602347227,5.195742548354368,4.728640046784727,4.85697603225708,1396788000,0.0,0.0
2017-11-30 00:00:00-05:00,4.925718267605678,5.011769866303854,4.862663346942954,4.963056564331055,823768000,0.0,0.0
2017-12-01 00:00:00-05:00,4.9284379466012895,4.948714677636734,4.759301843446893,4.888132095336914,811548000,0.0,0.0
2017-12-04 00:00:00-05:00,4.946737355142259,4.952919608938266,4.5622250340018695,4.615636348724365,1240844000,0.0,0.0
2017-12-05 00:00:00-05:00,4.510295718576281,4.76498912567072,4.465291867021699,4.642340660095215,981488000,0.0,0.0
2017-12-06 00:00:00-05:00,4.591898151830174,4.701688347521439,4.570632385568217,4.679928302764893,467032000,0.0,0.0
2017-12-07 00:00:00-05:00,4.746691296339431,4.787244763750005,4.701192686741941,4.747433185577393,542600000,0.0,0.0
2017-12-08 00:00:00-05:00,4.79738182352612,4.816422386278795,4.726661350351995,4.7350687980651855,466876000,0.0,0.0
2017-12-11 00:00:00-05:00,4.749164958928829,4.8164240928258755,4.733339557799982,4.8134565353393555,372748000,0.0,0.0
2017-12-12 00:00:00-05:00,4.769935497315712,4.793179315896136,4.695505567035592,4.718996524810791,455016000,0.0,0.0
2017-12-13 00:00:00-05:00,4.76004474324555,4.7612809109820535,4.596348496844155,4.603766918182373,554280000,0.0,0.0
2017-12-14 00:00:00-05:00,4.597335966168282,4.681904242839488,4.564695677973691,4.610936164855957,438164000,0.0,0.0
2017-12-15 00:00:00-05:00,4.654953724788259,4.757078362643522,4.5899202558411485,4.736801624298096,670036000,0.0,0.0
2017-12-18 00:00:00-05:00,4.777352782090819,4.896539415318711,4.747680047093769,4.8935723304748535,477704000,0.0,0.0
2017-12-19 00:00:00-05:00,4.884178281620828,4.8893710364079235,4.820875723763036,4.8493123054504395,373100000,0.0,0.0
2017-12-20 00:00:00-05:00,4.888626896341545,4.897775762007981,4.810735138754292,4.866372108459473,288820000,0.0,0.0
2017-12-21 00:00:00-05:00,4.86983440424061,4.894809140269117,4.835463190847347,4.843870639801025,300904000,0.0,0.0
2017-12-22 00:00:00-05:00,4.807027895521743,4.83793728186088,4.729136109887972,4.828540802001953,466276000,0.0,0.0
2017-12-26 00:00:00-05:00,4.773149577072649,4.889863416465917,4.74322922802281,4.882197856903076,355080000,0.0,0.0
2017-12-27 00:00:00-05:00,4.868845123674973,4.9447583562400705,4.854255894177867,4.875521183013916,329488000,0.0,0.0
2017-12-28 00:00:00-05:00,4.899260919194776,4.930170303103768,4.875028067857435,4.881209850311279,240248000,0.0,0.0
2017-12-29 00:00:00-05:00,4.907419427556818,4.907419427556818,4.784770965576172,4.784770965576172,279964000,0.0,0.0
2018-01-02 00:00:00-05:00,4.841149414074733,4.933136115546453,4.809498623644433,4.929426670074463,355616000,0.0,0.0
2018-01-03 00:00:00-05:00,5.0468845730164515,5.284268905790843,5.038229982556741,5.253853797912598,914704000,0.0,0.0
2018-01-04 00:00:00-05:00,5.335206950998166,5.391832964537967,5.259293229243358,5.281548023223877,583268000,0.0,0.0
2018-01-05 00:00:00-05:00,5.296383136738964,5.363641775182718,5.2194804115183695,5.326303482055664,580124000,0.0,0.0
2018-01-08 00:00:00-05:00,5.449940854578274,5.563687120431192,5.404936532211036,5.489504814147949,881216000,0.0,0.0
2018-01-09 00:00:00-05:00,5.494943611201438,5.5345075628934906,5.406419233917508,5.488019943237305,497000000,0.0,0.0
2018-01-10 00:00:00-05:00,5.395540557851076,5.53450917920083,5.341140226297217,5.531047344207764,582664000,0.0,0.0
2018-01-11 00:00:00-05:00,5.563688400804682,5.595092530864461,5.519425957343691,5.5409393310546875,406032000,0.0,0.0
2018-01-12 00:00:00-05:00,5.52907022994735,5.563441446562578,5.473186110545603,5.513739109039307,359916000,0.0,0.0
2018-01-16 00:00:00-05:00,5.540196118972857,5.625752956774508,5.358201717868411,5.442769527435303,702348000,0.0,0.0
2018-01-17 00:00:00-05:00,5.457359933195069,5.566655358783492,5.3633956276540165,5.556764602661133,538408000,0.0,0.0
2018-01-18 00:00:00-05:00,5.537476416657203,5.604240783338405,5.506319900861838,5.549840450286865,408632000,0.0,0.0
2018-01-19 00:00:00-05:00,5.640096358802559,5.714278681721442,5.6131435644798255,5.6900458335876465,609380000,0.0,0.0
2018-01-22 00:00:00-05:00,5.697958930975417,5.780301569852812,5.64034389201155,5.778570652008057,550944000,0.0,0.0
2018-01-23 00:00:00-05:00,5.831981984779269,5.930397634663795,5.813436638514121,5.90764856338501,475228000,0.0,0.0
2018-01-24 00:00:00-05:00,5.910861699798519,5.946716689604456,5.775107771517207,5.830744743347168,579972000,0.0,0.0
2018-01-25 00:00:00-05:00,5.885146185723347,5.928419603812923,5.82950967504206,5.844346046447754,409884000,0.0,0.0
2018-01-26 00:00:00-05:00,5.8881131845141965,6.017190593944492,5.875254871411579,6.016943454742432,516356000,0.0,0.0
2018-01-29 00:00:00-05:00,6.0023540170610215,6.135140868143911,5.949684598815924,6.1039838790893555,455116000,0.0,0.0
2018-01-30 00:00:00-05:00,5.962047135669406,6.09335018572079,5.895282777004716,6.001858234405518,570832000,0.0,0.0
2018-01-31 00:00:00-05:00,6.0772786833861305,6.16382504325658,6.044638385070621,6.0780205726623535,478576000,0.0,0.0
2018-02-01 00:00:00-05:00,5.8980028736283385,6.105219624274492,5.886628341075241,5.946963310241699,519224000,0.0,0.0
2018-02-02 00:00:00-05:00,5.8604194239309475,5.884405136218074,5.716258010967228,5.774367332458496,718464000,0.0,0.0
2018-02-05 00:00:00-05:00,5.613143185799309,5.767195324468156,5.069137948962137,5.284267425537109,1165204000,0.0,0.0
2018-02-06 00:00:00-05:00,5.054302467187162,5.5809981487959375,5.044411238187303,5.578031063079834,1114800000,0.0,0.0
2018-02-07 00:00:00-05:00,5.67693960441476,5.810220722556652,5.605724376633851,5.657651901245117,802932000,0.0,0.0
2018-02-08 00:00:00-05:00,5.783268339439121,5.816402913200287,5.378478871561731,5.378726482391357,1144000000,0.0,0.0
2018-02-09 00:00:00-05:00,5.891327390847144,5.907152787977731,5.3787262986977655,5.738758563995361,1674604000,0.0,0.0
2018-02-12 00:00:00-05:00,5.819864814623047,5.822832371494925,5.564429951513819,5.638612270355225,1093172000,0.0,0.0
2018-02-13 00:00:00-05:00,5.602262425041668,5.798598929426985,5.569869271807244,5.752358436584473,625524000,0.0,0.0
2018-02-14 00:00:00-05:00,5.712053614015025,5.99864548827701,5.7009262181630325,5.969714164733887,744988000,0.0,0.0
2018-02-15 00:00:00-05:00,6.053046792859063,6.141571223719423,5.972187923546818,6.095330715179443,698900000,0.0,0.0
2018-02-16 00:00:00-05:00,6.068128344924218,6.181874611386724,6.020404076722237,6.029553413391113,637656000,0.0,0.0
2018-02-20 00:00:00-05:00,6.052055123991062,6.228114880260355,6.048345678641008,6.159125328063965,686240000,0.0,0.0
2018-02-21 00:00:00-05:00,6.22366644903229,6.230590120871318,5.968231065428835,5.971940040588379,892292000,0.0,0.0
2018-02-22 00:00:00-05:00,6.005836121027781,6.077590187971404,5.925916674117579,5.991485118865967,534364000,0.00375,0.0
2018-02-23 00:00:00-05:00,6.051364592317765,6.085014820098877,6.000641721867909,6.085014820098877,415300000,0.0,0.0
2018-02-26 00:00:00-05:00,6.131283823289016,6.135737453392887,6.038745346518081,6.101097583770752,469312000,0.0,0.0
2018-02-27 00:00:00-05:00,6.074374191635103,6.158747749264078,6.065219639631351,6.088230609893799,455436000,0.0,0.0
2018-02-28 00:00:00-05:00,6.09911796871672,6.138706526909213,5.976145956738843,5.9877753257751465,523116000,0.0,0.0
2018-03-01 00:00:00-05:00,5.9855477202076,6.0394872791261225,5.644343612231053,5.745542049407959,1040120000,0.0,0.0
2018-03-02 00:00:00-05:00,5.637910639312107,5.859112164135894,5.4892060201469,5.8526787757873535,913428000,0.0,0.0
2018-03-05 00:00:00-05:00,5.802451005425943,5.870246516701631,5.6789839373813535,5.830657958984375,620776000,0.0,0.0
2018-03-06 00:00:00-05:00,5.916019955262163,6.011032765013514,5.872967415948625,5.991733074188232,636808000,0.0,0.0
2018-03-07 00:00:00-05:00,5.888802387630274,6.036022754077321,5.887565451882281,5.9838151931762695,581208000,0.0,0.0
2018-03-08 00:00:00-05:00,6.011281280003449,6.011281280003449,5.923196425476658,5.967486381530762,411912000,0.0,0.0
2018-03-09 00:00:00-05:00,6.014991056682838,6.08303384904769,5.9989085323331794,6.0701680183410645,505524000,0.0,0.0
2018-03-12 00:00:00-04:00,6.111488963129783,6.259945802774405,6.103323582105625,6.179779052734375,605060000,0.0,0.0
2018-03-13 00:00:00-04:00,6.222584084642584,6.297060266597797,6.0877354314857275,6.129055976867676,619772000,0.0,0.0
2018-03-14 00:00:00-04:00,6.172109674769477,6.199326986442657,6.092190205264434,6.154542446136475,505496000,0.0,0.0
2018-03-15 00:00:00-04:00,6.168150881411378,6.250544220001515,6.127324915361469,6.1693878173828125,401952000,0.0,0.0
2018-03-16 00:00:00-04:00,6.185716553285219,6.216645136051645,6.148107290928316,6.1975932121276855,399456000,0.0,0.0
2018-03-19 00:00:00-04:00,6.140686168511116,6.169635000282222,5.86406085203501,5.963032245635986,713772000,0.0,0.0
2018-03-20 00:00:00-04:00,5.965999630965484,6.214170637045961,5.965999630965484,6.175324440002441,554696000,0.0,0.0
2018-03-21 00:00:00-04:00,6.168893429934895,6.235204720368144,6.119655255678457,6.150089263916016,438688000,0.0,0.0
2018-03-22 00:00:00-04:00,6.086746288462936,6.133262817434952,5.946701644033227,5.984063148498535,551196000,0.0,0.0
2018-03-23 00:00:00-04:00,5.997671090179302,6.000145433587969,5.753211813369072,5.764346122741699,735620000,0.0,0.0
2018-03-26 00:00:00-04:00,5.888804525891827,6.050375482187122,5.836844710819646,6.04913854598999,611424000,0.0,0.0
2018-03-27 00:00:00-04:00,6.1300451945714425,6.18571673961452,5.439719451835484,5.580011367797852,1409000000,0.0,0.0
2018-03-28 00:00:00-04:00,5.545619445150067,5.675766710240061,5.369202945488581,5.476834297180176,945904000,0.0,0.0
2018-03-29 00:00:00-04:00,5.5451243087033655,5.826945577141952,5.460751221889714,5.730201244354248,916628000,0.0,0.0
2018-04-02 00:00:00-04:00,5.659685775432011,5.805916079165283,5.381575704269406,5.469412803649902,922092000,0.0,0.0
2018-04-03 00:00:00-04:00,5.636425420618821,5.699519525476505,5.47683381101096,5.575805187225342,667432000,0.0,0.0
2018-04-04 00:00:00-04:00,5.319965166424726,5.608219873080297,5.2949749053858,5.597827911376953,789168000,0.0,0.0
2018-04-05 00:00:00-04:00,5.656220778298228,5.669334376072168,5.406070417767556,5.477577209472656,701240000,0.0,0.0
2018-04-06 00:00:00-04:00,5.374892729510838,5.483019122976344,5.2719623153048065,5.301158905029297,662988000,0.0,0.0
2018-04-09 00:00:00-04:00,5.364254214635455,5.492174899783266,5.309819599378557,5.329861640930176,499524000,0.0,0.0
2018-04-10 00:00:00-04:00,5.560217000124646,5.666116344345645,5.503060755654183,5.63914680480957,761676000,0.0,0.0
2018-04-11 00:00:00-04:00,5.624302873211462,5.6656234272031964,5.565167325471339,5.597827911376953,460244000,0.0,0.0
2018-04-12 00:00:00-04:00,5.690860502889642,5.822492478671164,5.646570551028203,5.804677486419678,593920000,0.0,0.0
2018-04-13 00:00:00-04:00,5.868266839101789,5.876679513917197,5.679726365777485,5.727974891662598,503036000,0.0,0.0
2018-04-16 00:00:00-04:00,5.734655387051984,5.76113034661501,5.633456943604899,5.72772741317749,350792000,0.0,0.0
2018-04-17 00:00:00-04:00,5.779934692200133,5.8987003571797185,5.724263139261951,5.8774213790893555,447224000,0.0,0.0
2018-04-18 00:00:00-04:00,5.826946797511802,5.919732577548187,5.759399044131432,5.848473072052002,391364000,0.0,0.0
2018-04-19 00:00:00-04:00,5.734160264166391,5.76756319722322,5.611683314890839,5.667107105255127,471996000,0.0,0.0
2018-04-20 00:00:00-04:00,5.658447165064816,5.742820258868323,5.627766340366245,5.658942222595215,386200000,0.0,0.0
2018-04-23 00:00:00-04:00,5.676756473969848,5.7279739206725395,5.513453580841575,5.539433479309082,427508000,0.0,0.0
2018-04-24 00:00:00-04:00,5.565166001307488,5.661167977810091,5.407801440471872,5.473122596740723,414596000,0.0,0.0
2018-04-25 00:00:00-04:00,5.443431831258896,5.482525803034803,5.203426143140118,5.360790729522705,588492000,0.0,0.0
2018-04-26 00:00:00-04:00,5.522608879730808,5.580754779157977,5.456545363308885,5.57258939743042,375824000,0.0,0.0
2018-04-27 00:00:00-04:00,5.678489503179339,5.698283782565751,5.557744068569237,5.6000542640686035,400848000,0.0,0.0
2018-04-30 00:00:00-04:00,5.616384506398466,5.666117733200139,5.545372771597006,5.564671993255615,327844000,0.0,0.0
2018-05-01 00:00:00-04:00,5.556507975076436,5.622818797478564,5.497867006460752,5.6200971603393555,253788000,0.0,0.0
2018-05-02 00:00:00-04:00,5.616631948626047,5.6611687203422845,5.573331640885994,5.599559307098389,268248000,0.0,0.0
2018-05-03 00:00:00-04:00,5.631476657535085,5.791068264980953,5.58619707065647,5.764840602874756,443144000,0.0,0.0
2018-05-04 00:00:00-04:00,5.736139174344388,5.918246696218617,5.718819242416038,5.915030002593994,400660000,0.0,0.0
2018-05-07 00:00:00-04:00,6.019691268684253,6.210211427439753,6.00979389693623,6.153055191040039,687616000,0.0,0.0
2018-05-08 00:00:00-04:00,6.153303205411464,6.198335497054085,6.104312342151501,6.195613861083984,506616000,0.0,0.0
2018-05-09 00:00:00-04:00,6.215656903327681,6.330958587878234,6.188439593299769,6.328731536865234,596760000,0.0,0.0
2018-05-10 00:00:00-04:00,6.381679890264161,6.445516340444918,6.363864902330214,6.436361789703369,994080000,0.0,0.0
2018-05-11 00:00:00-04:00,6.25450214121984,6.427949698711481,6.199078358543734,6.297801971435547,1214456000,0.0,0.0
2018-05-14 00:00:00-04:00,6.335906568545893,6.395784455152984,6.294586022511352,6.318338871002197,523140000,0.0,0.0
2018-05-15 00:00:00-04:00,6.254749422540624,6.257471530662992,5.97540251513764,6.0758585929870605,963528000,0.0,0.0
2018-05-16 00:00:00-04:00,6.0372604704029325,6.149098165018366,6.000393550833762,6.08699369430542,553828000,0.0,0.0
2018-05-17 00:00:00-04:00,6.088725074498952,6.222831377412699,6.072642077718933,6.129055976867676,519784000,0.0,0.0
2018-05-18 00:00:00-04:00,6.181017476137692,6.2443588889801065,6.080313610600602,6.085262298583984,483716000,0.0,0.0
2018-05-21 00:00:00-04:00,6.182748641974521,6.1864599214987495,5.950412821942144,6.043198585510254,640624000,0.0,0.0
2018-05-22 00:00:00-04:00,6.056558299183485,6.0817958425613226,5.944472874330434,6.005093097686768,518264000,0.0,0.0
2018-05-23 00:00:00-04:00,5.948893504525247,6.129875963718784,5.948150695146866,6.128637790679932,442956000,0.00375,0.0
2018-05-24 00:00:00-04:00,6.12492567787232,6.174689668079342,6.07169555788868,6.132352828979492,437372000,0.0,0.0
2018-05-25 00:00:00-04:00,6.144979339034601,6.18805851330654,6.109327787722381,6.171718120574951,292112000,0.0,0.0
2018-05-29 00:00:00-04:00,6.153644220496209,6.222719834047149,6.107841729433728,6.154634475708008,352684000,0.0,0.0
2018-05-30 00:00:00-04:00,6.188305721338838,6.27223563169847,6.163547453204923,6.263570308685303,390996000,0.0,0.0
2018-05-31 00:00:00-04:00,6.23163104343221,6.3182847278091945,6.220985212289084,6.243762493133545,493868000,0.0,0.0
2018-06-01 00:00:00-04:00,6.288575122297395,6.384389497647403,6.279909800524736,6.378199577331543,421968000,0.0,0.0
2018-06-04 00:00:00-04:00,6.412367712650775,6.579237771807261,6.38018229050988,6.55720329284668,642024000,0.0,0.0
2018-06-05 00:00:00-04:00,6.560420345001996,6.600281301149745,6.515608113247878,6.562648773193359,391712000,0.0,0.0
2018-06-06 00:00:00-04:00,6.472528273223856,6.56784728405229,6.456187884859684,6.564628601074219,371356000,0.0,0.0
2018-06-07 00:00:00-04:00,6.560915464193068,6.572799469654841,6.4185557888160005,6.508923530578613,369448000,0.0,0.0
2018-06-08 00:00:00-04:00,6.43613461832035,6.536157469361578,6.417318354262653,6.4935736656188965,360456000,0.0,0.0
2018-06-11 00:00:00-04:00,6.480946434099678,6.5225399800460355,6.439600333862629,6.452474594116211,265372000,0.0,0.0
2018-06-12 00:00:00-04:00,6.47896688103299,6.513132810725276,6.428707533365651,6.501001358032227,319160000,0.0,0.0
2018-06-13 00:00:00-04:00,6.502486364027999,6.577503501501991,6.487383674909389,6.496544361114502,338208000,0.0,0.0
2018-06-14 00:00:00-04:00,6.541605098133078,6.664900607157869,6.52674985340261,6.608204364776611,430016000,0.0,0.0
2018-06-15 00:00:00-04:00,6.551011429975196,6.622314984655343,6.520063718067396,6.567351818084717,432260000,0.0,0.0
2018-06-18 00:00:00-04:00,6.523283250427026,6.580722298096676,6.4960495815146535,6.563144207000732,356268000,0.0,0.0
2018-06-19 00:00:00-04:00,6.459901638529446,6.527244176116523,6.313828866440606,6.441333293914795,594932000,0.0,0.0
2018-06-20 00:00:00-04:00,6.482431143874498,6.547297327465854,6.444055814203834,6.494315147399902,369780000,0.0,0.0
2018-06-21 00:00:00-04:00,6.526254465198224,6.544575365635083,6.357898815530794,6.365573883056641,359516000,0.0,0.0
2018-06-22 00:00:00-04:00,6.386371127169921,6.399740752948227,6.197714052932373,6.213063716888428,434160000,0.0,0.0
2018-06-25 00:00:00-04:00,6.106602725316786,6.110316299624727,5.831539447444642,5.920173645019531,665816000,0.0,0.0
2018-06-26 00:00:00-04:00,6.033567801452689,6.081846169916689,5.939733912372447,5.9912309646606445,478884000,0.0,0.0
2018-06-27 00:00:00-04:00,6.034805617251649,6.1011574444309495,5.8305504690086165,5.835997581481934,453892000,0.0,0.0
2018-06-28 00:00:00-04:00,5.82609254591739,5.975137026122126,5.818417479107194,5.963253021240234,338012000,0.0,0.0
2018-06-29 00:00:00-04:00,6.02836696965969,6.040993311313982,5.863972360211521,5.86521053314209,392300000,0.0,0.0
2018-07-02 00:00:00-04:00,5.7956405994946225,6.001133408836473,5.775091271337971,5.997419834136963,357572000,0.0,0.0
2018-07-03 00:00:00-04:00,6.032081313186332,6.038023316226772,5.855307785238766,5.863725662231445,222732000,0.0,0.0
2018-07-05 00:00:00-04:00,5.918935392854407,6.014501846377746,5.8800651693146095,6.00955057144165,306216000,0.0,0.0
2018-07-06 00:00:00-04:00,5.985040179226989,6.13185623463385,5.9637480427013205,6.123438358306885,296352000,0.0,0.0
2018-07-09 00:00:00-04:00,6.197715419408888,6.207371000030586,6.092245425516645,6.170976161956787,303880000,0.0,0.0
2018-07-10 00:00:00-04:00,6.183353438620086,6.292041607715852,6.14299759255186,6.270007133483887,360016000,0.0,0.0
2018-07-11 00:00:00-04:00,6.17716403516741,6.211825324475516,6.117744007461156,6.128390312194824,367508000,0.0,0.0
2018-07-12 00:00:00-04:00,6.173697646857069,6.268025933400291,6.163794151913892,6.219995021820068,345508000,0.0,0.0
2018-07-13 00:00:00-04:00,6.238564483629255,6.238564483629255,6.130618644268097,6.172707557678223,246988000,0.0,0.0
2018-07-16 00:00:00-04:00,6.14497709274292,6.197959744926717,6.132598197893225,6.14497709274292,197036000,0.0,0.0
2018-07-17 00:00:00-04:00,6.095708627882336,6.296002211201512,6.070207556121228,6.280899524688721,362136000,0.0,0.0
2018-07-18 00:00:00-04:00,6.273473220354727,6.287337735884095,6.18063007767088,6.231631755828857,277640000,0.0,0.0
2018-07-19 00:00:00-04:00,6.212815661270541,6.2734733905820805,6.197713444541109,6.23980188369751,235752000,0.0,0.0
2018-07-20 00:00:00-04:00,6.2373268924378715,6.2761971231198626,6.2006846178303485,6.211578369140625,222352000,0.0,0.0
2018-07-23 00:00:00-04:00,6.185087236761706,6.186820301420069,6.023168469627422,6.174936294555664,301584000,0.0,0.0
2018-07-24 00:00:00-04:00,6.222966249773674,6.309619941496792,6.140026132536312,6.157604694366455,354620000,0.0,0.0
2018-07-25 00:00:00-04:00,6.167013581637125,6.248468090175373,6.109079168099569,6.235841274261475,319112000,0.0,0.0
2018-07-26 00:00:00-04:00,6.215787411829768,6.346262622877679,6.198951656997938,6.309372901916504,325124000,0.0,0.0
2018-07-27 00:00:00-04:00,6.346014135069161,6.352946392455769,6.185581015704775,6.239553928375244,295420000,0.0,0.0
2018-07-30 00:00:00-04:00,6.25366663518394,6.259608637807858,6.009303134921157,6.044212341308594,340340000,0.0,0.0
2018-07-31 00:00:00-04:00,6.033814059503845,6.137055589521377,5.9949438321755375,6.062285900115967,283988000,0.0,0.0
2018-08-01 00:00:00-04:00,6.093730173218346,6.148940800817004,6.038271627631651,6.102147579193115,283556000,0.0,0.0
2018-08-02 00:00:00-04:00,6.0308438374634505,6.208855086858804,5.971919636150451,6.204894065856934,269668000,0.0,0.0
2018-08-03 00:00:00-04:00,6.229403258976132,6.265302720418206,6.2125679784011485,6.24153470993042,214288000,0.0,0.0
2018-08-06 00:00:00-04:00,6.22890827653846,6.292784213510232,6.182362983533864,6.289318084716797,207508000,0.0,0.0
2018-08-07 00:00:00-04:00,6.338092701251268,6.38018161635733,6.311353922177672,6.361612796783447,258132000,0.0,0.0
2018-08-08 00:00:00-04:00,6.362849784606023,6.4430661068833075,6.327940580311252,6.398005962371826,262100000,0.0,0.0
2018-08-09 00:00:00-04:00,6.415831959760239,6.418555279082153,6.341805085554945,6.349480152130127,204280000,0.0,0.0
2018-08-10 00:00:00-04:00,6.267530790237581,6.340567409723616,6.256389594986334,6.308134078979492,256396000,0.0,0.0
2018-08-13 00:00:00-04:00,6.316799169305867,6.461882147956132,6.315066105046342,6.341062068939209,375208000,0.0,0.0
2018-08-14 00:00:00-04:00,6.446532966749157,6.48664136854959,6.363345397789765,6.47252893447876,466220000,0.0,0.0
2018-08-15 00:00:00-04:00,6.493326290847179,6.527245247023319,6.33561693358954,6.414348125457764,591136000,0.0,0.0
2018-08-16 00:00:00-04:00,6.48416523950015,6.486641113313834,6.313581169867081,6.373743534088135,801260000,0.0,0.0
2018-08-17 00:00:00-04:00,6.262331925799989,6.263074735152323,6.034308815843685,6.061295509338379,1143188000,0.0,0.0
2018-08-20 00:00:00-04:00,6.0206929669832165,6.268769599171233,5.910271249959406,6.13606595993042,854388000,0.0,0.0
2018-08-21 00:00:00-04:00,6.152405490497591,6.2761963435368795,6.13259897290029,6.271739959716797,673988000,0.0,0.0
2018-08-22 00:00:00-04:00,6.239061444159314,6.511896405622903,6.235595314128691,6.50694465637207,749856000,0.0,0.0
2018-08-23 00:00:00-04:00,6.468318912339285,6.671831180378521,6.454454398539714,6.606469631195068,720684000,0.0,0.0
2018-08-24 00:00:00-04:00,6.614888681226894,6.7542771254693905,6.610432297032093,6.7396697998046875,531512000,0.0,0.0
2018-08-27 00:00:00-04:00,6.769378542606849,6.905053396024246,6.7379359390081435,6.830779075622559,505776000,0.0,0.0
2018-08-28 00:00:00-04:00,6.824836652991344,6.847614405772435,6.673068866351722,6.793146133422852,475384000,0.0,0.0
2018-08-29 00:00:00-04:00,6.785467110785186,6.9236933977049215,6.76465896430935,6.898674011230469,420108000,0.00375,0.0
2018-08-30 00:00:00-04:00,6.867462956662928,6.978688290390545,6.844920792605323,6.88183069229126,346608000,0.0,0.0
2018-08-31 00:00:00-04:00,6.861765285914059,6.965806508449001,6.851856373061698,6.952925205230713,306592000,0.0,0.0
2018-09-04 00:00:00-04:00,6.939795763348168,7.065388350065548,6.911308347971435,7.027735710144043,391720000,0.0,0.0
2018-09-05 00:00:00-04:00,7.010148112664871,7.0455715808952615,6.8159377538909665,6.896941184997559,393156000,0.0,0.0
2018-09-06 00:00:00-04:00,6.880590475705456,6.8830677035966215,6.722794886149796,6.755741119384766,322796000,0.0,0.0
2018-09-07 00:00:00-04:00,6.663591490017129,6.860031488372202,6.6187547446660675,6.734438896179199,295420000,0.0,0.0
2018-09-10 00:00:00-04:00,6.756980110715454,6.835258718276348,6.713134168340059,6.805532455444336,220140000,0.0,0.0
2018-09-11 00:00:00-04:00,6.75920976717396,6.846901658178689,6.738401617949032,6.757723808288574,243112000,0.0,0.0
2018-09-12 00:00:00-04:00,6.717842373449565,6.737412148712135,6.488208526079089,6.64377498626709,419092000,0.0,0.0
2018-09-13 00:00:00-04:00,6.709666634348066,6.812221421772524,6.692326509962645,6.721557140350342,305536000,0.0,0.0
2018-09-14 00:00:00-04:00,6.811973286449542,6.913784849904602,6.775063393625335,6.847644329071045,386936000,0.0,0.0
2018-09-17 00:00:00-04:00,6.822129834172369,6.871177813474078,6.76639338667431,6.785715103149414,205528000,0.0,0.0
2018-09-18 00:00:00-04:00,6.7896786779491425,6.89248103762722,6.706941250127765,6.713629245758057,299520000,0.0,0.0
2018-09-19 00:00:00-04:00,6.695051980627779,6.75524725978903,6.6450131960337275,6.7374114990234375,224860000,0.0,0.0
2018-09-20 00:00:00-04:00,6.6152865246301396,6.657646040442325,6.5422099458977865,6.596212387084961,430584000,0.0,0.0
2018-09-21 00:00:00-04:00,6.6081015120830005,6.653681462297823,6.4929130226960226,6.526106834411621,435128000,0.0,0.0
2018-09-24 00:00:00-04:00,6.495141824727261,6.585310923407006,6.407945588110139,6.58184289932251,293912000,0.0,0.0
2018-09-25 00:00:00-04:00,6.647983622081999,6.67399380354384,6.5622733412844765,6.648974418640137,280388000,0.0,0.0
2018-09-26 00:00:00-04:00,6.653929664058539,6.694307581615347,6.596211623468054,6.612065315246582,268548000,0.0,0.0
2018-09-27 00:00:00-04:00,6.647241101865507,6.668544883783922,6.592495924559711,6.623955726623535,214428000,0.0,0.0
2018-09-28 00:00:00-04:00,6.755990405868262,6.983642162562354,6.727998150824177,6.961347579956055,709396000,0.0,0.0
2018-10-01 00:00:00-04:00,7.03913044944934,7.234826747374432,7.000486540994957,7.167943477630615,622060000,0.0,0.0
2018-10-02 00:00:00-04:00,7.140446475971769,7.2521664822673735,7.074305952987117,7.096600532531738,383964000,0.0,0.0
2018-10-03 00:00:00-04:00,7.166951191302164,7.174382874655913,6.99875153533014,7.102792739868164,320552000,0.0,0.0
2018-10-04 00:00:00-04:00,7.066627550324417,7.090903726240947,6.841452552933439,6.918492794036865,391220000,0.0,0.0
2018-10-05 00:00:00-04:00,6.893719715069831,6.955896574900875,6.627423627275559,6.68489408493042,426636000,0.0,0.0
2018-10-08 00:00:00-04:00,6.601662405264776,6.717098506796521,6.442627934931541,6.583579063415527,408612000,0.0,0.0
2018-10-09 00:00:00-04:00,6.563017967197417,6.657645909836312,6.510006796323651,6.577881336212158,273500000,0.0,0.0
2018-10-10 00:00:00-04:00,6.47185745646731,6.517685464672325,6.083932443408722,6.086162090301514,684940000,0.0,0.0
2018-10-11 00:00:00-04:00,5.99896750991604,6.1324874505243185,5.80302357629584,5.824574947357178,725436000,0.0,0.0
2018-10-12 00:00:00-04:00,6.0817041884269445,6.1815341744206895,5.9365418219564585,6.1072187423706055,608236000,0.0,0.0
2018-10-15 00:00:00-04:00,6.093842874451149,6.093842874451149,5.829776357766317,5.8307671546936035,449760000,0.0,0.0
2018-10-16 00:00:00-04:00,5.943476985459218,6.100777416473267,5.894181425017347,6.089630126953125,408712000,0.0,0.0
2018-10-17 00:00:00-04:00,6.151806916376552,6.18995565932942,5.971964327402189,6.021012306213379,329668000,0.0,0.0
2018-10-18 00:00:00-04:00,6.0903747360972575,6.128770596853999,5.873126567513254,5.933569431304932,524020000,0.0,0.0
2018-10-19 00:00:00-04:00,5.988809843673759,6.008379142817454,5.640519503858318,5.676933765411377,613608000,0.0,0.0
2018-10-22 00:00:00-04:00,5.7292019235637826,5.829279479108993,5.624913127613994,5.727715492248535,368844000,0.0,0.0
2018-10-23 00:00:00-04:00,5.460428058934421,5.553570028440198,5.368277358531348,5.476034641265869,626436000,0.0,0.0
2018-10-24 00:00:00-04:00,5.437639846264273,5.484210607854028,4.925856158501465,4.939728260040283,884288000,0.0,0.0
2018-10-25 00:00:00-04:00,4.8421264792806475,5.19586638111443,4.797784905734438,5.148552417755127,951720000,0.0,0.0
2018-10-26 00:00:00-04:00,4.912478652140596,5.0742379210316395,4.783913674159531,4.911983489990234,664784000,0.0,0.0
2018-10-29 00:00:00-04:00,5.053182325385439,5.056650350462724,4.360069637194275,4.59812593460083,758016000,0.0,0.0
2018-10-30 00:00:00-04:00,4.621162249422424,5.038565392585217,4.598124459165781,5.028656482696533,807192000,0.0,0.0
2018-10-31 00:00:00-04:00,5.193390331417964,5.266219331912255,5.053677583887058,5.222620964050293,745772000,0.0,0.0
2018-11-01 00:00:00-04:00,5.259034890748294,5.412372147931398,5.13245150865027,5.402958869934082,566528000,0.0,0.0
2018-11-02 00:00:00-04:00,5.39354500682376,5.499320227921108,5.2072615331002945,5.323936462402344,452960000,0.0,0.0
2018-11-05 00:00:00-05:00,5.310806585803539,5.3340924311547155,5.085136486548187,5.245904922485352,379332000,0.0,0.0
2018-11-06 00:00:00-05:00,5.237980506479094,5.322204395478888,5.191161685529242,5.2283196449279785,299012000,0.0,0.0
2018-11-07 00:00:00-05:00,5.294953417208855,5.38561768996558,5.231290125202608,5.2959442138671875,483812000,0.0,0.0
2018-11-08 00:00:00-05:00,5.2367405837573315,5.237483799491122,5.049218702179946,5.102725982666016,511352000,0.0,0.0
2018-11-09 00:00:00-05:00,5.01379560799038,5.185215754694909,4.980106151280689,5.094799041748047,413240000,0.0,0.0
2018-11-12 00:00:00-05:00,5.003390965786616,5.0254379659285044,4.673431541778045,4.695230960845947,617116000,0.0,0.0
2018-11-13 00:00:00-05:00,4.793079056389045,5.05863147629245,4.78688575005263,4.937250137329102,644712000,0.0,0.0
2018-11-14 00:00:00-05:00,5.110404289983636,5.124772023676531,4.77672975119814,4.884734153747559,526580000,0.0,0.0
2018-11-15 00:00:00-05:00,4.878789137478887,5.085633201038451,4.842870037746544,5.013547420501709,840708000,0.0,0.0
2018-11-16 00:00:00-05:00,4.045715535734159,4.227539687409006,4.0033555597079005,4.073212146759033,1963520000,0.0,0.0
2018-11-19 00:00:00-05:00,4.00781645427145,4.008559197583778,3.582733636765028,3.584467649459839,1697820000,0.0,0.0
2018-11-20 00:00:00-05:00,3.3208962769014816,3.8212848166415436,3.302317537172591,3.692967414855957,1692032000,0.0,0.0
2018-11-21 00:00:00-05:00,3.8302018700091343,3.8470465935439475,3.5574653776326763,3.58471417427063,1025496000,0.0,0.0
2018-11-23 00:00:00-05:00,3.5500345625951795,3.7056007610163793,3.537153259438614,3.5918986797332764,411968000,0.0,0.0
2018-11-26 00:00:00-05:00,3.7130319436418273,3.8017146223311293,3.6305420983768606,3.7913105487823486,814832000,0.0,0.0
2018-11-27 00:00:00-05:00,3.7653003893153048,3.8894067736078957,3.7293815277331235,3.8081555366516113,738060000,0.0,0.0
2018-11-28 00:00:00-05:00,3.9258211680777664,3.9704103293201998,3.7932925346532853,3.9652082920074463,804524000,0.0,0.0
2018-11-29 00:00:00-05:00,3.967439803854357,4.0046344574243555,3.871725398042925,3.901977062225342,549172000,0.004,0.0
2018-11-30 00:00:00-05:00,3.911647823425197,4.063154455225896,3.8613109108452375,4.052492141723633,729564000,0.0,0.0
2018-12-03 00:00:00-05:00,4.279875977577056,4.3314527432317345,4.149446144789172,4.216396808624268,890804000,0.0,0.0
2018-12-04 00:00:00-05:00,4.171763218962079,4.176722632716966,3.8806523475215964,3.8957784175872803,812112000,0.0,0.0
2018-12-06 00:00:00-05:00,3.755181970368687,3.929997276316662,3.739560243486265,3.9250380992889404,692308000,0.0,0.0
2018-12-07 00:00:00-05:00,3.9292533620284655,3.9394200179446996,3.6108664367261767,3.6602113246917725,681676000,0.0,0.0
2018-12-10 00:00:00-05:00,3.6153293868251084,3.7903927439248406,3.6116098269958217,3.7655961513519287,629472000,0.0,0.0
2018-12-11 00:00:00-05:00,3.85734328492718,3.8655261276226778,3.5954923186712424,3.674593210220337,671912000,0.0,0.0
2018-12-12 00:00:00-05:00,3.6802968260027074,3.7884095424815465,3.5910295040009372,3.692199230194092,654136000,0.0,0.0
2018-12-13 00:00:00-05:00,3.739064279545623,3.8032871697841752,3.655995996702689,3.691950798034668,471384000,0.0,0.0
2018-12-14 00:00:00-05:00,3.650293189517995,3.7341054446533657,3.607891286066705,3.6314480304718018,471820000,0.0,0.0
2018-12-17 00:00:00-05:00,3.60144403819437,3.6736017142675355,3.5022578870381813,3.560281753540039,662868000,0.0,0.0
2018-12-18 00:00:00-05:00,3.6041713071227375,3.7276579154643223,3.576895241725319,3.6435978412628174,564372000,0.0,0.0
2018-12-19 00:00:00-05:00,3.6098743593938836,3.6634349372874007,3.3829863947406666,3.434563159942627,745364000,0.0,0.0
2018-12-20 00:00:00-05:00,3.4261323485195234,3.5161436186908204,3.29024745134605,3.3500070571899414,749588000,0.0,0.0
2018-12-21 00:00:00-05:00,3.3765391338646937,3.4095185698211865,3.185358151669684,3.2128822803497314,863740000,0.0,0.0
2018-12-24 00:00:00-05:00,3.1365097952062175,3.223049587459561,3.0871646639185157,3.151139736175537,463840000,0.0,0.0
2018-12-26 00:00:00-05:00,3.1972607908190476,3.301406111938458,3.086172479822057,3.3004143238067627,695100000,0.0,0.0
2018-12-27 00:00:00-05:00,3.248093994064682,3.282561118861686,3.104026227102958,3.2525572776794434,637044000,0.0,0.0
2018-12-28 00:00:00-05:00,3.27313812566563,3.4067913944803476,3.2312321197995875,3.3140523433685303,628728000,0.0,0.0
2018-12-31 00:00:00-05:00,3.357446020076929,3.389929326561289,3.279584979550039,3.310332775115967,465140000,0.0,0.0
2019-01-02 00:00:00-05:00,3.239414182638218,3.4338185679563478,3.224784246607317,3.3777785301208496,508752000,0.0,0.0
2019-01-03 00:00:00-05:00,3.3175233374663007,3.351494559941774,3.1662647874457,3.173703670501709,705552000,0.0,0.0
2019-01-04 00:00:00-05:00,3.246853385740272,3.415221581097662,3.216105828755128,3.377035140991211,585620000,0.0,0.0
2019-01-07 00:00:00-05:00,3.4343150593304554,3.59276466603475,3.382986126978943,3.5558178424835205,709160000,0.0,0.0
2019-01-08 00:00:00-05:00,3.6373979077069185,3.6396297853071786,3.3946401897780305,3.4672939777374268,786016000,0.0,0.0
2019-01-09 00:00:00-05:00,3.518623449912166,3.5828465816008856,3.468038706164781,3.53548526763916,617260000,0.0,0.0
2019-01-10 00:00:00-05:00,3.5161437146033907,3.6098743108195714,3.455640147820336,3.6011955738067627,523156000,0.0,0.0
2019-01-11 00:00:00-05:00,3.578879093014986,3.7132763270259823,3.5511071314183558,3.6904635429382324,874764000,0.0,0.0
2019-01-14 00:00:00-05:00,3.6381419246314732,3.755677311564091,3.6145851869034056,3.7303848266601562,730168000,0.0,0.0
2019-01-15 00:00:00-05:00,3.7631167929136655,3.802543326726702,3.6979021125899565,3.7162516117095947,617012000,0.0,0.0
2019-01-16 00:00:00-05:00,3.7435281239360836,3.776507329462538,3.685256426461529,3.690711498260498,470104000,0.0,0.0
2019-01-17 00:00:00-05:00,3.6577320979038026,3.8020476841923734,3.630455794450306,3.762125253677368,493436000,0.0,0.0
2019-01-18 00:00:00-05:00,3.8119660198131777,3.917351193183303,3.7603892538835297,3.891314744949341,651336000,0.0,0.0
2019-01-22 00:00:00-05:00,3.8610628582026223,3.872717195628701,3.658723431492087,3.6889750957489014,661552000,0.0,0.0
2019-01-23 00:00:00-05:00,3.7442718634101175,3.8330432905960445,3.6706262701491577,3.7018697261810303,591020000,0.0,0.0
2019-01-24 00:00:00-05:00,3.7864256389123656,3.931484935951308,3.7817142907002115,3.913879632949829,708972000,0.0,0.0
2019-01-25 00:00:00-05:00,3.854367546388609,3.9892604134118845,3.7517101549638396,3.971158981323242,1154572000,0.0,0.0
2019-01-28 00:00:00-05:00,3.3859625210540276,3.5121766816372504,3.2483420860381456,3.4221653938293457,2511528000,0.0,0.0
2019-01-29 00:00:00-05:00,3.3760434124240977,3.4243967481456625,3.2485894177784456,3.2632193565368652,1153932000,0.0,0.0
2019-01-30 00:00:00-05:00,3.3393444189961543,3.42117284424845,3.259747635072951,3.4067909717559814,974228000,0.0,0.0
2019-01-31 00:00:00-05:00,3.4035678896795183,3.6002042092604825,3.381746893710284,3.564497232437134,842852000,0.0,0.0
2019-02-01 00:00:00-05:00,3.583093480396775,3.6398774766516926,3.53548434998908,3.588796615600586,625048000,0.0,0.0
2019-02-04 00:00:00-05:00,3.604666951855927,3.7363363943570573,3.582598130384192,3.69914174079895,528592000,0.0,0.0
2019-02-05 00:00:00-05:00,3.7110441990820515,3.75493401670386,3.6773210375621233,3.7182352542877197,542424000,0.0,0.0
2019-02-06 00:00:00-05:00,3.7514628265806262,3.858335929299236,3.7460077548925086,3.7938649654388428,702464000,0.0,0.0
2019-02-07 00:00:00-05:00,3.747495266403964,3.7497269080362785,3.612602379033736,3.6555001735687256,637120000,0.0,0.0
2019-02-08 00:00:00-05:00,3.588301247810253,3.6847596123748763,3.573919375083561,3.6740972995758057,461604000,0.0,0.0
2019-02-11 00:00:00-05:00,3.6299601116262776,3.6842644199302237,3.5830946881162995,3.6314480304718018,495180000,0.0,0.0
2019-02-12 00:00:00-05:00,3.6698817600081273,3.764108481009168,3.655499651139106,3.7484865188598633,591060000,0.0,0.0
2019-02-13 00:00:00-05:00,3.777994833117407,3.864038720162632,3.764356682162985,3.790889024734497,605372000,0.0,0.0
2019-02-14 00:00:00-05:00,3.7898973164389975,3.8600714124739066,3.746751221132702,3.831803321838379,827264000,0.0,0.0
2019-02-15 00:00:00-05:00,4.040589723869558,4.06340226945263,3.8786686079384642,3.9014813899993896,1516748000,0.0,0.0
2019-02-19 00:00:00-05:00,3.8908192022185357,3.964712862884575,3.871725978539994,3.8841240406036377,551892000,0.0,0.0
2019-02-20 00:00:00-05:00,3.9133839787701623,3.9986839145462314,3.902225770044056,3.931485414505005,540988000,0.0,0.0
2019-02-21 00:00:00-05:00,3.944131824964691,3.9686801209290485,3.8479212716691165,3.862551212310791,448548000,0.0,0.0
2019-02-22 00:00:00-05:00,3.9143755919937884,3.966200186710098,3.9007374411830313,3.947354793548584,401740000,0.0,0.0
2019-02-25 00:00:00-05:00,4.030919267172402,4.098365589907887,3.9262778151631865,3.9349567890167236,656020000,0.0,0.0
2019-02-26 00:00:00-05:00,3.930245650095509,3.9862857028314913,3.862055127908238,3.8955304622650146,488464000,0.0,0.0
2019-02-27 00:00:00-05:00,3.8811482352284252,3.9076803404277367,3.796592033230227,3.853624105453491,500256000,0.0,0.0
2019-02-28 00:00:00-05:00,3.847418713110883,3.869758601578592,3.8067106507593595,3.829050302505493,324944000,0.004,0.0
2019-03-01 00:00:00-05:00,3.8789425726219817,3.9256079687334604,3.820610827482633,3.883410692214966,357188000,0.0,0.0
2019-03-04 00:00:00-05:00,3.921885603996487,3.9447219015365893,3.83500829760985,3.8916027545928955,409992000,0.0,0.0
2019-03-05 00:00:00-05:00,3.875963963292582,3.923374086167874,3.821603695081215,3.885148286819458,362924000,0.0,0.0
2019-03-06 00:00:00-05:00,3.8762124809250493,3.884651842095021,3.771463416989917,3.77419376373291,403524000,0.0,0.0
2019-03-07 00:00:00-05:00,3.7506124272354757,3.7602931555732804,3.6587708520941855,3.704939842224121,450104000,0.0,0.0
2019-03-08 00:00:00-05:00,3.6155807539530342,3.7498681708144153,3.5942336754772803,3.739194631576538,422416000,0.0,0.0
2019-03-11 00:00:00-04:00,3.7627751278545865,4.022661770042597,3.715613094401155,3.9998257160186768,859728000,0.0,0.0
2019-03-12 00:00:00-04:00,4.027626052712269,4.0804968597789495,3.951422314497766,4.0340800285339355,579576000,0.0,0.0
2019-03-13 00:00:00-04:00,4.071561755292246,4.214784932972589,4.064114968162611,4.185494899749756,768900000,0.0,0.0
2019-03-14 00:00:00-04:00,4.194680236140912,4.206594909048257,4.101845589301372,4.1095404624938965,519384000,0.0,0.0
2019-03-15 00:00:00-04:00,4.152730773435022,4.257728176858283,4.149255699976786,4.215034484863281,661484000,0.0,0.0
2019-03-18 00:00:00-04:00,4.246555853291731,4.300419935187858,4.166628735047313,4.193685054779053,486992000,0.0,0.0
2019-03-19 00:00:00-04:00,4.2882580154668,4.4059147878849325,4.271379294460338,4.361483097076416,854972000,0.0,0.0
2019-03-20 00:00:00-04:00,4.390524630949254,4.443892082343012,4.294214944886872,4.32896614074707,719148000,0.0,0.0
2019-03-21 00:00:00-04:00,4.352051731169548,4.5920808009081115,4.347087205866525,4.565769195556641,824312000,0.0,0.0
2019-03-22 00:00:00-04:00,4.53846416510248,4.587115175766267,4.392014017879543,4.405914306640625,747644000,0.0,0.0
2019-03-25 00:00:00-04:00,4.365207099693033,4.4294959477197065,4.247302233016412,4.313577175140381,525212000,0.0,0.0
2019-03-26 00:00:00-04:00,4.455310960582842,4.511408768965814,4.333931019661732,4.39027738571167,703508000,0.0,0.0
2019-03-27 00:00:00-04:00,4.4158447080394785,4.462261555043418,4.311592036941523,4.381093502044678,474372000,0.0,0.0
2019-03-28 00:00:00-04:00,4.407155060352184,4.465487033207768,4.346589383127301,4.3997087478637695,480264000,0.0,0.0
2019-03-29 00:00:00-04:00,4.466480824345446,4.481374399479685,4.416092268126456,4.457048416137695,456896000,0.0,0.0
2019-04-01 00:00:00-04:00,4.54889121183512,4.554848548478562,4.47715556128457,4.524565696716309,483824000,0.0,0.0
2019-04-02 00:00:00-04:00,4.548640583270767,4.586866371361509,4.505698355980619,4.5424346923828125,440920000,0.0,0.0
2019-04-03 00:00:00-04:00,4.592080539016616,4.741012975511193,4.5871160139967255,4.681936264038086,783504000,0.0,0.0
2019-04-04 00:00:00-04:00,4.666546358702697,4.7154459342221005,4.610200469354866,4.673000335693359,457376000,0.0,0.0
2019-04-05 00:00:00-04:00,4.7161901091758605,4.757146724218757,4.679701850039642,4.739770889282227,481744000,0.0,0.0
2019-04-08 00:00:00-04:00,4.709240190136148,4.785692257812176,4.685162767072555,4.760622024536133,424192000,0.0,0.0
2019-04-09 00:00:00-04:00,4.7271121252974275,4.738282068549915,4.655624583170124,4.697822093963623,439972000,0.0,0.0
2019-04-10 00:00:00-04:00,4.697078225099699,4.794132186225443,4.692610341672005,4.768317222595215,444772000,0.0,0.0
2019-04-11 00:00:00-04:00,4.77079854054169,4.802322749413438,4.705020249878549,4.754415988922119,374600000,0.0,0.0
2019-04-12 00:00:00-04:00,4.793139412462825,4.797111127452892,4.7077515644435755,4.716439247131348,471708000,0.0,0.0
2019-04-15 00:00:00-04:00,4.708745093588807,4.713709619723393,4.544919518693645,4.584634780883789,440092000,0.0,0.0
2019-04-16 00:00:00-04:00,4.623851419283816,4.690622508598769,4.591086321702891,4.671757698059082,394964000,0.0,0.0
2019-04-17 00:00:00-04:00,4.706757779063704,4.727608213195243,4.626582557265215,4.648922443389893,351004000,0.0,0.0
2019-04-18 00:00:00-04:00,4.655623806724307,4.689629799187818,4.596547112088734,4.624347686767578,380988000,0.0,0.0
2019-04-22 00:00:00-04:00,4.600767764441382,4.69385046883139,4.569244027924534,4.678212642669678,279936000,0.0,0.0
2019-04-23 00:00:00-04:00,4.691368674829881,4.764097593426897,4.681688182445878,4.732821464538574,346856000,0.0,0.0
2019-04-24 00:00:00-04:00,4.743246488098934,4.785940644030384,4.6824327161213475,4.745232582092285,318204000,0.0,0.0
2019-04-25 00:00:00-04:00,4.705021302374951,4.727361193530183,4.559812483309151,4.639491081237793,499296000,0.0,0.0
2019-04-26 00:00:00-04:00,4.485593452863211,4.49006180919831,4.301662214134944,4.420559883117676,868988000,0.0,0.0
2019-04-29 00:00:00-04:00,4.428503190112689,4.479140304941098,4.356270911723266,4.4513397216796875,391920000,0.0,0.0
2019-04-30 00:00:00-04:00,4.419069936166312,4.518358052704011,4.399957038831229,4.492791652679443,362920000,0.0,0.0
2019-05-01 00:00:00-04:00,4.545167365707555,4.587364884366795,4.479388588317941,4.479637145996094,354280000,0.0,0.0
2019-05-02 00:00:00-04:00,4.489317648502222,4.588853872897308,4.446127319368874,4.547152996063232,394684000,0.0,0.0
2019-05-03 00:00:00-04:00,4.555591557170364,4.565520132203939,4.481125113924645,4.542684078216553,336824000,0.0,0.0
2019-05-06 00:00:00-04:00,4.356271400196506,4.476410460092936,4.319038404375974,4.464247703552246,422176000,0.0,0.0
2019-05-07 00:00:00-04:00,4.415844692294973,4.415844692294973,4.24879214550784,4.296947002410889,555220000,0.0,0.0
2019-05-08 00:00:00-04:00,4.269394153263768,4.3972276000992485,4.257479482131573,4.317052364349365,419168000,0.0,0.0
2019-05-09 00:00:00-04:00,4.248046625728753,4.257727117461841,4.105568175948957,4.224465370178223,660248000,0.0,0.0
2019-05-10 00:00:00-04:00,4.193686239704331,4.259216448720151,4.070816861078106,4.190459251403809,569500000,0.0,0.0
2019-05-13 00:00:00-04:00,4.058406583929151,4.081491200168375,3.9171690130912453,3.9330551624298096,656912000,0.0,0.0
2019-05-14 00:00:00-04:00,3.9727690907885997,4.057412660444303,3.9340468935059416,4.022165298461914,524880000,0.0,0.0
2019-05-15 00:00:00-04:00,3.9665646096515164,3.9975921810163304,3.907240050385122,3.961103916168213,502320000,0.0,0.0
2019-05-16 00:00:00-04:00,3.9556428112474094,4.018939082442502,3.913197212909019,3.9762449264526367,781088000,0.0,0.0
2019-05-17 00:00:00-04:00,3.93429557410295,4.063618450101648,3.8459290769068963,3.8853960037231445,1022068000,0.0,0.0
2019-05-20 00:00:00-04:00,3.7866041440940967,3.8417091310435936,3.7419243737628203,3.7667465209960938,572064000,0.0,0.0
2019-05-21 00:00:00-04:00,3.827560868877688,3.8647938563869233,3.7888384293040094,3.848907709121704,361848000,0.0,0.0
2019-05-22 00:00:00-04:00,3.8101851278670194,3.8362481691907617,3.766994573110973,3.777916431427002,325868000,0.0,0.0
2019-05-23 00:00:00-04:00,3.7156138836885613,3.7156138836885613,3.596964522312792,3.656785726547241,591844000,0.0,0.0
2019-05-24 00:00:00-04:00,3.6756501708504663,3.7108975416698278,3.5962196627562553,3.602921724319458,357584000,0.0,0.0
2019-05-28 00:00:00-04:00,3.6205450823390795,3.653310187637295,3.5557593610655602,3.5577452182769775,428356000,0.0,0.0
2019-05-29 00:00:00-04:00,3.5100868721445884,3.5450859198163482,3.4487764584867997,3.483527421951294,559800000,0.0,0.0
2019-05-30 00:00:00-04:00,3.4867579887823474,3.5225425609214227,3.418667883671068,3.456937551498413,394300000,0.004,0.0
2019-05-31 00:00:00-04:00,3.4079818131509665,3.4753263352677224,3.364493591022383,3.3662331104278564,389720000,0.0,0.0
2019-06-03 00:00:00-04:00,3.377415501770728,3.4161821339150515,3.295160888366802,3.324484348297119,478644000,0.0,0.0
2019-06-04 00:00:00-04:00,3.388598851975445,3.558824115253672,3.3664820690651194,3.553605556488037,641836000,0.0,0.0
2019-06-05 00:00:00-04:00,3.6274108647749794,3.6328780274132315,3.4745810481734742,3.5108625888824463,511616000,0.0,0.0
2019-06-06 00:00:00-04:00,3.515087395466578,3.5975906262764936,3.5126022998598807,3.572988748550415,408140000,0.0,0.0
2019-06-07 00:00:00-04:00,3.5789524905251957,3.6500244159413096,3.5598175408432353,3.6157310009002686,348856000,0.0,0.0
2019-06-10 00:00:00-04:00,3.6718929877938318,3.7571299129180646,3.6718929877938318,3.6885428428649902,402780000,0.0,0.0
2019-06-11 00:00:00-04:00,3.7484325229364672,3.7862052197557636,3.7066840521258,3.7461960315704346,383872000,0.0,0.0
2019-06-12 00:00:00-04:00,3.70270799945214,3.7089207391207837,3.6179682685012025,3.633126974105835,358892000,0.0,0.0
2019-06-13 00:00:00-04:00,3.6552436812465916,3.7027079211490617,3.6375998801476244,3.684318780899048,308080000,0.0,0.0
2019-06-14 00:00:00-04:00,3.5911296783061224,3.615482952749099,3.5496295752090177,3.594360113143921,394428000,0.0,0.0
2019-06-17 00:00:00-04:00,3.5926207681473916,3.6410791890036958,3.569758407828001,3.6040520668029785,276040000,0.0,0.0
2019-06-18 00:00:00-04:00,3.665431996434326,3.8545433574346917,3.654497907936227,3.7991271018981934,581920000,0.0,0.0
2019-06-19 00:00:00-04:00,3.834415326255353,3.8458463883262985,3.7789988246748205,3.8050918579101562,331644000,0.0,0.0
2019-06-20 00:00:00-04:00,3.8957954728017374,3.9097116298928856,3.8150317564083283,3.8294448852539062,350168000,0.0,0.0
2019-06-21 00:00:00-04:00,3.8145356563048622,3.8637394261135287,3.7648346776363737,3.7712957859039307,434428000,0.0,0.0
2019-06-24 00:00:00-04:00,3.7926659820532356,3.8232319932579597,3.745450115316913,3.7936599254608154,282948000,0.0,0.0
2019-06-25 00:00:00-04:00,3.7986302415988527,3.873678422153312,3.7616031230417817,3.764336585998535,311868000,0.0,0.0
2019-06-26 00:00:00-04:00,3.8918196901489974,4.018805342032649,3.878897475808426,3.9576730728149414,584072000,0.0,0.0
2019-06-27 00:00:00-04:00,4.043405609880805,4.075462530436243,4.007372442426079,4.056327819824219,445440000,0.0,0.0
2019-06-28 00:00:00-04:00,4.100314814720183,4.1095096231126504,4.034461425431256,4.081180095672607,397668000,0.0,0.0
2019-07-01 00:00:00-04:00,4.288432119239045,4.322725781373977,4.0918654284592115,4.129389762878418,709756000,0.0,0.0
2019-07-02 00:00:00-04:00,4.1127386052180706,4.133861679336552,4.018307348995678,4.031477928161621,400228000,0.0,0.0
2019-07-03 00:00:00-04:00,4.0548378098043925,4.060553577459751,3.9845114482214714,4.044400691986084,246636000,0.0,0.0
2019-07-05 00:00:00-04:00,3.986002999077767,3.990475982306691,3.9184096198971794,3.981778383255005,396552000,0.0,0.0
2019-07-08 00:00:00-04:00,3.9221370080629594,3.941023357338492,3.8766608915627745,3.9067296981811523,329788000,0.0,0.0
2019-07-09 00:00:00-04:00,3.864483486986716,3.9372951738764623,3.851809879074145,3.9092142581939697,342860000,0.0,0.0
2019-07-10 00:00:00-04:00,3.952702410114001,4.0349570318668135,3.938786254698431,3.977552890777588,452076000,0.0,0.0
2019-07-11 00:00:00-04:00,4.05061252377747,4.172876560811911,4.013337041457255,4.132122039794922,682560000,0.0,0.0
2019-07-12 00:00:00-04:00,4.15995449551296,4.236245456165438,4.15995449551296,4.165173053741455,506392000,0.0,0.0
2019-07-15 00:00:00-04:00,4.186296761391783,4.202449173219055,4.128395403436278,4.156724452972412,289840000,0.0,0.0
2019-07-16 00:00:00-04:00,4.141813110162947,4.1790885882557935,4.096336770938628,4.152001857757568,341444000,0.0,0.0
2019-07-17 00:00:00-04:00,4.153741950568611,4.224317143574919,4.12441848826201,4.2173590660095215,348204000,0.0,0.0
2019-07-18 00:00:00-04:00,4.227795451187897,4.291909290233416,4.171136423111195,4.229037761688232,442192000,0.0,0.0
2019-07-19 00:00:00-04:00,4.267309130804441,4.27377000080973,4.179835463467045,4.185799598693848,344896000,0.0,0.0
2019-07-22 00:00:00-04:00,4.207171805517141,4.270291734613897,4.199716516637876,4.257369518280029,315940000,0.0,0.0
2019-07-23 00:00:00-04:00,4.296632746546789,4.367207480197819,4.2809765947960665,4.365219593048096,428176000,0.0,0.0
2019-07-24 00:00:00-04:00,4.40845886866737,4.445485989290337,4.332416740429885,4.439770221710205,366236000,0.0,0.0
2019-07-25 00:00:00-04:00,4.398269805957061,4.410943651090939,4.285200565127873,4.308559894561768,392700000,0.0,0.0
2019-07-26 00:00:00-04:00,4.335647702705201,4.397276469423345,4.335647702705201,4.350557804107666,274160000,0.0,0.0
2019-07-29 00:00:00-04:00,4.343350672530743,4.360497499730886,4.2561258584134745,4.344344615936279,248160000,0.0,0.0
2019-07-30 00:00:00-04:00,4.297874640112289,4.372177247432304,4.28346127471765,4.3600006103515625,197772000,0.0,0.0
2019-07-31 00:00:00-04:00,4.328441106425115,4.329435524045486,4.150512397887782,4.192758083343506,359416000,0.0,0.0
2019-08-01 00:00:00-04:00,4.203195080422546,4.293650584510864,4.04614061476965,4.098326683044434,421212000,0.0,0.0
2019-08-02 00:00:00-04:00,4.0056352615356445,4.07496817454209,3.958171245257651,4.0056352615356445,428348000,0.0,0.0
2019-08-05 00:00:00-04:00,3.8219900612493567,3.8232326092048896,3.7002232055085913,3.747190475463867,589156000,0.0,0.0
2019-08-06 00:00:00-04:00,3.821989798427285,3.867465912912005,3.7382440153158742,3.785956621170044,361272000,0.0,0.0
2019-08-07 00:00:00-04:00,3.725072588050238,3.836153932146713,3.707677394698469,3.824225664138794,372560000,0.0,0.0
2019-08-08 00:00:00-04:00,3.8818798953439924,3.9340657292198418,3.8244755017797387,3.9328231811523438,309300000,0.0,0.0
2019-08-09 00:00:00-04:00,3.8918195110608917,3.8952985503777375,3.7809867506989905,3.831433057785034,341816000,0.0,0.0
2019-08-12 00:00:00-04:00,3.7792472047557633,3.8314330311372755,3.7417231116766367,3.7635915279388428,279200000,0.0,0.0
2019-08-13 00:00:00-04:00,3.762100736203237,3.923876789789998,3.7230857241134387,3.877903461456299,351956000,0.0,0.0
2019-08-14 00:00:00-04:00,3.789683844762131,3.8008665373617525,3.685560809503336,3.729297399520874,419880000,0.0,0.0
2019-08-15 00:00:00-04:00,3.7481842810292747,3.7680645736022633,3.6626989755670682,3.6969923973083496,477200000,0.0,0.0
2019-08-16 00:00:00-04:00,3.9599098624874407,4.014331947004111,3.898529224925841,3.9651284217834473,1007960000,0.0,0.0
2019-08-19 00:00:00-04:00,4.078445739504549,4.2598534536068735,4.0622928549935535,4.243948936462402,815112000,0.0,0.0
2019-08-20 00:00:00-04:00,4.238482476586572,4.238979685357819,4.150512072843991,4.171635150909424,463188000,0.0,0.0
2019-08-21 00:00:00-04:00,4.237736525794346,4.3102996129999775,4.216116714852491,4.255131721496582,427244000,0.0,0.0
2019-08-22 00:00:00-04:00,4.264823948981501,4.30731799688016,4.222081059715049,4.261344909667969,303488000,0.0,0.0
2019-08-23 00:00:00-04:00,4.184806379324715,4.239228707951331,4.016817568330743,4.036697864532471,568056000,0.0,0.0
2019-08-26 00:00:00-04:00,4.115472218843759,4.139577121189208,4.07322654790724,4.1114959716796875,318208000,0.0,0.0
2019-08-27 00:00:00-04:00,4.149767730946218,4.152501195042154,3.9914709149961918,4.02079439163208,290968000,0.0,0.0
2019-08-28 00:00:00-04:00,3.994425196849824,4.063079923317268,3.95512248556457,4.010344982147217,255612000,0.004,0.0
2019-08-29 00:00:00-04:00,4.101885583243795,4.186460582853173,4.098403100005271,4.154123306274414,357976000,0.0,0.0
2019-08-30 00:00:00-04:00,4.200389891914572,4.250140051749213,4.148649877511405,4.166808605194092,290616000,0.0,0.0
2019-09-03 00:00:00-04:00,4.093925241452394,4.127008828598973,4.060841654305815,4.083726406097412,296140000,0.0,0.0
2019-09-04 00:00:00-04:00,4.144420007023412,4.205363913309543,4.144420007023412,4.197901248931885,227728000,0.0,0.0
2019-09-05 00:00:00-04:00,4.300139012380405,4.477248886927968,4.298397770943813,4.471030235290527,695676000,0.0,0.0
2019-09-06 00:00:00-04:00,4.447646462509067,4.504610192649706,4.405856675975547,4.443915367126465,376976000,0.0,0.0
2019-09-09 00:00:00-04:00,4.47501053730465,4.576500729411963,4.473517908889104,4.489935398101807,417524000,0.0,0.0
2019-09-10 00:00:00-04:00,4.457099304706557,4.583215461857835,4.4473981713378405,4.5565996170043945,352812000,0.0,0.0
2019-09-11 00:00:00-04:00,4.571277527379445,4.633465008010281,4.542173642210556,4.585207462310791,361512000,0.0,0.0
2019-09-12 00:00:00-04:00,4.631722450274215,4.68644724687905,4.575753638716605,4.583713531494141,327840000,0.0,0.0
2019-09-13 00:00:00-04:00,4.5170491975284275,4.55411297162938,4.481975278246142,4.525755405426025,324592000,0.0,0.0
2019-09-16 00:00:00-04:00,4.4506331414451346,4.517298025567876,4.440185691471234,4.48272180557251,231832000,0.0,0.0
2019-09-17 00:00:00-04:00,4.48943742904578,4.508342471006578,4.442921138228117,4.504113674163818,223048000,0.0,0.0
2019-09-18 00:00:00-04:00,4.497149296062006,4.512820470521884,4.390435382664613,4.4770002365112305,258152000,0.0,0.0
2019-09-19 00:00:00-04:00,4.4829712526685865,4.5013790746250715,4.390684952947522,4.401381492614746,245476000,0.0,0.0
2019-09-20 00:00:00-04:00,4.400384528670916,4.424015591197717,4.285462136310317,4.295660495758057,350244000,0.0,0.0
2019-09-23 00:00:00-04:00,4.295910378969834,4.394663918178222,4.292178808283121,4.349142551422119,249712000,0.0,0.0
2019-09-24 00:00:00-04:00,4.380486048135575,4.410087158247444,4.25611109366906,4.291682243347168,317268000,0.0,0.0
2019-09-25 00:00:00-04:00,4.291183309539485,4.453119696651722,4.246408262882595,4.433468341827393,308432000,0.0,0.0
2019-09-26 00:00:00-04:00,4.42376752367828,4.432473730654292,4.3603360449071165,4.411329746246338,234564000,0.0,0.0
2019-09-27 00:00:00-04:00,4.369541450164552,4.420286555680841,4.211833794341927,4.272529125213623,362056000,0.0,0.0
2019-09-30 00:00:00-04:00,4.298397522363803,4.34018731442526,4.26705470386503,4.329988479614258,186184000,0.0,0.0
2019-10-01 00:00:00-04:00,4.353124067221544,4.502374130131143,4.323522952615619,4.328248977661133,366008000,0.0,0.0
2019-10-02 00:00:00-04:00,4.306356919741108,4.31829699451488,4.2319807772597375,4.3043670654296875,293372000,0.0,0.0
2019-10-03 00:00:00-04:00,4.308845042225726,4.516302326766023,4.278497624943742,4.5100836753845215,450588000,0.0,0.0
2019-10-04 00:00:00-04:00,4.512322635451095,4.555854148776173,4.447150383760403,4.526501655578613,265524000,0.0,0.0
2019-10-07 00:00:00-04:00,4.591426115483309,4.684955949709672,4.582719906151219,4.585207462310791,480984000,0.0,0.0
2019-10-08 00:00:00-04:00,4.493417258054983,4.493417258054983,4.390434926271849,4.408593654632568,444436000,0.0,0.0
2019-10-09 00:00:00-04:00,4.485458489126236,4.544661186887699,4.456603691763184,4.49515962600708,292412000,0.0,0.0
2019-10-10 00:00:00-04:00,4.492919846140023,4.603862066367149,4.487696122078728,4.552868366241455,309124000,0.0,0.0
2019-10-11 00:00:00-04:00,4.636946147357723,4.709829671336126,4.618041105588354,4.626498699188232,446404000,0.0,0.0
2019-10-14 00:00:00-04:00,4.617791814787062,4.6608256205174525,4.58669808485446,4.639930725097656,200040000,0.0,0.0
2019-10-15 00:00:00-04:00,4.730228438232631,4.9573371308885275,4.71629802965673,4.884701728820801,664124000,0.0,0.0
2019-10-16 00:00:00-04:00,4.8506211626037095,4.9555937997045225,4.819527437202403,4.83096981048584,428944000,0.0,0.0
2019-10-17 00:00:00-04:00,4.875496227377861,4.920519880932633,4.778483481705704,4.83296012878418,263436000,0.0,0.0
2019-10-18 00:00:00-04:00,4.83345866485696,4.866045026889002,4.664060064060241,4.738436222076416,307440000,0.0,0.0
2019-10-21 00:00:00-04:00,4.799877462489176,4.889178955935454,4.780972418881374,4.875746250152588,261868000,0.0,0.0
2019-10-22 00:00:00-04:00,4.932709575820752,5.037930847352662,4.858084809553436,4.865796089172363,328720000,0.0,0.0
2019-10-23 00:00:00-04:00,4.783708970966495,4.867039949627882,4.7518689231005276,4.852861404418945,279916000,0.0,0.0
2019-10-24 00:00:00-04:00,4.894153996667783,4.9304714585812945,4.860075477387066,4.896890640258789,232020000,0.0,0.0
2019-10-25 00:00:00-04:00,4.9774847276947565,5.108824622675186,4.969773447917292,5.087929725646973,423092000,0.0,0.0
2019-10-28 00:00:00-04:00,5.131708371413134,5.196383378945837,5.102355886242623,5.143897533416748,330792000,0.0,0.0
2019-10-29 00:00:00-04:00,5.129969236370949,5.136436977005763,5.0282308980827075,5.047633171081543,211236000,0.0,0.0
2019-10-30 00:00:00-04:00,5.074497619391619,5.080219045208822,4.981465024654051,5.049622535705566,205960000,0.0,0.0
2019-10-31 00:00:00-04:00,5.028728551404892,5.049623454700906,4.920522463298502,5.000370979309082,209732000,0.0,0.0
2019-11-01 00:00:00-04:00,4.965046838364448,5.07176073786102,4.939923144962163,5.03942346572876,283640000,0.0,0.0
2019-11-04 00:00:00-05:00,5.120514936387144,5.248621419302725,5.097381574558471,5.2361836433410645,376716000,0.0,0.0
2019-11-05 00:00:00-05:00,5.235935826221247,5.262054448032809,5.166037080383131,5.214046001434326,300868000,0.0,0.0
2019-11-06 00:00:00-05:00,5.189917664758374,5.215538587799784,5.0772337128851825,5.164793968200684,269012000,0.0,0.0
2019-11-07 00:00:00-05:00,5.25135792159771,5.266034166048843,5.137679061788077,5.1824541091918945,280340000,0.0,0.0
2019-11-08 00:00:00-05:00,5.165539483490346,5.200115696871531,5.127978013857523,5.168524265289307,189100000,0.0,0.0
2019-11-11 00:00:00-05:00,5.167777890763214,5.201607789685678,5.081461664921861,5.178474426269531,243436000,0.0,0.0
2019-11-12 00:00:00-05:00,5.216782170226102,5.27001481563961,5.181708253470068,5.214046001434326,283504000,0.0,0.0
2019-11-13 00:00:00-05:00,5.182703819217081,5.210315072662682,5.121760360816376,5.18817663192749,300188000,0.0,0.0
2019-11-14 00:00:00-05:00,5.197130428751293,5.220761967696311,5.137181909631475,5.218523025512695,518080000,0.0,0.0
2019-11-15 00:00:00-05:00,5.2162849712701425,5.268024993429491,4.990917538982779,5.079224109649658,1053628000,0.0,0.0
2019-11-18 00:00:00-05:00,5.071760954812264,5.307078113271968,5.068776172798881,5.280462265014648,574588000,0.0,0.0
2019-11-19 00:00:00-05:00,5.24936769861903,5.272998761111075,5.115540266652762,5.173747539520264,414564000,0.0,0.0
2019-11-20 00:00:00-05:00,5.150863893355781,5.336928600477389,5.13817750157951,5.2530999183654785,472588000,0.0,0.0
2019-11-21 00:00:00-05:00,5.2486229048494595,5.3043426386799135,5.206584016770037,5.228225231170654,288388000,0.0,0.0
2019-11-22 00:00:00-05:00,5.250860485498195,5.297376776547482,5.222254309204008,5.245885848999023,224100000,0.0,0.0
2019-11-25 00:00:00-05:00,5.373992170405496,5.507571012717317,5.361057165884172,5.502595901489258,506476000,0.0,0.0
2019-11-26 00:00:00-05:00,5.484934039654498,5.489660537347345,5.391404232067042,5.397871971130371,385244000,0.0,0.0
2019-11-27 00:00:00-05:00,5.443426997574796,5.47777945475488,5.406335877860473,5.432722568511963,215784000,0.004,0.0
2019-11-29 00:00:00-05:00,5.401854438352331,5.430232448123884,5.371484156311313,5.395381927490234,141556000,0.0,0.0
2019-12-02 00:00:00-05:00,5.3884130961771595,5.401855714341308,5.193747253108004,5.208931922912598,372036000,0.0,0.0
2019-12-03 00:00:00-05:00,5.025219937136925,5.173335178201507,4.98788001226718,5.1693525314331055,465232000,0.0,0.0
2019-12-04 00:00:00-05:00,5.252992203327518,5.275396246352342,5.184535616219561,5.213162899017334,273424000,0.0,0.0
2019-12-05 00:00:00-05:00,5.235070740496549,5.25075347982264,5.165617998734439,5.196237087249756,184884000,0.0,0.0
2019-12-06 00:00:00-05:00,5.265440170909214,5.31448018339394,5.255482605514145,5.281620502471924,232236000,0.0,0.0
2019-12-09 00:00:00-05:00,5.258718861747828,5.336386162539099,5.2500062294285685,5.281620502471924,211880000,0.0,0.0
2019-12-10 00:00:00-05:00,5.31174240232705,5.378456962022154,5.2589685314598436,5.32667875289917,256388000,0.0,0.0
2019-12-11 00:00:00-05:00,5.33713227349042,5.415795224748547,5.334642882493308,5.410318374633789,233796000,0.0,0.0
2019-12-12 00:00:00-05:00,5.3814429282280045,5.596023424570237,5.3724814994240075,5.577851295471191,404348000,0.0,0.0
2019-12-13 00:00:00-05:00,5.580838806125459,5.70007794366406,5.52184122908239,5.575860023498535,454704000,0.0,0.0
2019-12-16 00:00:00-05:00,5.623405091030793,5.677174602340793,5.595275402586512,5.604734897613525,320976000,0.0,0.0
2019-12-17 00:00:00-05:00,5.623405269311124,5.705553268306525,5.613945773984214,5.682900428771973,321196000,0.0,0.0
2019-12-18 00:00:00-05:00,5.717751378167163,5.773761489575081,5.70928754358947,5.713270664215088,343548000,0.0,0.0
2019-12-19 00:00:00-05:00,5.747873280829343,5.874829394706986,5.742894497978565,5.861386775970459,445360000,0.0,0.0
2019-12-20 00:00:00-05:00,5.927850898812793,5.9841098046043175,5.908683110859449,5.958718776702881,603044000,0.0,0.0
2019-12-23 00:00:00-05:00,5.987346047660927,6.019458383551702,5.934323397683394,5.9450273513793945,355060000,0.0,0.0
2019-12-24 00:00:00-05:00,5.929593537347026,5.957225160058684,5.89524060645085,5.940048694610596,138864000,0.0,0.0
2019-12-26 00:00:00-05:00,5.943535889530139,5.982369548280312,5.924616891051623,5.954240322113037,182852000,0.0,0.0
2019-12-27 00:00:00-05:00,5.969422630255517,5.982865246144272,5.870098164997517,5.896485328674316,254644000,0.0,0.0
2019-12-30 00:00:00-05:00,5.874579953407556,5.879807532386408,5.751855770938896,5.783221244812012,258056000,0.0,0.0
2019-12-31 00:00:00-05:00,5.747873849326302,5.866864207293234,5.728706055738157,5.857404708862305,231004000,0.0,0.0
2020-01-02 00:00:00-05:00,5.943285210959953,5.972161293029785,5.892751948637045,5.972161293029785,237536000,0.0,0.0
2020-01-03 00:00:00-05:00,5.852424132067387,5.920383126947964,5.827530697782755,5.876570701599121,205384000,0.0,0.0
2020-01-06 00:00:00-05:00,5.783221354213032,5.906443132361434,5.75708345882432,5.901215553283691,262636000,0.0,0.0
2020-01-07 00:00:00-05:00,5.929593548989243,6.018462860706855,5.88453666408317,5.972659111022949,314856000,0.0,0.0
2020-01-08 00:00:00-05:00,5.9684279819120185,6.025184964493922,5.928349873697572,5.983861923217773,277108000,0.0,0.0
2020-01-09 00:00:00-05:00,6.070240181628175,6.122018367292385,5.995809158436552,6.049578666687012,255112000,0.0,0.0
2020-01-10 00:00:00-05:00,6.156869752720593,6.1872395630455745,6.067751644612036,6.081940650939941,316296000,0.0,0.0
2020-01-13 00:00:00-05:00,6.165085449519322,6.2977667270316795,6.142432131580578,6.272624492645264,319840000,0.0,0.0
2020-01-14 00:00:00-05:00,6.229807106111832,6.255198609471692,6.142431523520895,6.155625343322754,359088000,0.0,0.0
2020-01-15 00:00:00-05:00,6.168319899040621,6.190723940655148,6.087167566046266,6.113056659698486,263104000,0.0,0.0
2020-01-16 00:00:00-05:00,6.166579077421036,6.202674540532389,6.143179368014329,6.196700096130371,284192000,0.0,0.0
2020-01-17 00:00:00-05:00,6.2158670686359905,6.223335241855224,6.157865633561391,6.205411911010742,253792000,0.0,0.0
2020-01-21 00:00:00-05:00,6.168819465089883,6.205661791865372,6.137951582515902,6.172055721282959,217916000,0.0,0.0
2020-01-22 00:00:00-05:00,6.2173615862913,6.312702949940994,6.1984425915801635,6.22607421875,239240000,0.0,0.0
2020-01-23 00:00:00-05:00,6.266153325735611,6.302995181834385,6.177283992438401,6.294531345367432,244516000,0.0,0.0
2020-01-24 00:00:00-05:00,6.410035994275518,6.459822871530836,6.1810172135461805,6.235284805297852,373512000,0.0,0.0
2020-01-27 00:00:00-05:00,5.930587978433914,6.0304104948184625,5.780979076963109,5.979379177093506,470536000,0.0,0.0
2020-01-28 00:00:00-05:00,6.045347807566463,6.205163105735064,5.992075883242663,6.172801971435547,310976000,0.0,0.0
2020-01-29 00:00:00-05:00,6.158362951782948,6.194458405742976,6.072480632029588,6.112310409545898,258848000,0.0,0.0
2020-01-30 00:00:00-05:00,6.014479387772687,6.132474044898602,5.959465416925254,6.1190314292907715,290504000,0.0,0.0
2020-01-31 00:00:00-05:00,6.073229077548555,6.085177966433363,5.843712696530741,5.885533332824707,370420000,0.0,0.0
2020-02-03 00:00:00-05:00,5.867360420646927,6.002033487145039,5.8611371803331815,5.982616901397705,255564000,0.0,0.0
2020-02-04 00:00:00-05:00,6.124508879153485,6.1710594954488736,6.074473210292786,6.151891231536865,271544000,0.0,0.0
2020-02-05 00:00:00-05:00,6.272873344564743,6.283079706340834,6.158861788223002,6.242254734039307,208220000,0.0,0.0
2020-02-06 00:00:00-05:00,6.276607492554821,6.329132080078125,6.19545514360425,6.329132080078125,218284000,0.0,0.0
2020-02-07 00:00:00-05:00,6.28905350473973,6.311208752427656,6.237524107776993,6.26291561126709,189752000,0.0,0.0
2020-02-10 00:00:00-05:00,6.285568221166267,6.546948095887716,6.280589439315649,6.546201705932617,529608000,0.0,0.0
2020-02-11 00:00:00-05:00,6.654488322484865,6.783435747682598,6.592503763680259,6.66867733001709,638556000,0.0,0.0
2020-02-12 00:00:00-05:00,6.721449347106052,6.7909020604666495,6.6826157097396175,6.784429550170898,374644000,0.0,0.0
2020-02-13 00:00:00-05:00,6.726429222958646,6.80783035930972,6.6990463976554,6.7406182289123535,528016000,0.0,0.0
2020-02-14 00:00:00-05:00,7.150861219880521,7.342788859581885,7.1194957464110455,7.213841438293457,1041924000,0.0,0.0
2020-02-18 00:00:00-05:00,7.11053409323562,7.401039827252744,7.091117506539812,7.382618427276611,620164000,0.0,0.0
2020-02-19 00:00:00-05:00,7.505093939279053,7.8516093193598975,7.505093939279053,7.833934783935547,694332000,0.0,0.0
2020-02-20 00:00:00-05:00,7.785890882845658,7.874262135253368,7.377142147371069,7.684575080871582,810052000,0.0,0.0
2020-02-21 00:00:00-05:00,7.572305365329303,7.597447597328472,7.235498310480774,7.320384502410889,768180000,0.0,0.0
2020-02-24 00:00:00-05:00,6.725931724643267,7.016686246225031,6.671415340872214,6.802852153778076,856916000,0.0,0.0
2020-02-25 00:00:00-05:00,6.878029597294188,6.940014150314827,6.42148583523213,6.523299694061279,1055496000,0.0,0.0
2020-02-26 00:00:00-05:00,6.523548780567717,6.8568707909705555,6.5220555257655635,6.662702560424805,747732000,0.0,0.0
2020-02-27 00:00:00-05:00,6.349107430692061,6.650497244630858,6.19940901819961,6.291818618774414,906416000,0.004,0.0
2020-02-28 00:00:00-05:00,6.039248873472781,6.786495693722669,6.02256050177954,6.726964950561523,1133252000,0.0,0.0
2020-03-02 00:00:00-05:00,6.897088786752712,6.914275525682535,6.501047905140563,6.885381698608398,890744000,0.0,0.0
2020-03-03 00:00:00-05:00,6.941176614126376,7.000956309250315,6.537414132705746,6.622849464416504,652792000,0.0,0.0
2020-03-04 00:00:00-05:00,6.730203658172349,7.096105511692178,6.655478685361388,7.086640357971191,597408000,0.0,0.0
2020-03-05 00:00:00-05:00,6.887126080116027,7.054011254176982,6.762584919625369,6.807170867919922,540328000,0.0,0.0
2020-03-06 00:00:00-05:00,6.627581263621702,6.685119494601601,6.426322640549813,6.626585006713867,515412000,0.0,0.0
2020-03-09 00:00:00-04:00,5.975484465987302,6.461195152889279,5.932642563987071,6.113476276397705,614160000,0.0,0.0
2020-03-10 00:00:00-04:00,6.3899568373554105,6.503040313720703,6.127175423072159,6.503040313720703,580648000,0.0,0.0
2020-03-11 00:00:00-04:00,6.363057079152088,6.391452544563444,6.041990066264939,6.139132022857666,499964000,0.0,0.0
2020-03-12 00:00:00-04:00,5.6158094578778455,5.881331187763637,5.375196053186379,5.387899398803711,816540000,0.0,0.0
2020-03-13 00:00:00-04:00,5.741347744724175,6.003382377703977,5.470097376824951,5.998898983001709,634836000,0.0,0.0
2020-03-16 00:00:00-04:00,5.290758119543881,5.631752210099775,4.8321976018687876,4.891977310180664,726972000,0.0,0.0
2020-03-17 00:00:00-04:00,5.004312317866577,5.501231708194184,4.757471955983776,5.411810874938965,833632000,0.0,0.0
2020-03-18 00:00:00-04:00,4.984136810345993,5.2292336038861995,4.500419131132714,5.051887035369873,874268000,0.0,0.0
2020-03-19 00:00:00-04:00,5.0304669485603615,5.398361877485696,4.817003761398658,5.304707050323486,765512000,0.0,0.0
2020-03-20 00:00:00-04:00,5.454901640146078,5.736862763330307,5.109424746891943,5.124867916107178,804636000,0.0,0.0
2020-03-23 00:00:00-04:00,5.123871037087504,5.3921330267394385,4.94478092357623,5.297730445861816,643876000,0.0,0.0
2020-03-24 00:00:00-04:00,5.70398505471387,6.293314107330515,5.680322405254976,6.2066330909729,1101644000,0.0,0.0
2020-03-25 00:00:00-04:00,6.321710020739732,6.521474082743943,6.0691405255802255,6.1179609298706055,793432000,0.0,0.0
2020-03-26 00:00:00-04:00,6.325196309365802,6.5314367282175265,6.227058097982581,6.407393932342529,696108000,0.0,0.0
2020-03-27 00:00:00-04:00,6.227057648597609,6.55385370240851,6.1941787918144025,6.29505729675293,638828000,0.0,0.0
2020-03-30 00:00:00-04:00,6.360566030862803,6.624593635536396,6.316478448251134,6.615377426147461,602252000,0.0,0.0
2020-03-31 00:00:00-04:00,6.655479033659384,6.859726923295402,6.420096330914564,6.565809726715088,949960000,0.0,0.0
2020-04-01 00:00:00-04:00,6.367788726624759,6.514248946259146,6.009857415927741,6.054442882537842,656912000,0.0,0.0
2020-04-02 00:00:00-04:00,6.083586335487414,6.376507282646197,6.035513726718876,6.363306045532227,675764000,0.0,0.0
2020-04-03 00:00:00-04:00,6.3256944931640025,6.367291194451505,5.937873523633539,6.075366973876953,663212000,0.0,0.0
2020-04-06 00:00:00-04:00,6.35757716300458,6.722233853485814,6.300038922974676,6.685369491577148,727884000,0.0,0.0
2020-04-07 00:00:00-04:00,6.907052465159574,6.930715589086109,6.408887836296941,6.451979160308838,784520000,0.0,0.0
2020-04-08 00:00:00-04:00,6.561075839630368,6.674159305694369,6.491083689000905,6.6492509841918945,542444000,0.0,0.0
2020-04-09 00:00:00-04:00,6.775039840327325,6.7979551799719955,6.486602254866638,6.549620151519775,525564000,0.0,0.0
2020-04-13 00:00:00-04:00,6.489839013642981,6.7302034567472955,6.401414916462178,6.721485614776611,398408000,0.0,0.0
2020-04-14 00:00:00-04:00,6.849763610018782,7.106816454510555,6.822115458062838,7.072692394256592,530948000,0.0,0.0
2020-04-15 00:00:00-04:00,6.904560827722919,7.078171307263126,6.859228049104564,6.995226860046387,366148000,0.0,0.0
2020-04-16 00:00:00-04:00,7.150654563277259,7.44756051799299,7.137453327078443,7.340455055236816,745620000,0.0,0.0
2020-04-17 00:00:00-04:00,7.422652171604382,7.44407335910978,7.147167405269901,7.2811737060546875,539120000,0.0,0.0
2020-04-20 00:00:00-04:00,7.154639926475193,7.310565303117694,7.105570589945106,7.149907112121582,449388000,0.0,0.0
2020-04-21 00:00:00-04:00,7.031844493465568,7.093118352581499,6.653239183411225,6.713018894195557,735160000,0.0,0.0
2020-04-22 00:00:00-04:00,6.9053076559996525,7.1703314607915205,6.859725935108737,7.12748908996582,483356000,0.0,0.0
2020-04-23 00:00:00-04:00,7.16958566198625,7.30159898871442,7.0490295291724605,7.0741868019104,424160000,0.0,0.0
2020-04-24 00:00:00-04:00,7.06397522035486,7.215167811050507,6.989250234297876,7.213175296783447,352328000,0.0,0.0
2020-04-27 00:00:00-04:00,7.3476801931543365,7.559649225821632,7.323020809287246,7.399738311767578,479388000,0.0,0.0
2020-04-28 00:00:00-04:00,7.547194429443119,7.57708451816243,7.251783055110903,7.257262706756592,442904000,0.0,0.0
2020-04-29 00:00:00-04:00,7.392015576110446,7.486916063529084,7.3167927086062665,7.434110641479492,379160000,0.0,0.0
2020-04-30 00:00:00-04:00,7.380059363266312,7.434110461581394,7.266229045301317,7.280177593231201,375916000,0.0,0.0
2020-05-01 00:00:00-04:00,7.0826563167117325,7.195988764197792,6.995228455798879,7.043550491333008,342096000,0.0,0.0
2020-05-04 00:00:00-04:00,6.996223664055567,7.2692180393081935,6.996223664055567,7.255518436431885,317556000,0.0,0.0
2020-05-05 00:00:00-04:00,7.359635380039009,7.479194777190455,7.255518679739671,7.316544055938721,368896000,0.0,0.0
2020-05-06 00:00:00-04:00,7.396001104345691,7.522285825794979,7.358140487441627,7.417421817779541,323464000,0.0,0.0
2020-05-07 00:00:00-04:00,7.556658155612086,7.65703828548651,7.505347361024475,7.593771457672119,373732000,0.0,0.0
2020-05-08 00:00:00-04:00,7.665507869307592,7.790049022261694,7.631632755518658,7.783822059631348,339216000,0.0,0.0
2020-05-11 00:00:00-04:00,7.778839210396345,8.082719885114322,7.750194806237749,8.035892486572266,469060000,0.0,0.0
2020-05-12 00:00:00-04:00,8.093681320047256,8.142501245204809,7.76414539997321,7.77385950088501,493060000,0.0,0.0
2020-05-13 00:00:00-04:00,7.888438011143998,8.048846819644972,7.566872607396423,7.751442909240723,625852000,0.0,0.0
2020-05-14 00:00:00-04:00,7.812965860813262,8.006502944362586,7.659281913440745,8.001023292541504,602312000,0.0,0.0
2020-05-15 00:00:00-04:00,7.860788181491247,8.469295953031287,7.845096065259283,8.459582328796387,987660000,0.0,0.0
2020-05-18 00:00:00-04:00,8.728343532782867,8.883771053687452,8.648637257986733,8.718131065368652,774460000,0.0,0.0
2020-05-19 00:00:00-04:00,8.757983872797709,9.054142566130526,8.730584663711264,8.773178100585938,717320000,0.0,0.0
2020-05-20 00:00:00-04:00,8.957996530775512,9.009805697784032,8.856121765358052,8.937073707580566,587536000,0.0,0.0
2020-05-21 00:00:00-04:00,9.018272035432874,9.019267817107908,8.705424608095301,8.743036270141602,761068000,0.0,0.0
2020-05-22 00:00:00-04:00,8.792855860477836,9.059623799213172,8.681267452263336,8.993118286132812,1038764000,0.0,0.0
2020-05-26 00:00:00-04:00,9.123137730859893,9.148046532608788,8.640167324506367,8.685749053955078,770780000,0.0,0.0
2020-05-27 00:00:00-04:00,8.593339012702568,8.601060122818971,7.967395095749297,8.493955612182617,1175892000,0.0,0.0
2020-05-28 00:00:00-04:00,8.381368387741542,8.728340357559803,8.348489537594565,8.45584487915039,734896000,0.0,0.0
2020-05-29 00:00:00-04:00,8.523097584570365,8.84291934967041,8.453852737073744,8.84291934967041,745256000,0.0,0.0
2020-06-01 00:00:00-04:00,8.800828058499155,8.808300226081542,8.657605495402018,8.773926734924316,389876000,0.0,0.0
2020-06-02 00:00:00-04:00,8.763961430009315,8.804810343591765,8.626218562748878,8.792854309082031,391320000,0.0,0.0
2020-06-03 00:00:00-04:00,8.789864492209722,8.833702644377867,8.668062708645936,8.73730754852295,365440000,0.0,0.0
2020-06-04 00:00:00-04:00,8.699930983185242,8.914488767786045,8.649593471696994,8.73830795288086,424280000,0.004,0.0
2020-06-05 00:00:00-04:00,8.766216491605745,8.968064626034899,8.679994515638443,8.891312599182129,481748000,0.0,0.0
2020-06-08 00:00:00-04:00,8.848698945943744,8.861158553658532,8.657815132077493,8.776681900024414,387736000,0.0,0.0
2020-06-09 00:00:00-04:00,8.771698559133752,9.08045197843133,8.723105419785812,9.01690673828125,468488000,0.0,0.0
2020-06-10 00:00:00-04:00,9.138263834966697,9.469444851421066,9.124058914808835,9.336623191833496,632180000,0.0,0.0
2020-06-11 00:00:00-04:00,9.120572123559084,9.231464254182418,8.75774342237057,8.767960548400879,583652000,0.0,0.0
2020-06-12 00:00:00-04:00,9.133034130918888,9.157704292510665,8.67526061265537,8.903773307800293,570908000,0.0,0.0
2020-06-15 00:00:00-04:00,8.786899549623122,9.15271886327654,8.715628726053437,9.144246101379395,400004000,0.0,0.0
2020-06-16 00:00:00-04:00,9.195332760234908,9.236948446515207,8.810324446756848,9.039335250854492,535716000,0.0,0.0
2020-06-17 00:00:00-04:00,9.084444238605714,9.269097878600093,9.041083220038194,9.206300735473633,408304000,0.0,0.0
2020-06-18 00:00:00-04:00,9.197325372464938,9.252646909884222,9.085186992478928,9.1883544921875,254408000,0.0,0.0
2020-06-19 00:00:00-04:00,9.21277449670793,9.414622606088821,9.197573338557122,9.231463432312012,524160000,0.0,0.0
2020-06-22 00:00:00-04:00,9.270092599957753,9.500598739919562,9.243428061718252,9.496112823486328,398468000,0.0,0.0
2020-06-23 00:00:00-04:00,9.520282163699129,9.611488167064309,9.377244305276504,9.419607162475586,375108000,0.0,0.0
2020-06-24 00:00:00-04:00,9.445776172593792,9.525768844021954,9.115093090841688,9.205801010131836,449372000,0.0,0.0
2020-06-25 00:00:00-04:00,9.325661400255632,9.474431433240637,9.152719326384089,9.459479331970215,376072000,0.0,0.0
2020-06-26 00:00:00-04:00,9.469448669975863,9.469448669975863,9.095654643529448,9.125557899475098,592084000,0.0,0.0
2020-06-29 00:00:00-04:00,9.14025880191366,9.174897025038359,8.87137576871444,9.170411109924316,342248000,0.0,0.0
2020-06-30 00:00:00-04:00,9.284044909374936,9.495612038209176,9.236698018712433,9.467204093933105,367892000,0.0,0.0
2020-07-01 00:00:00-04:00,9.490128702777607,9.544952111889348,9.382725317164471,9.499348640441895,326648000,0.0,0.0
2020-07-02 00:00:00-04:00,9.60800151458769,9.706184995673514,9.547446875204932,9.581337928771973,364056000,0.0,0.0
2020-07-06 00:00:00-04:00,9.710419463836537,9.876882195050138,9.681263389843593,9.807605743408203,315892000,0.0,0.0
2020-07-07 00:00:00-04:00,9.91426254954942,10.037614299989889,9.819069687770009,9.840002059936523,357800000,0.0,0.0
2020-07-08 00:00:00-04:00,9.961607483001048,10.192114491729383,9.933448599888964,10.18314266204834,365480000,0.0,0.0
2020-07-09 00:00:00-04:00,10.346867718441027,10.536007212490864,10.20058920891485,10.475203514099121,494548000,0.0,0.0
2020-07-10 00:00:00-04:00,10.554695830541807,10.620981673566826,10.345371165118713,10.445548057556152,497676000,0.0,0.0
2020-07-13 00:00:00-04:00,10.560925140284708,10.757540168813497,9.992757700266804,10.019920349121094,457076000,0.0,0.0
2020-07-14 00:00:00-04:00,10.042597249487693,10.369293366563943,9.754028084827254,10.343626022338867,542676000,0.0,0.0
2020-07-15 00:00:00-04:00,10.380756728353095,10.399445665317455,10.023409234001255,10.194357872009277,403984000,0.0,0.0
2020-07-16 00:00:00-04:00,9.9827907942497,10.173923675334947,9.863674962154512,10.102155685424805,344964000,0.0,0.0
2020-07-17 00:00:00-04:00,10.192613661861978,10.215539455329925,10.055307009529447,10.16869068145752,266284000,0.0,0.0
2020-07-20 00:00:00-04:00,10.24120577258552,10.497379173388488,10.124083374349883,10.476944923400879,284852000,0.0,0.0
2020-07-21 00:00:00-04:00,10.479188735913805,10.526038461641557,10.253666681461006,10.295282363891602,277036000,0.0,0.0
2020-07-22 00:00:00-04:00,10.334160097615126,10.568404033327852,10.258404288411878,10.405180931091309,367292000,0.0,0.0
2020-07-23 00:00:00-04:00,10.416392364520581,10.513080531920828,9.998989264473964,10.097172737121582,411660000,0.0,0.0
2020-07-24 00:00:00-04:00,9.843240245664335,10.331415031399883,9.745555856946444,10.161712646484375,473292000,0.0,0.0
2020-07-27 00:00:00-04:00,10.19934104571149,10.408166608810875,10.18488706490828,10.387982368469238,292132000,0.0,0.0
2020-07-28 00:00:00-04:00,10.34088577402292,10.3486104081578,10.17641646872557,10.182645797729492,271636000,0.0,0.0
2020-07-29 00:00:00-04:00,10.357329465926666,10.482425538090654,10.313720372105251,10.431838989257812,284508000,0.0,0.0
2020-07-30 00:00:00-04:00,10.341633765622548,10.588836336512387,10.262140182585282,10.579865455627441,308880000,0.0,0.0
2020-07-31 00:00:00-04:00,10.529274643419534,10.731871805585852,10.399443593809028,10.580609321594238,386080000,0.0,0.0
2020-08-03 00:00:00-04:00,10.697984346886285,11.06305652459791,10.680789762062144,10.974841117858887,412720000,0.0,0.0
2020-08-04 00:00:00-04:00,11.014463809837823,11.191641807556152,10.870926855134206,11.191641807556152,310336000,0.0,0.0
2020-08-05 00:00:00-04:00,11.207837267143711,11.335175840013088,11.130337122839117,11.250449180603027,249924000,0.0,0.0
2020-08-06 00:00:00-04:00,11.313246673361853,11.321470375588017,11.14279711245968,11.299042701721191,244316000,0.0,0.0
2020-08-07 00:00:00-04:00,11.276118212824818,11.467750174407499,11.002003012203462,11.163481712341309,342516000,0.0,0.0
2020-08-10 00:00:00-04:00,11.297798378444579,11.371559793938696,10.821584094052726,11.1290922164917,427796000,0.0,0.0
2020-08-11 00:00:00-04:00,11.038134994023002,11.100933055062995,10.761029198085874,10.815105438232422,354512000,0.0,0.0
2020-08-12 00:00:00-04:00,10.955404101900573,11.430122179530569,10.923008355606033,11.403458595275879,464412000,0.0,0.0
2020-08-13 00:00:00-04:00,11.508865973672156,11.684051467097131,11.319228399501068,11.406197547912598,374460000,0.0,0.0
2020-08-14 00:00:00-04:00,11.49291864273222,11.667106964479247,11.403707004210982,11.526809692382812,366436000,0.0,0.0
2020-08-17 00:00:00-04:00,11.81313615176341,12.369840308327603,11.779246050700161,12.297324180603027,621300000,0.0,0.0
2020-08-18 00:00:00-04:00,12.409961530674698,12.45581407718295,12.04738181808775,12.221320152282715,503448000,0.0,0.0
2020-08-19 00:00:00-04:00,12.256951471541269,12.275391347144025,12.059089267830341,12.099459648132324,622624000,0.0,0.0
2020-08-20 00:00:00-04:00,11.936489840692333,12.335203095871488,11.840548839828752,12.10195541381836,921388000,0.0,0.0
2020-08-21 00:00:00-04:00,12.162508569332642,12.767556787011529,12.156029230192898,12.642709732055664,999868000,0.0,0.0
2020-08-24 00:00:00-04:00,12.842316292562508,12.870974251879845,12.467276032649693,12.679342269897461,490564000,0.0,0.0
2020-08-25 00:00:00-04:00,12.590128087439712,12.720208228124914,12.533311244809951,12.70899486541748,289076000,0.0,0.0
2020-08-26 00:00:00-04:00,12.758085705043182,12.827113095086357,12.636976448614934,12.73192024230957,321244000,0.0,0.0
2020-08-27 00:00:00-04:00,12.740393828304285,12.808674045517998,12.526085128500187,12.587636947631836,317604000,0.0,0.0
2020-08-28 00:00:00-04:00,12.634237491842033,13.10571590176592,12.601841745411164,13.105466842651367,537160000,0.0,0.0
2020-08-31 00:00:00-04:00,13.140352862145061,13.531341412382233,12.99581968925175,13.331486701965332,500840000,0.0,0.0
2020-09-01 00:00:00-04:00,13.440664654983484,13.952915599080589,13.397291642035603,13.780670166015625,511316000,0.004,0.0
2020-09-02 00:00:00-04:00,14.660845707915952,14.683779311477837,13.859440925316628,14.304638862609863,874012000,0.0,0.0
2020-09-03 00:00:00-04:00,13.78840152790422,13.843988759686185,12.841173532113926,12.977524757385254,945128000,0.0,0.0
2020-09-04 00:00:00-04:00,12.746447207228858,13.136556166911149,11.67059615715032,12.585668563842773,1463684000,0.0,0.0
2020-09-08 00:00:00-04:00,11.700261234213434,12.5133820427161,11.670099900256915,11.878240585327148,795728000,0.0,0.0
2020-09-09 00:00:00-04:00,12.363817029003448,12.771873116257286,12.19605789055686,12.677898406982422,736200000,0.0,0.0
2020-09-10 00:00:00-04:00,12.95134937614157,13.027127831819767,12.131498220967947,12.275826454162598,698684000,0.0,0.0
2020-09-11 00:00:00-04:00,12.449069863720515,12.615582404816298,11.861040360382365,12.129006385803223,636928000,0.0,0.0
2020-09-14 00:00:00-04:00,13.04283268112524,13.276149172140206,12.59439501163075,12.834691047668457,1201744000,0.0,0.0
2020-09-15 00:00:00-04:00,13.241248834931985,13.25994431280962,12.790318967266236,12.953092575073242,727556000,0.0,0.0
2020-09-16 00:00:00-04:00,12.919443521878879,13.054548120019335,12.477237981183846,12.477985382080078,556384000,0.0,0.0
2020-09-17 00:00:00-04:00,12.096850831868165,12.553016412831665,11.999635465667216,12.42713451385498,792512000,0.0,0.0
2020-09-18 00:00:00-04:00,12.55700241680166,12.595639043029594,11.953768216184255,12.153682708740234,698460000,0.0,0.0
2020-09-21 00:00:00-04:00,11.890205393675586,12.485961854454477,11.869765026058538,12.480727195739746,721044000,0.0,0.0
2020-09-22 00:00:00-04:00,12.538308131409915,12.611095084373552,12.120032760929606,12.600874900817871,646452000,0.0,0.0
2020-09-23 00:00:00-04:00,12.538804800522588,12.689863430288543,12.044003634137948,12.088373184204102,647012000,0.0,0.0
2020-09-24 00:00:00-04:00,12.037025149940066,12.532823845196516,11.978944689670747,12.311969757080078,731240000,0.0,0.0
2020-09-25 00:00:00-04:00,12.41118154764223,12.845909279760658,12.210020401286748,12.836187362670898,588016000,0.0,0.0
2020-09-28 00:00:00-04:00,13.002201974801489,13.013668778510928,12.712799019153087,12.996967315673828,573808000,0.0,0.0
2020-09-29 00:00:00-04:00,12.899748766134389,13.403524439088018,12.895511593505303,13.18715763092041,621460000,0.0,0.0
2020-09-30 00:00:00-04:00,13.11910749534813,13.582750806261883,13.111878817756462,13.491019248962402,689184000,0.0,0.0
2020-10-01 00:00:00-04:00,13.717856355284482,13.722591795558866,13.421472945822046,13.574774742126465,525004000,0.0,0.0
2020-10-02 00:00:00-04:00,13.186411907767297,13.480052002064452,13.012918874543097,13.024136543273926,552496000,0.0,0.0
2020-10-05 00:00:00-04:00,13.197379788701449,13.604438443946247,13.184168099894958,13.602693557739258,479820000,0.0,0.0
2020-10-06 00:00:00-04:00,13.789647040474033,14.100736967285448,13.625128512043325,13.696419715881348,784420000,0.0,0.0
2020-10-07 00:00:00-04:00,13.958901997870477,14.078053483349857,13.823049050430603,13.923255920410156,418084000,0.0,0.0
2020-10-08 00:00:00-04:00,14.033930941011219,14.043403723419214,13.717856465318311,13.798370361328125,378900000,0.0,0.0
2020-10-09 00:00:00-04:00,13.726828570011925,13.783911539322023,13.620888793999407,13.722590446472168,346892000,0.0,0.0
2020-10-12 00:00:00-04:00,13.948679555461162,14.305136468786147,13.871904571381894,14.184489250183105,434744000,0.0,0.0
2020-10-13 00:00:00-04:00,14.254783983347785,14.306632296500368,13.977844423886534,14.206674575805664,344604000,0.0,0.0
2020-10-14 00:00:00-04:00,14.248803748861201,14.300901205749161,13.919268411299134,14.054123878479004,276100000,0.0,0.0
2020-10-15 00:00:00-04:00,13.770453666408956,13.96488440051517,13.727578909131115,13.929239273071289,267224000,0.0,0.0
2020-10-16 00:00:00-04:00,13.995793185410296,14.08029607546171,13.75225556530927,13.771200180053711,242392000,0.0,0.0
2020-10-19 00:00:00-04:00,13.862434530144133,13.942699302094315,13.367632306794905,13.458367347717285,298068000,0.0,0.0
2020-10-20 00:00:00-04:00,13.543863965624142,13.75948337781822,13.467587249483108,13.605683326721191,229212000,0.0,0.0
2020-10-21 00:00:00-04:00,13.58524444270825,13.751258713789145,13.43817478593501,13.485286712646484,219596000,0.0,0.0
2020-10-22 00:00:00-04:00,13.483044519972317,13.572033721212627,13.193142358953583,13.322015762329102,290480000,0.0,0.0
2020-10-23 00:00:00-04:00,13.410755254752724,13.553587742392796,13.252468875607306,13.550596237182617,233484000,0.0,0.0
2020-10-26 00:00:00-04:00,13.387820907265835,13.652795397077977,13.000454312740802,13.102904319763184,336896000,0.0,0.0
2020-10-27 00:00:00-04:00,13.267175346468049,13.402779155391,13.1530093903305,13.357661247253418,250520000,0.0,0.0
2020-10-28 00:00:00-04:00,13.159490579429658,13.22130994850956,12.572209425845594,12.590156555175781,376520000,0.0,0.0
2020-10-29 00:00:00-04:00,12.801039269404054,13.154255577159386,12.712797475867808,12.985998153686523,320080000,0.0,0.0
2020-10-30 00:00:00-04:00,12.812504903727957,12.898751718735854,12.264109578308071,12.497426986694336,416820000,0.0,0.0
2020-11-02 00:00:00-05:00,12.620817583408344,12.799295201667675,12.358834557544668,12.544042587280273,299652000,0.0,0.0
2020-11-03 00:00:00-05:00,12.671416828110821,13.066759486027115,12.565975320249642,12.9815092086792,272900000,0.0,0.0
2020-11-04 00:00:00-05:00,13.350180787938806,13.78715254129417,13.298083341535273,13.753998756408691,410228000,0.0,0.0
2020-11-05 00:00:00-05:00,14.121179914532641,14.297164327290975,13.950180077005049,14.11868667602539,319028000,0.0,0.0
2020-11-06 00:00:00-05:00,14.068580320112584,14.546182783638443,13.854457580182475,14.519511222839355,383348000,0.0,0.0
2020-11-09 00:00:00-05:00,14.510037221209249,14.648631574059097,13.571035567291537,13.59097671508789,582976000,0.0,0.0
2020-11-10 00:00:00-05:00,13.566798895480682,13.566798895480682,12.591403662862831,12.73274040222168,644068000,0.0,0.0
2020-11-11 00:00:00-05:00,13.015661659709846,13.395799624535597,12.910469268187597,13.378849029541016,404744000,0.0,0.0
2020-11-12 00:00:00-05:00,13.439669534835307,13.725831796974465,13.277145048240593,13.417484283447266,365812000,0.0,0.0
2020-11-13 00:00:00-05:00,13.587485819362229,13.62886481491568,13.021143385759036,13.258199691772461,346312000,0.0,0.0
2020-11-16 00:00:00-05:00,13.13406343303605,13.60967182378943,13.11761205786951,13.475813865661621,413776000,0.0,0.0
2020-11-17 00:00:00-05:00,13.51295613681123,13.556578292397134,13.264932208572795,13.383086204528809,312028000,0.0,0.0
2020-11-18 00:00:00-05:00,13.425959895699158,13.56605000060591,13.146528037574518,13.389566421508789,510924000,0.0,0.0
2020-11-19 00:00:00-05:00,13.174198194035736,13.448146283443393,13.061777123398173,13.401034355163574,565936000,0.0,0.0
2020-11-20 00:00:00-05:00,13.414742852467638,13.455124365045503,13.026877031101098,13.049561500549316,341088000,0.0,0.0
2020-11-23 00:00:00-05:00,13.132820503808434,13.343453491755636,12.977524662700837,13.101661682128906,361356000,0.0,0.0
2020-11-24 00:00:00-05:00,13.10415243884235,13.123595320692461,12.847404082477862,12.919941902160645,346500000,0.0,0.0
2020-11-25 00:00:00-05:00,12.994472329441068,13.230780292918476,12.982008993757889,13.196131706237793,259916000,0.0,0.0
2020-11-27 00:00:00-05:00,13.335973711129208,13.368379147144227,13.132070214358633,13.222555160522461,167276000,0.0,0.0
2020-11-30 00:00:00-05:00,13.226294175563769,13.373363820866928,12.93439803818068,13.362395286560059,286952000,0.0,0.0
2020-12-01 00:00:00-05:00,13.452881961765824,13.489275437100785,13.18965138643594,13.350930213928223,296948000,0.0,0.0
2020-12-02 00:00:00-05:00,13.311544958763958,13.633602438103843,13.195634124198149,13.504979133605957,283360000,0.0,0.0
2020-12-03 00:00:00-05:00,13.551854342027166,13.624164374715619,13.294033339943539,13.360857009887695,199520000,0.004,0.0
2020-12-04 00:00:00-05:00,13.413219358512091,13.524427591443576,13.353626500248337,13.522682189941406,202244000,0.0,0.0
2020-12-07 00:00:00-05:00,13.565570953340865,13.695230052023673,13.464586856293908,13.571056365966797,223244000,0.0,0.0
2020-12-08 00:00:00-05:00,13.549360798386047,13.56307480237492,13.246656833104371,13.314977645874023,271920000,0.0,0.0
2020-12-09 00:00:00-05:00,13.26560870892222,13.378810606682494,12.834492607705123,12.896828651428223,401300000,0.0,0.0
2020-12-10 00:00:00-05:00,12.835241327651122,13.0344672724086,12.815791751286014,12.938220024108887,207764000,0.0,0.0
2020-12-11 00:00:00-05:00,12.933231867461886,12.985844070175068,12.78936037349505,12.979111671447754,209264000,0.0,0.0
2020-12-14 00:00:00-05:00,13.053667269076458,13.35362810753663,13.04319485880294,13.27383804321289,270156000,0.0,0.0
2020-12-15 00:00:00-05:00,13.404492379361614,13.428678793253217,13.152156782582875,13.325450897216797,193016000,0.0,0.0
2020-12-16 00:00:00-05:00,13.38728796402951,13.40199974925172,13.17783882601205,13.20776081085205,223116000,0.0,0.0
2020-12-17 00:00:00-05:00,13.331684931306457,13.344402108355627,13.143929176149829,13.306252479553223,231384000,0.0,0.0
2020-12-18 00:00:00-05:00,13.343903235536635,13.36983505383843,13.036213170490358,13.237184524536133,342064000,0.0,0.0
2020-12-21 00:00:00-05:00,13.040451339761614,13.334926758248798,12.93348247246831,13.29727554321289,302332000,0.0,0.0
2020-12-22 00:00:00-05:00,13.284310552386875,13.302262984082963,13.019756160642086,13.243417739868164,185580000,0.0,0.0
2020-12-23 00:00:00-05:00,13.221225029416,13.240175239878393,12.970884026955623,12.975122451782227,179144000,0.0,0.0
2020-12-24 00:00:00-05:00,13.003051138955435,13.098051414994533,12.904810217517845,12.959665298461914,97884000,0.0,0.0
2020-12-28 00:00:00-05:00,13.028231606837771,13.028231606837771,12.729767014603487,12.866157531738281,212564000,0.0,0.0
2020-12-29 00:00:00-05:00,12.891094397483993,13.038207502886355,12.808561153661778,12.909296035766602,170372000,0.0,0.0
2020-12-30 00:00:00-05:00,12.956172690210293,13.179086640278335,12.862918780241225,13.111265182495117,225396000,0.0,0.0
2020-12-31 00:00:00-05:00,13.102040119393992,13.116501747550478,12.881120772141596,13.020753860473633,192424000,0.0,0.0
2021-01-04 00:00:00-05:00,13.069873279195663,13.616685240425479,12.928494800361129,13.07909870147705,560640000,0.0,0.0
2021-01-05 00:00:00-05:00,13.065385774806634,13.40823403597086,13.05266954832319,13.369585990905762,322760000,0.0,0.0
2021-01-06 00:00:00-05:00,13.18781433957946,13.210255355207364,12.552984611764247,12.581409454345703,580424000,0.0,0.0
2021-01-07 00:00:00-05:00,12.933481843487463,13.342656288850517,12.852694956302209,13.30899429321289,461480000,0.0,0.0
2021-01-08 00:00:00-05:00,13.327444180295736,13.38579004575729,13.007784626982303,13.241918563842773,292528000,0.0,0.0
2021-01-11 00:00:00-05:00,13.383548460055362,13.924376609518959,13.327446400909752,13.585766792297363,518344000,0.0,0.0
2021-01-12 00:00:00-05:00,13.71642352162883,13.718419081750215,13.309993175343564,13.449376106262207,291476000,0.0,0.0
2021-01-13 00:00:00-05:00,13.454612578563953,13.589258672592168,13.349888472879313,13.49625301361084,210028000,0.0,0.0
2021-01-14 00:00:00-05:00,13.539388821333265,13.564073651721584,13.145923924873552,13.165621757507324,283120000,0.0,0.0
2021-01-15 00:00:00-05:00,13.193299661324813,13.290294537427819,12.81479573848984,12.825766563415527,277780000,0.0,0.0
2021-01-19 00:00:00-05:00,12.98210407137599,13.059650314910332,12.810306141016198,12.991081237792969,226188000,0.0,0.0
2021-01-20 00:00:00-05:00,13.077353186999005,13.395267380645388,13.022498117012766,13.330687522888184,258572000,0.0,0.0
2021-01-21 00:00:00-05:00,13.383298033959763,13.962524966377716,13.218232516422713,13.831120491027832,337780000,0.0,0.0
2021-01-22 00:00:00-05:00,13.703956944733628,13.805440406556494,13.591502657751988,13.676528930664062,246820000,0.0,0.0
2021-01-25 00:00:00-05:00,13.745595479607013,13.792222906843277,13.201775917820182,13.617432594299316,251112000,0.0,0.0
2021-01-26 00:00:00-05:00,13.544873671973665,13.60895511614543,13.352380132256862,13.400005340576172,163980000,0.0,0.0
2021-01-27 00:00:00-05:00,13.195292538180821,13.19803571963846,12.7601872437414,12.883862495422363,371272000,0.0,0.0
2021-01-28 00:00:00-05:00,12.96215686988838,13.30475589750108,12.926500265389267,13.016762733459473,228316000,0.0,0.0
2021-01-29 00:00:00-05:00,13.040698518132315,13.299767448544916,12.877627615648185,12.955672264099121,271552000,0.0,0.0
2021-02-01 00:00:00-05:00,13.019007163226883,13.235936319850353,12.86890167954501,13.202275276184082,217204000,0.0,0.0
2021-02-02 00:00:00-05:00,13.363600375597834,13.536395122770351,13.250646742172403,13.521185874938965,220440000,0.0,0.0
2021-02-03 00:00:00-05:00,13.600228117062478,13.895202887143391,13.481042394931094,13.49500560760498,245408000,0.0,0.0
2021-02-04 00:00:00-05:00,13.49550299497314,13.637629085257705,13.302760262597763,13.628403663635254,201340000,0.0,0.0
2021-02-05 00:00:00-05:00,13.688993818282889,13.701211628012732,13.510213352638523,13.555344581604004,169152000,0.0,0.0
2021-02-08 00:00:00-05:00,13.691238583595812,14.435780260750432,13.691238583595812,14.400872230529785,434624000,0.0,0.0
2021-02-09 00:00:00-05:00,14.303128062383749,14.544992189632028,14.185188387246015,14.225831985473633,287560000,0.0,0.0
2021-02-10 00:00:00-05:00,14.425308208135256,14.865898923721097,14.303877720936091,14.725518226623535,485352000,0.0,0.0
2021-02-11 00:00:00-05:00,14.940949563003377,15.232183316258253,14.885844344373181,15.210739135742188,450828000,0.0,0.0
2021-02-12 00:00:00-05:00,15.010518902999053,15.251136059946582,14.736239751165302,14.922001838684082,374756000,0.0,0.0
2021-02-16 00:00:00-05:00,15.024730417020098,15.33217217964681,14.910779958011238,15.290032386779785,321960000,0.0,0.0
2021-02-17 00:00:00-05:00,15.131202776712273,15.183565780965669,14.741228658115656,14.866898536682129,274756000,0.0,0.0
2021-02-18 00:00:00-05:00,14.690362043535087,14.834233554075102,14.536765744563722,14.79010009765625,233868000,0.0,0.0
2021-02-19 00:00:00-05:00,14.98508493573601,15.13718502262664,14.807801606602862,14.88734245300293,271724000,0.0,0.0
2021-02-22 00:00:00-05:00,14.735990942930265,15.093550964129731,14.287420831821091,14.318090438842773,325884000,0.0,0.0
2021-02-23 00:00:00-05:00,14.038325894837678,14.201397767025272,13.354374823711513,14.104901313781738,391780000,0.0,0.0
2021-02-24 00:00:00-05:00,14.085702837613358,14.468695336229112,13.719914197710844,14.460965156555176,448320000,0.0,0.0
2021-02-25 00:00:00-05:00,14.00865457563382,14.337041196742353,13.181580543821173,13.272590637207031,824436000,0.0,0.0
2021-02-26 00:00:00-05:00,13.716422533300882,13.81815519173923,13.325950037913707,13.678523063659668,500932000,0.0,0.0
2021-03-01 00:00:00-05:00,13.838600669885277,13.888469691362602,13.517695052822239,13.805438041687012,353184000,0.0,0.0
2021-03-02 00:00:00-05:00,13.863535716206119,13.883982121132098,13.360858149770896,13.371081352233887,264116000,0.0,0.0
2021-03-03 00:00:00-05:00,13.391028778728382,13.416212021844284,12.765174394686703,12.771159172058105,377592000,0.0,0.0
2021-03-04 00:00:00-05:00,12.767170765883725,12.940964273253552,12.052051597493882,12.337800025939941,573344000,0.0,0.0
2021-03-05 00:00:00-05:00,12.517077981864157,12.517077981864157,11.648611779877376,12.428810119628906,542840000,0.0,0.0
2021-03-08 00:00:00-05:00,12.41733756853037,12.438531591443677,11.536155308173202,11.562835693359375,543112000,0.0,0.0
2021-03-09 00:00:00-05:00,12.102603013291521,12.58799398146457,12.031764735768222,12.491714477539062,521824000,0.004,0.0
2021-03-10 00:00:00-05:00,12.811236807250063,12.950418556477446,12.429110229980283,12.439835548400879,384376000,0.0,0.0
2021-03-11 00:00:00-05:00,12.920488306597193,13.016519497184966,12.705479527147515,12.963889122009277,299916000,0.0,0.0
2021-03-12 00:00:00-05:00,12.619424306120195,12.859376656505523,12.561307582910521,12.826701164245605,243964000,0.0,0.0
2021-03-15 00:00:00-04:00,12.835430391734757,13.176650961364134,12.738152752171693,13.161186218261719,221988000,0.0,0.0
2021-03-16 00:00:00-04:00,13.326058448869464,13.48170304132562,13.086854962061286,13.260957717895508,272128000,0.0,0.0
2021-03-17 00:00:00-04:00,13.010034977790422,13.4225925221227,12.959899434741494,13.310848236083984,243864000,0.0,0.0
2021-03-18 00:00:00-04:00,13.10656229172517,13.153953696747985,12.68801798151525,12.69350528717041,293896000,0.0,0.0
2021-03-19 00:00:00-04:00,12.720940429829964,12.892049755645557,12.58375400765155,12.816472053527832,299208000,0.0,0.0
2021-03-22 00:00:00-04:00,12.88332137939055,13.363972980433424,12.877334536102579,13.156197547912598,297804000,0.0,0.0
2021-03-23 00:00:00-04:00,13.224043363617547,13.314087700627974,12.991574564563152,13.040962219238281,222048000,0.0,0.0
2021-03-24 00:00:00-04:00,13.121278222518455,13.129260363528369,12.60795110155996,12.61418628692627,245840000,0.0,0.0
2021-03-25 00:00:00-04:00,12.471012530081719,12.68577196673176,12.244031065821558,12.506680488586426,295144000,0.0,0.0
2021-03-26 00:00:00-04:00,12.52588700315397,12.826949475519212,12.345299758978275,12.809988021850586,363968000,0.0,0.0
2021-03-29 00:00:00-04:00,12.791034563229067,13.032732961465467,12.671058842091092,12.918743133544922,273520000,0.0,0.0
2021-03-30 00:00:00-04:00,12.812735640724178,12.945682226417064,12.67604775277651,12.84241771697998,200204000,0.0,0.0
2021-03-31 00:00:00-04:00,12.985838094343524,13.43980108547059,12.952913308067277,13.317830085754395,314776000,0.0,0.0
2021-04-01 00:00:00-04:00,13.541318275109122,13.838389202845008,13.480456476203573,13.780272483825684,308276000,0.0,0.0
2021-04-05 00:00:00-04:00,13.835896267255658,13.982062028329404,13.701702290409012,13.955622673034668,255672000,0.0,0.0
2021-04-06 00:00:00-04:00,13.967846528385818,14.022221956988853,13.742112427176943,13.829911231994629,191744000,0.0,0.0
2021-04-07 00:00:00-04:00,13.84911527664273,14.21103861752227,13.680251464130121,14.11126708984375,251284000,0.0,0.0
2021-04-08 00:00:00-04:00,14.220268761348414,14.438520235973197,14.216526508236932,14.284372329711914,244416000,0.0,0.0
2021-04-09 00:00:00-04:00,14.181606745832925,14.37516487301247,14.142696066400408,14.367182731628418,195172000,0.0,0.0
2021-04-12 00:00:00-04:00,14.257182878772879,15.317510669064815,14.107025580672097,15.174337387084961,869324000,0.0,0.0
2021-04-13 00:00:00-04:00,15.196786504253303,15.664218911931563,15.091277428797596,15.643765449523926,676212000,0.0,0.0
2021-04-14 00:00:00-04:00,15.589389181199738,15.684671520263224,15.192795082369985,15.242182731628418,385500000,0.0,0.0
2021-04-15 00:00:00-04:00,15.62680301096774,16.1772956662053,15.595873527963356,16.10047149658203,598480000,0.0,0.0
2021-04-16 00:00:00-04:00,16.01641488091177,16.128908929642876,15.829092898186087,15.876235961914062,335208000,0.0,0.0
2021-04-19 00:00:00-04:00,15.501091372928386,15.771473656524103,15.198282892338474,15.326739311218262,404420000,0.0,0.0
2021-04-20 00:00:00-04:00,15.288327945921406,15.461681891457701,14.92889943956875,15.136674880981445,334132000,0.0,0.0
2021-04-21 00:00:00-04:00,15.084294044383183,15.327489109940338,15.067832127378264,15.325493812561035,216776000,0.0,0.0
2021-04-22 00:00:00-04:00,15.33996009148954,15.40331577725499,14.749807849252367,14.81640625,277788000,0.0,0.0
2021-04-23 00:00:00-04:00,14.900213267194747,15.300050078745928,14.866291312184334,15.230459213256836,227500000,0.0,0.0
2021-04-26 00:00:00-04:00,15.150395533306847,15.443725213478553,15.09053184781211,15.442727088928223,197796000,0.0,0.0
2021-04-27 00:00:00-04:00,15.54299623900215,15.634786577704853,15.319506760052127,15.346694946289062,164572000,0.0,0.0
2021-04-28 00:00:00-04:00,15.329483314677965,15.496851358886726,15.180822728255709,15.24193286895752,209416000,0.0,0.0
2021-04-29 00:00:00-04:00,15.36490170360878,15.401318494154166,15.037150588700314,15.289823532104492,173196000,0.0,0.0
2021-04-30 00:00:00-04:00,15.139918040773958,15.329983201869698,14.96282183706927,14.975293159484863,201912000,0.0,0.0
2021-05-03 00:00:00-04:00,15.090528619389026,15.212001017227378,14.753798196085622,14.802935600280762,203912000,0.0,0.0
2021-05-04 00:00:00-04:00,14.603889950710407,14.604139243915204,13.978319101299036,14.318541526794434,405324000,0.0,0.0
2021-05-05 00:00:00-04:00,14.67547738242069,14.779739992598865,14.354710265640383,14.425548553466797,292024000,0.0,0.0
2021-05-06 00:00:00-04:00,14.462216673975268,14.538043691500036,14.185599158368335,14.489903450012207,193380000,0.0,0.0
2021-05-07 00:00:00-04:00,14.774501379415508,14.936630459546414,14.638312114784819,14.778491973876953,229328000,0.0,0.0
2021-05-10 00:00:00-04:00,14.753549353888255,14.772256812850337,14.217524183046908,14.233238220214844,268904000,0.0,0.0
2021-05-11 00:00:00-04:00,13.793491447696557,14.322033972558541,13.718662569436159,14.27364444732666,285584000,0.0,0.0
2021-05-12 00:00:00-04:00,13.977569717816017,14.22774875995346,13.67800493255943,13.727142333984375,303408000,0.0,0.0
2021-05-13 00:00:00-04:00,14.001767558085845,14.048661331069436,13.428327430047378,13.63410758972168,285404000,0.0,0.0
2021-05-14 00:00:00-04:00,13.858344627203556,14.29534613838963,13.717166637888369,14.210539817810059,258616000,0.0,0.0
2021-05-17 00:00:00-04:00,14.124735177145284,14.136957205584439,13.821927643121665,14.13321590423584,216980000,0.0,0.0
2021-05-18 00:00:00-04:00,14.234485222964608,14.371422372294175,13.97208412168046,13.983807563781738,186256000,0.0,0.0
2021-05-19 00:00:00-04:00,13.535582567163612,14.04741396173957,13.512385925342585,14.033695220947266,344000000,0.0,0.0
2021-05-20 00:00:00-04:00,14.2699030303963,14.650284506427553,14.237976372451099,14.57919692993164,321592000,0.0,0.0
2021-05-21 00:00:00-04:00,15.129193298565458,15.187310979961305,14.835614323926967,14.957585334777832,672992000,0.0,0.0
2021-05-24 00:00:00-04:00,15.17783039783231,15.709117099060474,15.141413604010136,15.576420783996582,554816000,0.0,0.0
2021-05-25 00:00:00-04:00,15.730068601519758,15.78244872406465,15.447214988276473,15.612088203430176,435408000,0.0,0.0
2021-05-26 00:00:00-04:00,15.69839110432169,15.75775524271262,15.550728638016997,15.66421890258789,370440000,0.0,0.0
2021-05-27 00:00:00-04:00,15.663969004454568,15.714104534109342,15.424765504557204,15.452701568603516,581476000,0.0,0.0
2021-05-28 00:00:00-04:00,15.465676860639382,16.240407128055963,15.465676860639382,16.207481384277344,644536000,0.0,0.0
2021-06-01 00:00:00-04:00,16.232922415909805,16.350902826961498,15.867007494570833,16.227434158325195,472804000,0.0,0.0
2021-06-02 00:00:00-04:00,16.215210925909048,16.88019202823062,16.198498765123478,16.74001121520996,594168000,0.0,0.0
2021-06-03 00:00:00-04:00,16.66269186570318,17.219670124621256,16.545210032687685,16.93107795715332,580008000,0.0,0.0
2021-06-04 00:00:00-04:00,17.073500620788053,17.620750674848225,17.056541068113297,17.538190841674805,617120000,0.0,0.0
2021-06-07 00:00:00-04:00,17.53120813273789,17.77190743935272,17.15357070426815,17.578847885131836,575756000,0.0,0.0
2021-06-08 00:00:00-04:00,17.487302887476424,17.581337802642874,17.211681668021765,17.417213439941406,323848000,0.0,0.0
2021-06-09 00:00:00-04:00,17.479836821102058,17.538965213865822,17.22036969325011,17.32265853881836,381656000,0.004,0.0
2021-06-10 00:00:00-04:00,17.31442760468904,17.456136659465507,17.140784570786124,17.389272689819336,287772000,0.0,0.0
2021-06-11 00:00:00-04:00,17.443663865136482,17.902472426166646,17.407987722143194,17.788705825805664,416308000,0.0,0.0
2021-06-14 00:00:00-04:00,17.8692859731858,18.002511394271433,17.626534835522726,17.98180389404297,321376000,0.0,0.0
2021-06-15 00:00:00-04:00,17.878265383996606,17.979307461675045,17.691648561983385,17.752023696899414,243032000,0.0,0.0
2021-06-16 00:00:00-04:00,17.75426857644431,17.91793183447308,17.548440373114104,17.773727416992188,307124000,0.0,0.0
2021-06-17 00:00:00-04:00,17.73805423238615,18.796378926832787,17.71984214031453,18.618993759155273,809656000,0.0,0.0
2021-06-18 00:00:00-04:00,18.74548502583953,19.335272822869825,18.545894351454166,18.60053253173828,968856000,0.0,0.0
2021-06-21 00:00:00-04:00,18.39745216595632,18.49849617542411,17.78620871518202,18.389469146728516,672384000,0.0,0.0
2021-06-22 00:00:00-04:00,18.433628778330313,18.92486997304728,18.348303360978484,18.848026275634766,580144000,0.0,0.0
2021-06-23 00:00:00-04:00,18.9687771045024,19.11348026123593,18.86898175836073,19.01817512512207,332356000,0.0,0.0
2021-06-24 00:00:00-04:00,19.18832603442068,19.38018114291999,19.049110497974752,19.166120529174805,320924000,0.0,0.0
2021-06-25 00:00:00-04:00,19.240970238833803,19.30583750444343,18.855761961661692,18.991981506347656,278364000,0.0,0.0
2021-06-28 00:00:00-04:00,19.32155139135176,20.03758090623226,19.279388341021416,19.94402313232422,495436000,0.0,0.0
2021-06-29 00:00:00-04:00,19.84173216140045,20.057538224477703,19.61669442518028,19.985687255859375,367632000,0.0,0.0
2021-06-30 00:00:00-04:00,19.958245265520905,20.12116051801287,19.82302313148326,19.961488723754883,326568000,0.0,0.0
2021-07-01 00:00:00-04:00,20.083739312567467,20.414060065256393,19.97795573751698,20.170560836791992,480136000,0.0,0.0
2021-07-02 00:00:00-04:00,20.39833880688421,20.463206060983406,20.246151347327103,20.444992065429688,342764000,0.0,0.0
2021-07-06 00:00:00-04:00,20.694976946599773,20.799262486376495,20.308522008641315,20.656057357788086,446708000,0.0,0.0
2021-07-07 00:00:00-04:00,20.810745538325772,20.8322010925538,20.290315107629393,20.32998275756836,418428000,0.0,0.0
2021-07-08 00:00:00-04:00,19.815789632243817,20.09172153231977,19.6603586861782,19.8619441986084,503300000,0.0,0.0
2021-07-09 00:00:00-04:00,19.921570446468333,20.039079190797306,19.713747376377295,20.009140014648438,296624000,0.0,0.0
2021-07-12 00:00:00-04:00,20.19850332797306,20.49065253232822,20.14636054330938,20.47044563293457,321984000,0.0,0.0
2021-07-13 00:00:00-04:00,20.358671605643057,20.419298007480663,20.072759999501244,20.208480834960938,290708000,0.0,0.0
2021-07-14 00:00:00-04:00,20.316005696247302,20.375882131291046,19.71224672567586,19.800813674926758,380100000,0.0,0.0
2021-07-15 00:00:00-04:00,19.771129834172697,19.80630727080376,18.81983342572084,18.9273624420166,550564000,0.0,0.0
2021-07-16 00:00:00-04:00,18.991480426516045,19.117720229645098,18.035943220014392,18.123762130737305,688224000,0.0,0.0
2021-07-19 00:00:00-04:00,17.878519593867363,19.002958487584525,17.828870315920312,18.741247177124023,749060000,0.0,0.0
2021-07-20 00:00:00-04:00,18.691595362338763,18.799373720092376,18.12675590967269,18.573837280273438,434687000,0.0,4.0
2021-07-21 00:00:00-04:00,18.843283856723506,19.486961789834456,18.703571525234402,19.370201110839844,371017000,0.0,0.0
2021-07-22 00:00:00-04:00,19.601723472760458,19.846220024304472,19.236472843910477,19.553821563720703,323826000,0.0,0.0
2021-07-23 00:00:00-04:00,19.615699109499815,19.659609519887088,19.210531401083966,19.517900466918945,195672000,0.0,0.0
2021-07-26 00:00:00-04:00,19.271403739834394,19.402133739466528,18.87521652192213,19.254438400268555,203943000,0.0,0.0
2021-07-27 00:00:00-04:00,19.22549958731467,19.58176796610266,18.70257379806693,19.168617248535156,248863000,0.0,0.0
2021-07-28 00:00:00-04:00,19.279388051239483,19.605717226720746,18.95605298334581,19.463010787963867,202191000,0.0,0.0
2021-07-29 00:00:00-04:00,19.478976686884963,19.8122933800188,19.288368334942337,19.621685028076172,190781000,0.0,0.0
2021-07-30 00:00:00-04:00,19.37818731394918,19.589752552166225,19.223506322501038,19.459022521972656,183497000,0.0,0.0
2021-08-02 00:00:00-04:00,19.65960836133373,19.920072893515012,19.321302738209415,19.709505081176758,217444000,0.0,0.0
2021-08-03 00:00:00-04:00,19.699525118531906,20.180537181896543,19.180590863307074,19.774372100830078,301811000,0.0,0.0
2021-08-04 00:00:00-04:00,19.949013314665788,20.276341820757914,19.7873448162624,20.232431411743164,231309000,0.0,0.0
2021-08-05 00:00:00-04:00,20.457966376428395,20.690488430456615,20.300289398787864,20.594684600830078,211435000,0.0,0.0
2021-08-06 00:00:00-04:00,20.48191478147792,20.527819984354416,20.168557571462205,20.324237823486328,178497000,0.0,0.0
2021-08-09 00:00:00-04:00,20.404076913702454,20.465950063739957,20.10169868378159,20.253387451171875,146443000,0.0,0.0
2021-08-10 00:00:00-04:00,20.28033461302938,20.388112984304005,19.79433168561157,19.895126342773438,179238000,0.0,0.0
2021-08-11 00:00:00-04:00,20.001903929821303,20.00789214540426,19.39016183516955,19.65860939025879,185925000,0.0,0.0
2021-08-12 00:00:00-04:00,19.829255349294954,19.987927795842644,19.579768000128087,19.86418342590332,151652000,0.0,0.0
2021-08-13 00:00:00-04:00,19.864191426339257,20.172557929333674,19.810301284474637,20.146610260009766,183063000,0.0,0.0
2021-08-16 00:00:00-04:00,20.09371013656719,20.24539886221897,19.41310757686636,19.909090042114258,210876000,0.0,0.0
2021-08-17 00:00:00-04:00,19.644638023102544,19.729464731826763,19.22749580678188,19.41810417175293,204585000,0.0,0.0
2021-08-18 00:00:00-04:00,19.460013299348336,19.593739295546328,18.961038599365047,19.000957489013672,285913000,0.0,0.0
2021-08-19 00:00:00-04:00,19.454030585977893,20.45297957305176,18.72353106841598,19.757408142089844,766555000,0.0,0.0
2021-08-20 00:00:00-04:00,19.95001371122014,20.82222238618525,19.892133962736114,20.77332305908203,675741000,0.0,0.0
2021-08-23 00:00:00-04:00,20.927997820105585,21.95189298945891,20.907040973787495,21.912973403930664,575807000,0.0,0.0
2021-08-24 00:00:00-04:00,21.708400719123865,21.913977739020556,21.490847267005936,21.74831771850586,297299000,0.0,0.0
2021-08-25 00:00:00-04:00,21.692431791193993,22.423928711519626,21.67746315503596,22.167455673217773,347701000,0.0,0.0
2021-08-26 00:00:00-04:00,22.154480161007974,22.294192485058762,21.745321009055534,22.022750854492188,237940000,0.0,0.0
2021-08-27 00:00:00-04:00,22.13851338507931,22.675410362974578,22.121548044348277,22.58958625793457,304722000,0.0,0.0
2021-08-30 00:00:00-04:00,22.78319236717039,22.995755005879793,22.50476506119798,22.641483306884766,262580000,0.0,0.0
2021-08-31 00:00:00-04:00,22.652458850997647,22.652458850997647,22.078537807120643,22.343040466308594,259850000,0.004,0.0
2021-09-01 00:00:00-04:00,22.442853466367463,22.65445597508717,22.31509313782046,22.398935317993164,201767000,0.0,0.0
2021-09-02 00:00:00-04:00,22.47578830242912,22.55064847192109,22.253206755805778,22.35401725769043,187834000,0.0,0.0
2021-09-03 00:00:00-04:00,22.283155522186565,22.942915865127908,22.158389818039435,22.80018424987793,280532000,0.0,0.0
2021-09-07 00:00:00-04:00,22.790201093344027,22.856077365071243,22.47978322176614,22.619522094726562,198107000,0.0,0.0
2021-09-08 00:00:00-04:00,22.47080232009072,22.567620625993627,21.93580579054596,22.297128677368164,254434000,0.0,0.0
2021-09-09 00:00:00-04:00,22.270180391945427,22.49575662754275,22.089519887989418,22.135433197021484,196856000,0.0,0.0
2021-09-10 00:00:00-04:00,22.306106126100754,22.583584866869252,22.22825322785588,22.435863494873047,248376000,0.0,0.0
2021-09-13 00:00:00-04:00,22.641481778146552,22.92095763955937,21.81702979556362,22.1104793548584,297500000,0.0,0.0
2021-09-14 00:00:00-04:00,22.23324884827066,22.36799604174789,22.04460391966671,22.2003116607666,199755000,0.0,0.0
2021-09-15 00:00:00-04:00,22.267184155866353,22.325076004521907,21.9248266618489,22.299123764038086,166538000,0.0,0.0
2021-09-16 00:00:00-04:00,22.14142223119242,22.23524590680437,21.885901542653063,22.2003116607666,156033000,0.0,0.0
2021-09-17 00:00:00-04:00,22.258197567391974,22.279158111208478,21.789079274517906,21.85894775390625,294503000,0.0,0.0
2021-09-20 00:00:00-04:00,21.10636056579907,21.392823223374187,20.623268596762017,21.073423385620117,349440000,0.0,0.0
2021-09-21 00:00:00-04:00,21.37685576304197,21.384840189083846,20.9107320527546,21.2061767578125,204688000,0.0,0.0
2021-09-22 00:00:00-04:00,21.325947038354915,21.918833403303562,21.156265640076963,21.899869918823242,268726000,0.0,0.0
2021-09-23 00:00:00-04:00,22.098501364527507,22.49276145465925,21.84896995109328,22.439861297607422,248555000,0.0,0.0
2021-09-24 00:00:00-04:00,22.028630847710065,22.107483239240203,21.82002297078628,22.039609909057617,217655000,0.0,0.0
2021-09-27 00:00:00-04:00,21.66930554216764,21.75813941984435,21.28502886716347,21.619400024414062,245215000,0.0,0.0
2021-09-28 00:00:00-04:00,21.174236070678667,21.378851731817658,20.61228975766216,20.660200119018555,343069000,0.0,0.0
2021-09-29 00:00:00-04:00,20.900749775141833,20.97760510825539,20.42863490757935,20.47854232788086,218394000,0.0,0.0
2021-09-30 00:00:00-04:00,20.729072377363426,21.02651414505671,20.64922240448641,20.677169799804688,221009000,0.0,0.0
2021-10-01 00:00:00-04:00,20.711103703044348,20.819898634048688,20.165128182316913,20.7031192779541,240978000,0.0,0.0
2021-10-04 00:00:00-04:00,20.46556332353447,20.50349219610804,19.51834289387486,19.695011138916016,345635000,0.0,0.0
2021-10-05 00:00:00-04:00,19.91260595666777,20.609297561414326,19.81678523146507,20.41266632080078,279282000,0.0,0.0
2021-10-06 00:00:00-04:00,20.08228868291119,20.681162542951505,20.0423627435626,20.66120147705078,297202000,0.0,0.0
2021-10-07 00:00:00-04:00,21.0524660036176,21.28203635803416,20.932691987531594,21.035499572753906,256919000,0.0,0.0
2021-10-08 00:00:00-04:00,21.061448413209504,21.166251145772502,20.73605924982708,20.791954040527344,151258000,0.0,0.0
2021-10-11 00:00:00-04:00,20.536432141657382,21.02351633144884,20.47255103074775,20.656206130981445,163388000,0.0,0.0
2021-10-12 00:00:00-04:00,20.788958953630814,21.01752980565477,20.489522037442182,20.632253646850586,162134000,0.0,0.0
2021-10-13 00:00:00-04:00,20.878793021876042,20.95065857611255,20.674177325995743,20.89975357055664,180652000,0.0,0.0
2021-10-14 00:00:00-04:00,21.248098528115012,21.714222253274098,21.082409307932014,21.70524024963379,243589000,0.0,0.0
2021-10-15 00:00:00-04:00,21.769119455245605,21.889892945838103,21.62139804997386,21.821022033691406,226994000,0.0,0.0
2021-10-18 00:00:00-04:00,21.708234455215166,22.249218353447674,21.60342981922469,22.180347442626953,189494000,0.0,0.0
2021-10-19 00:00:00-04:00,22.234242936381442,22.33705050360084,21.99569252338082,22.248218536376953,161473000,0.0,0.0
2021-10-20 00:00:00-04:00,22.263192160502342,22.390952498212002,21.94079763235497,22.06157112121582,146276000,0.0,0.0
2021-10-21 00:00:00-04:00,22.055581514029527,22.668430952513223,22.041607816544584,22.649465560913086,187590000,0.0,0.0
2021-10-22 00:00:00-04:00,22.780217492600983,23.0866412190669,22.51870948831075,22.683399200439453,249384000,0.0,0.0
2021-10-25 00:00:00-04:00,22.929938637364884,23.311222580367943,22.72732002696426,23.122577667236328,230235000,0.0,0.0
2021-10-26 00:00:00-04:00,23.944033530481246,25.21165340368274,23.879154838322947,24.67066764831543,485898000,0.0,0.0
2021-10-27 00:00:00-04:00,24.428129955547263,25.042974626234543,24.236488475832797,24.40517234802246,245990000,0.0,0.0
2021-10-28 00:00:00-04:00,24.831371132879006,24.903236685034123,24.477036970431932,24.89425277709961,234204000,0.0,0.0
2021-10-29 00:00:00-04:00,24.95413634715658,25.66080941988218,24.953138769892526,25.519075393676758,292503000,0.0,0.0
2021-11-01 00:00:00-04:00,25.600921502231532,25.8454611872979,25.179711651543062,25.778587341308594,265740000,0.0,0.0
2021-11-02 00:00:00-04:00,25.773601486490804,26.627996052602402,25.751641457702068,26.35151481628418,294112000,0.0,0.0
2021-11-03 00:00:00-04:00,26.620008930212876,26.73379556460861,26.18582484191522,26.54814338684082,239910000,0.0,0.0
2021-11-04 00:00:00-04:00,27.177962404141628,31.30620961912634,27.067170400192616,29.745141983032227,1153631000,0.0,0.0
2021-11-05 00:00:00-04:00,30.130417853663417,31.341143555275014,29.354873833641875,29.69623374938965,851260000,0.0,0.0
2021-11-08 00:00:00-05:00,30.092486781603192,31.041704374174433,29.85093982451501,30.746259689331055,503101000,0.0,0.0
2021-11-09 00:00:00-05:00,32.22149093283239,32.24943832676834,29.907835084715092,30.59953498840332,646746000,0.0,0.0
2021-11-10 00:00:00-05:00,29.30097811813441,30.79217735388519,28.72406045944693,29.403783798217773,636206000,0.0,0.0
2021-11-11 00:00:00-05:00,30.41089315231929,30.53266422445553,29.721188333490694,30.333038330078125,332172000,0.0,0.0
2021-11-12 00:00:00-05:00,29.953751415289407,30.622495686548,29.574462596727063,30.333038330078125,413054000,0.0,0.0
2021-11-15 00:00:00-05:00,30.49473401848278,30.586560631343108,29.192179778474006,29.968721389770508,384909000,0.0,0.0
2021-11-16 00:00:00-05:00,29.703222866064166,30.333038783734807,29.650320803885577,30.14638900756836,264484000,0.0,0.0
2021-11-17 00:00:00-05:00,30.360982834698927,30.45181376929014,28.746015633176018,29.206151962280273,428508000,0.0,0.0
2021-11-18 00:00:00-05:00,32.306333486090914,32.69859461239762,31.262292624753737,31.615629196166992,781711000,0.0,0.0
2021-11-19 00:00:00-05:00,32.18256225749875,33.02597956876637,31.845196475255754,32.92317199707031,533867000,0.0,0.0
2021-11-22 00:00:00-05:00,33.45417397567859,34.58205696797993,31.8402062080976,31.896100997924805,754335000,0.0,0.0
2021-11-23 00:00:00-05:00,31.475891783715838,32.299346195049736,30.822118806678535,31.68649673461914,532163000,0.0,0.0
2021-11-24 00:00:00-05:00,31.402025481215777,32.79341147132619,30.870023667738728,32.61275100708008,435162000,0.0,0.0
2021-11-26 00:00:00-05:00,32.53888869348724,32.64868310403872,31.291233763805504,31.443946838378906,283069000,0.0,0.0
2021-11-29 00:00:00-05:00,32.305333266978955,33.34937023539346,31.975950001854695,33.313438415527344,454964000,0.0,0.0
2021-11-30 00:00:00-05:00,33.106821974068005,33.290478976993946,31.804269853026124,32.61474609375,622066000,0.0,0.0
2021-12-01 00:00:00-05:00,33.160795426923904,33.23067246826559,31.325015118496538,31.379919052124023,484368000,0.004,0.0
2021-12-02 00:00:00-05:00,31.159308990581952,32.421094208004575,30.970639066061615,32.06970977783203,472890000,0.0,0.0
2021-12-03 00:00:00-05:00,31.94392433693024,32.072699896510805,30.077200420728126,30.63921546936035,544325000,0.0,0.0
2021-12-06 00:00:00-05:00,29.827644780843933,30.188012313938046,27.98887319412435,29.984371185302734,658938000,0.0,0.0
2021-12-07 00:00:00-05:00,30.902756606380816,32.392142841620974,30.597291131834343,32.37017822265625,593053000,0.0,0.0
2021-12-08 00:00:00-05:00,31.94293226813798,32.233422746850074,31.36594401255075,31.770235061645508,475551000,0.0,0.0
2021-12-09 00:00:00-05:00,31.6783946707129,32.14857195475035,30.37468329865997,30.436574935913086,488507000,0.0,0.0
2021-12-10 00:00:00-05:00,31.095419803403907,31.250148903888093,29.80867878068913,30.14508819580078,488825000,0.0,0.0
2021-12-13 00:00:00-05:00,30.195998888423453,30.240920116532646,28.06673496085565,28.111656188964844,598344000,0.0,0.0
2021-12-14 00:00:00-05:00,27.65046334553731,28.627747966943556,27.20225070774232,28.28734588623047,667035000,0.0,0.0
2021-12-15 00:00:00-05:00,28.35023960485111,30.44656054797183,27.789224018282003,30.40563201904297,698297000,0.0,0.0
2021-12-16 00:00:00-05:00,31.09741155464441,31.10539695711261,28.043771945132644,28.337255477905273,707366000,0.0,0.0
2021-12-17 00:00:00-05:00,27.93596451634102,28.871322953137728,27.711358386778297,27.752286911010742,713758000,0.0,0.0
2021-12-20 00:00:00-05:00,27.257158860918736,28.094687634833022,27.097439351309067,27.670433044433594,461847000,0.0,0.0
2021-12-21 00:00:00-05:00,28.324281700128683,29.06897479771501,27.35298517924628,29.0240535736084,524385000,0.0,0.0
2021-12-22 00:00:00-05:00,28.840380800512104,29.50321696381351,28.39915388867012,29.348487854003906,395184000,0.0,0.0
2021-12-23 00:00:00-05:00,29.70286054753858,30.00632871228382,29.379428875117828,29.588062286376953,343022000,0.0,0.0
2021-12-27 00:00:00-05:00,29.608027500629184,31.032527056128416,29.58806208908035,30.890775680541992,403686000,0.0,0.0
2021-12-28 00:00:00-05:00,31.257134464347306,31.275102573879263,29.959411220282004,30.268869400024414,420591000,0.0,0.0
2021-12-29 00:00:00-05:00,30.219957599311112,30.49447537471948,29.314545314998263,29.94843292236328,343139000,0.0,0.0
2021-12-30 00:00:00-05:00,29.774737563181823,30.403634759640468,29.48824168622337,29.534160614013672,308864000,0.0,0.0
2021-12-31 00:00:00-05:00,29.6220062223588,29.977383352467218,29.279606801609862,29.359466552734375,266530000,0.0,0.0
2022-01-03 00:00:00-05:00,29.76275846512053,30.65718839576648,29.732810345904568,30.068222045898438,391547000,0.0,0.0
2022-01-04 00:00:00-05:00,30.22394803607981,30.414613344143667,28.299326845991395,29.238677978515625,527154000,0.0,0.0
2022-01-05 00:00:00-05:00,28.89827420780447,29.364456877758002,27.48475689863298,27.555631637573242,498064000,0.0,0.0
2022-01-06 00:00:00-05:00,27.59157032025487,28.38817244992483,27.017578941512586,28.12862777709961,454186000,0.0,0.0
2022-01-07 00:00:00-05:00,28.091691414138594,28.372199176316535,27.009589286388195,27.199256896972656,409939000,0.0,0.0
2022-01-10 00:00:00-05:00,26.534424542018602,27.42086908903126,25.59906606532703,27.35198974609375,594681000,0.0,0.0
2022-01-11 00:00:00-05:00,27.27512514321652,28.01582560455743,26.791973944653037,27.768259048461914,404089000,0.0,0.0
2022-01-12 00:00:00-05:00,28.017821375861725,28.544896110029402,27.559625985910053,27.949941635131836,383413000,0.0,0.0
2022-01-13 00:00:00-05:00,28.329274682646453,28.43009754522804,26.451570009485632,26.5284366607666,540171000,0.0,0.0
2022-01-14 00:00:00-05:00,26.253915387974256,27.149344895054742,26.164072937043017,26.894790649414062,395832000,0.0,0.0
2022-01-18 00:00:00-05:00,26.213987424363868,26.591325351246454,25.724846231443944,25.85761260986328,424270000,0.0,0.0
2022-01-19 00:00:00-05:00,26.03330680371319,26.496492614370172,25.00810580961453,25.02307891845703,488315000,0.0,0.0
2022-01-20 00:00:00-05:00,25.259662338175847,25.534180093180137,24.03580883991224,24.107683181762695,435181000,0.0,0.0
2022-01-21 00:00:00-05:00,23.46580850924162,24.779502459137092,23.22223658982807,23.33304214477539,718958000,0.0,0.0
2022-01-24 00:00:00-05:00,22.290869400458938,23.33902864559402,20.851396888125176,23.331043243408203,913982000,0.0,0.0
2022-01-25 00:00:00-05:00,22.506496560966628,22.902802239409883,21.96145368267217,22.28488540649414,664616000,0.0,0.0
2022-01-26 00:00:00-05:00,23.199277994324547,24.01484586051624,22.260924555461028,22.732097625732422,755959000,0.0,0.0
2022-01-27 00:00:00-05:00,23.526702932775176,23.95295475266017,21.63701845512592,21.905548095703125,573353000,0.0,0.0
2022-01-28 00:00:00-05:00,21.973431793431153,22.81795018269309,21.2586866967448,22.79998207092285,543774000,0.0,0.0
2022-01-31 00:00:00-05:00,23.141378345935742,24.466054667495563,23.01160697733415,24.44309425354004,564680000,0.0,0.0
2022-02-01 00:00:00-05:00,25.060014577270604,25.100943105440315,23.848140964476304,24.594831466674805,518925000,0.0,0.0
2022-02-02 00:00:00-05:00,25.748803893317607,25.7717624041856,24.509977269651007,25.197771072387695,543419000,0.0,0.0
2022-02-03 00:00:00-05:00,24.415142943146904,25.03305776455981,23.7383314909626,23.906036376953125,410178000,0.0,0.0
2022-02-04 00:00:00-05:00,23.929997944628848,24.591836385830984,23.59059351816587,24.276390075683594,354829000,0.0,0.0
2022-02-07 00:00:00-05:00,24.329299938191966,25.13788028311371,24.15959770244227,24.684677124023438,376868000,0.0,0.0
2022-02-08 00:00:00-05:00,24.316318617844477,25.185792784105224,23.937982972320302,25.064006805419922,410359000,0.0,0.0
2022-02-09 00:00:00-05:00,25.57710623910371,26.678174261074123,25.308578465248807,26.6582088470459,524282000,0.0,0.0
2022-02-10 00:00:00-05:00,25.94945126409118,26.877820078131588,25.55514294337122,25.778749465942383,513200000,0.0,0.0
2022-02-11 00:00:00-05:00,25.87058813431055,26.106174655858563,23.73134363249413,23.907033920288086,605472000,0.0,0.0
2022-02-14 00:00:00-05:00,23.892064854710046,24.831416097685928,23.71337763060002,24.2244815826416,440424000,0.0,0.0
2022-02-15 00:00:00-05:00,24.905287053983553,26.49849142319038,24.74057713533627,26.448579788208008,699869000,0.0,0.0
2022-02-16 00:00:00-05:00,26.21298697407953,26.535420933551517,25.507225123269652,26.46454429626465,732676000,0.0,0.0
2022-02-17 00:00:00-05:00,25.58509134880872,25.7398204497376,24.1226600121871,24.464059829711914,810595000,0.0,0.0
2022-02-18 00:00:00-05:00,24.624775798711664,24.942219388593067,23.05952437299927,23.600574493408203,761255000,0.0,0.0
2022-02-22 00:00:00-05:00,22.99463678764962,24.021833053025585,22.959698268691692,23.349014282226562,633422000,0.0,0.0
2022-02-23 00:00:00-05:00,23.760292119255215,24.11267420181989,22.261922849845337,22.34777069091797,566511000,0.0,0.0
2022-02-24 00:00:00-05:00,20.97817568570192,23.758295494434478,20.853394717970634,23.70638656616211,735801000,0.0,0.0
2022-02-25 00:00:00-05:00,23.6794348746559,24.174564129979828,23.340030496986053,24.114669799804688,528866000,0.0,0.0
2022-02-28 00:00:00-05:00,23.949960786293076,24.621781862463187,23.66546032761283,24.34227180480957,477319000,0.0,0.0
2022-03-01 00:00:00-05:00,24.24843435974358,24.334284100534386,23.091464921709193,23.43585968017578,412056000,0.0,0.0
2022-03-02 00:00:00-05:00,23.718414109766783,24.37038082049771,23.377954031259083,24.181678771972656,389642000,0.004,0.0
2022-03-03 00:00:00-05:00,24.223616554370277,24.287516387784404,23.431871814681475,23.676485061645508,365095000,0.0,0.0
2022-03-04 00:00:00-05:00,23.347004684636605,23.64253590739631,22.4464313225243,22.89971351623535,431415000,0.0,0.0
2022-03-07 00:00:00-05:00,22.780902641587442,22.996562434970834,21.296255582695046,21.318220138549805,450821000,0.0,0.0
2022-03-08 00:00:00-05:00,21.275289592142627,22.337605542188697,20.617331721210327,21.479965209960938,557467000,0.0,0.0
2022-03-09 00:00:00-05:00,22.351581700991208,23.183264033281336,22.211803797860465,22.977590560913086,492742000,0.0,0.0
2022-03-10 00:00:00-05:00,22.49535624888527,22.751949646169987,21.847382794874715,22.622156143188477,428066000,0.0,0.0
2022-03-11 00:00:00-05:00,22.9855770902532,23.108383593316066,22.011121351979686,22.06503677368164,367209000,0.0,0.0
2022-03-14 00:00:00-04:00,21.834399997336966,22.226777871939785,21.125524219940516,21.296253204345703,385354000,0.0,0.0
2022-03-15 00:00:00-04:00,21.483957009446616,23.001552744251775,21.28826794519085,22.936655044555664,491996000,0.0,0.0
2022-03-16 00:00:00-04:00,23.462822196971896,24.558086827363052,23.13534198778977,24.457246780395508,671422000,0.0,0.0
2022-03-17 00:00:00-04:00,24.081842080055868,24.802698066127316,23.868179935405454,24.72681999206543,471941000,0.0,0.0
2022-03-18 00:00:00-04:00,24.75976194344014,26.526961844707255,24.58503959627987,26.411144256591797,730719000,0.0,0.0
2022-03-21 00:00:00-04:00,26.46506364568239,27.10904365797584,25.925917057437342,26.69170379638672,591727000,0.0,0.0
2022-03-22 00:00:00-04:00,26.68471261905234,27.194905714445504,26.030750159353722,26.48203468322754,547007000,0.0,0.0
2022-03-23 00:00:00-04:00,26.08466704185797,26.569898230749118,25.534540056766478,25.593446731567383,502120000,0.0,0.0
2022-03-24 00:00:00-04:00,26.12460269441279,28.275194144251657,25.86601168572694,28.1054630279541,877379000,0.0,0.0
2022-03-25 00:00:00-04:00,27.841880951681336,28.313134317487354,27.227854178048023,27.6481876373291,579016000,0.0,0.0
2022-03-28 00:00:00-04:00,27.71208959715497,28.205307554645753,27.162958572961415,28.17435646057129,425494000,0.0,0.0
2022-03-29 00:00:00-04:00,28.649602225179738,28.90020457741188,27.935733252172543,28.61066436767578,488984000,0.0,0.0
2022-03-30 00:00:00-04:00,28.25921951967007,28.45091518210364,27.459486232193132,27.646190643310547,463487000,0.0,0.0
2022-03-31 00:00:00-04:00,27.738047789237637,28.20331016980752,27.226858654060223,27.24283218383789,523440000,0.0,0.0
2022-04-01 00:00:00-04:00,27.33168603279123,27.452494870558827,26.225439358719886,26.669734954833984,517235000,0.0,0.0
2022-04-04 00:00:00-04:00,26.6857114110765,27.5143981030907,26.570893593401554,27.31671142578125,397120000,0.0,0.0
2022-04-05 00:00:00-04:00,27.21088144403923,27.275779141436164,25.779150145109142,25.88997459411621,436615000,0.0,0.0
2022-04-06 00:00:00-04:00,24.89455002716388,25.25997017360934,23.965023277210598,24.368383407592773,703833000,0.0,0.0
2022-04-07 00:00:00-04:00,24.402333720111592,24.68288930829468,23.440857864946675,24.169702529907227,557992000,0.0,0.0
2022-04-08 00:00:00-04:00,23.879158080016047,23.88514910472886,23.0255113273418,23.082420349121094,524781000,0.0,0.0
2022-04-11 00:00:00-04:00,22.178851342610354,22.284682612627186,21.625727087310946,21.882320404052734,575207000,0.0,0.0
2022-04-12 00:00:00-04:00,22.501344972589628,22.68904726444352,21.248329435806077,21.46997833251953,662258000,0.0,0.0
2022-04-13 00:00:00-04:00,21.693624502064967,22.46440247145248,21.421055702716224,22.167871475219727,516943000,0.0,0.0
2022-04-14 00:00:00-04:00,22.469396023411957,22.740966981123965,21.129520025596825,21.224369049072266,569097000,0.0,0.0
2022-04-18 00:00:00-04:00,21.166457415456822,22.05305097545112,21.045648576229645,21.74853515625,525701000,0.0,0.0
2022-04-19 00:00:00-04:00,21.685637426012697,22.337604232627974,21.280279596760053,22.16288185119629,512781000,0.0,0.0
2022-04-20 00:00:00-04:00,22.481377661113427,22.634135488867564,21.166461756400285,21.448015213012695,468974000,0.0,0.0
2022-04-21 00:00:00-04:00,21.67465447269553,22.35657448244033,19.968358596275365,20.15106964111328,656209000,0.0,0.0
2022-04-22 00:00:00-04:00,20.27087856646262,20.453589609860156,19.469149477885896,19.4841251373291,624713000,0.0,0.0
2022-04-25 00:00:00-04:00,19.171624289204424,19.913448978350143,19.065792974611067,19.87051773071289,641566000,0.0,0.0
2022-04-26 00:00:00-04:00,19.686802954155635,19.75669189674931,18.640460745330987,18.75827407836914,653143000,0.0,0.0
2022-04-27 00:00:00-04:00,18.56857337015865,19.136673328416627,18.261062035821368,18.3858642578125,499460000,0.0,0.0
2022-04-28 00:00:00-04:00,18.93698897780138,20.005297595782352,18.460744415559034,19.750699996948242,570327000,0.0,0.0
2022-04-29 00:00:00-04:00,19.371305106860206,20.09615635655,18.487705010179635,18.517658233642578,500435000,0.0,0.0
2022-05-02 00:00:00-04:00,18.511665122150422,19.543029767970605,18.36190283037338,19.50209617614746,572049000,0.0,0.0
2022-05-03 00:00:00-04:00,19.36930761313559,19.79363637931418,19.102729825683173,19.570987701416016,475751000,0.0,0.0
2022-05-04 00:00:00-04:00,19.89147934504061,20.3677239478754,18.721332730387665,20.301828384399414,648855000,0.0,0.0
2022-05-05 00:00:00-04:00,19.835570298208268,19.893477199554358,18.47073236054234,18.81418800354004,626331000,0.0,0.0
2022-05-06 00:00:00-04:00,18.706358724203252,19.481130122104307,17.96153864595354,18.64545440673828,633297000,0.0,0.0
2022-05-09 00:00:00-04:00,18.005470062057196,18.226119199359047,16.800378841340265,16.923185348510742,644455000,0.0,0.0
2022-05-10 00:00:00-04:00,17.661012701780987,18.1692081694567,16.998063684586604,17.567161560058594,761474000,0.0,0.0
2022-05-11 00:00:00-04:00,17.31955381351451,17.724911580118736,16.541787012472994,16.603687286376953,670167000,0.0,0.0
2022-05-12 00:00:00-04:00,16.193341264041266,16.761441344854425,15.542373259298687,16.149410247802734,708728000,0.0,0.0
2022-05-13 00:00:00-04:00,16.761441081977896,17.899636964841285,16.5667498814177,17.677988052368164,670437000,0.0,0.0
2022-05-16 00:00:00-04:00,17.481301866378754,17.759859823271352,17.07893952672001,17.2366886138916,521446000,0.0,0.0
2022-05-17 00:00:00-04:00,18.04540336617062,18.34193434694822,17.606100889632476,18.14824104309082,585830000,0.0,0.0
2022-05-18 00:00:00-04:00,17.676990169187597,18.08933689945816,16.837321048409155,16.911203384399414,545161000,0.0,0.0
2022-05-19 00:00:00-04:00,16.91020226237054,17.659015599508766,16.707522431730485,17.096906661987305,621310000,0.0,0.0
2022-05-20 00:00:00-04:00,17.30458031525228,17.382456030278203,15.73007462070742,16.66758918762207,739105000,0.0,0.0
2022-05-23 00:00:00-04:00,16.24825029256108,16.888236803475092,16.15340129384625,16.87126350402832,639889000,0.0,0.0
2022-05-24 00:00:00-04:00,16.483878501085666,16.57074074512232,15.755032994513659,16.128440856933594,588550000,0.0,0.0
2022-05-25 00:00:00-04:00,15.994655856173082,17.083929432634935,15.974687040333203,16.948144912719727,781132000,0.0,0.0
2022-05-26 00:00:00-04:00,16.010628703746065,18.063375657281167,15.996650914119456,17.822757720947266,996575000,0.0,0.0
2022-05-27 00:00:00-04:00,18.15722741438073,18.85112749906634,18.071363039501787,18.781238555908203,738379000,0.0,0.0
2022-05-31 00:00:00-04:00,18.949971241226027,19.169624397490942,18.320968803583344,18.642459869384766,664100000,0.0,0.0
2022-06-01 00:00:00-04:00,18.694377690643833,19.022855747717312,18.093328926485647,18.291015625,544514000,0.0,0.0
2022-06-02 00:00:00-04:00,18.263056649595164,19.587956621485738,18.169205521550257,19.560998916625977,648656000,0.0,0.0
2022-06-03 00:00:00-04:00,19.051812636929697,19.301417132077827,18.49269719667944,18.690383911132812,598779000,0.0,0.0
2022-06-06 00:00:00-04:00,19.108715339912287,19.3064019888825,18.534624429505154,18.75627326965332,422406000,0.0,0.0
2022-06-07 00:00:00-04:00,18.442776806994864,18.969941371656333,18.159225708286073,18.896059036254883,388914000,0.0,0.0
2022-06-08 00:00:00-04:00,18.773226668072084,19.15370484145058,18.509588668664488,18.622434616088867,363252000,0.004,0.0
2022-06-09 00:00:00-04:00,18.455661264165464,18.9070411835203,18.016264022834164,18.02325439453125,395574000,0.0,0.0
2022-06-10 00:00:00-04:00,17.575868590287566,17.672735713116985,16.845869983240426,16.950727462768555,465248000,0.0,0.0
2022-06-13 00:00:00-04:00,15.978063114136962,16.289635619144264,15.5846032566188,15.625547409057617,604153000,0.0,0.0
2022-06-14 00:00:00-04:00,15.709431606714736,16.043972335554802,15.39086873500502,15.814288139343262,469680000,0.0,0.0
2022-06-15 00:00:00-04:00,16.07293416311362,16.844875148826677,15.904166178242575,16.504343032836914,563936000,0.0,0.0
2022-06-16 00:00:00-04:00,15.838254590231825,15.920142894443504,15.379884274081553,15.579609870910645,545749000,0.0,0.0
2022-06-17 00:00:00-04:00,15.626546404282076,15.973070790259849,15.306985428048275,15.85822868347168,630334000,0.0,0.0
2022-06-21 00:00:00-04:00,16.452416232112355,16.984684628646672,16.38450865504624,16.543291091918945,483089000,0.0,0.0
2022-06-22 00:00:00-04:00,16.203751242608906,16.639154235727236,16.157814788761254,16.337568283081055,437135000,0.0,0.0
2022-06-23 00:00:00-04:00,16.49634866159387,16.562258148807814,15.83126245078347,16.2027530670166,463680000,0.0,0.0
2022-06-24 00:00:00-04:00,16.477376935581376,17.11649882538618,16.287636910270518,17.10251808166504,472153000,0.0,0.0
2022-06-27 00:00:00-04:00,17.288268296742476,17.30624327115615,16.603207869957473,16.845874786376953,427968000,0.0,0.0
2022-06-28 00:00:00-04:00,16.87682839483553,17.178414374885598,15.92313785085493,15.960087776184082,461149000,0.0,0.0
2022-06-29 00:00:00-04:00,15.792319274408227,15.798310614181643,15.149202139419758,15.520691871643066,482352000,0.0,0.0
2022-06-30 00:00:00-04:00,15.339940655706025,15.545658564370902,14.84162517143051,15.13821792602539,686070000,0.0,0.0
2022-07-01 00:00:00-04:00,14.878575821347766,15.042350559475798,14.372270874547068,14.503090858459473,577610000,0.0,0.0
2022-07-05 00:00:00-04:00,14.155565553205147,14.950473724833659,14.035730193518944,14.943483352661133,651397000,0.0,0.0
2022-07-06 00:00:00-04:00,14.989421379778362,15.297997753159068,14.768723702355592,15.109256744384766,529066000,0.0,0.0
2022-07-07 00:00:00-04:00,15.434808686703755,15.923137588985114,15.367900161488345,15.836256980895996,492903000,0.0,0.0
2022-07-08 00:00:00-04:00,15.408847328908836,16.015015543518548,15.367903170070305,15.816287994384766,467972000,0.0,0.0
2022-07-11 00:00:00-04:00,15.504712392374874,15.505711425082758,15.017381570842117,15.1312255859375,437321000,0.0,0.0
2022-07-12 00:00:00-04:00,15.247065144040052,15.40984175552601,14.856601463953918,15.061320304870605,458483000,0.0,0.0
2022-07-13 00:00:00-04:00,14.569996097816231,15.353919647779461,14.445167482793634,15.143208503723145,521918000,0.0,0.0
2022-07-14 00:00:00-04:00,15.087285563609488,15.451784891767781,14.707806458761096,15.350923538208008,456235000,0.0,0.0
2022-07-15 00:00:00-04:00,15.637532300377915,15.76036286285932,15.42382498806243,15.74039077758789,385935000,0.0,0.0
2022-07-18 00:00:00-04:00,16.27964880664775,16.87383233225247,15.98006089057034,16.07892417907715,670517000,0.0,0.0
2022-07-19 00:00:00-04:00,16.463397441175893,17.086542473862675,16.14982876399713,16.968704223632812,702366000,0.0,0.0
2022-07-20 00:00:00-04:00,16.92376734668727,17.908415670341522,16.777967593941465,17.7825870513916,760538000,0.0,0.0
2022-07-21 00:00:00-04:00,17.86048049580398,18.11912428792284,17.52094647197657,18.025253295898438,557049000,0.0,0.0
2022-07-22 00:00:00-04:00,17.868468104985222,17.94236605570938,17.113504073103183,17.295255661010742,536671000,0.0,0.0
2022-07-25 00:00:00-04:00,16.9956657310704,17.100523221688167,16.626174074697623,17.000659942626953,480748000,0.0,0.0
2022-07-26 00:00:00-04:00,16.86584492916972,16.89580448453477,16.455409115756805,16.510334014892578,397865000,0.0,0.0
2022-07-27 00:00:00-04:00,17.008644027504108,17.911405628891277,16.889807727353364,17.765605926513672,569776000,0.0,0.0
2022-07-28 00:00:00-04:00,17.950358329656012,18.11513113955809,17.416091917219173,17.9593448638916,474646000,0.0,0.0
2022-07-29 00:00:00-04:00,17.788577248891293,18.218986083426355,17.66774285617166,18.138097763061523,435460000,0.0,0.0
2022-08-01 00:00:00-04:00,18.157068619461956,18.820159626321786,17.965332447641444,18.415714263916016,476469000,0.0,0.0
2022-08-02 00:00:00-04:00,18.097151618360463,18.91203273831528,18.067192067392018,18.50059700012207,489527000,0.0,0.0
2022-08-03 00:00:00-04:00,18.159068404484795,18.94199387860434,18.112131961169382,18.867095947265625,418146000,0.0,0.0
2022-08-04 00:00:00-04:00,18.823160297594526,19.24757689107455,18.734281609291912,19.188657760620117,409652000,0.0,0.0
2022-08-05 00:00:00-04:00,18.784211469742147,19.202637656923585,18.640409788848668,18.962966918945312,386068000,0.0,0.0
2022-08-08 00:00:00-04:00,17.478002915306064,18.21399188909155,17.21835918610946,17.76860237121582,981859000,0.0,0.0
2022-08-09 00:00:00-04:00,17.22834908101904,17.42308143991312,16.701073067496456,17.062576293945312,668263000,0.0,0.0
2022-08-10 00:00:00-04:00,17.67373805340907,18.093162358417025,17.293259842036015,18.07219123840332,597422000,0.0,0.0
2022-08-11 00:00:00-04:00,18.10614231673798,18.681352814995762,17.851490863530667,17.917400360107422,509327000,0.0,0.0
2022-08-12 00:00:00-04:00,18.135098798533694,18.692334230980617,17.92838190616684,18.683345794677734,478094000,0.0,0.0
2022-08-15 00:00:00-04:00,18.67535960434154,19.13772413803564,18.58748091480707,19.005905151367188,457666000,0.0,0.0
2022-08-16 00:00:00-04:00,18.894059233195584,19.115754975228306,18.47563309117103,18.85311508178711,451240000,0.0,0.0
2022-08-17 00:00:00-04:00,18.497606022739234,18.662378820302454,18.120123994766043,18.30986213684082,446799000,0.0,0.0
2022-08-18 00:00:00-04:00,18.275909944267593,18.83913587806954,18.15807169165651,18.747262954711914,415447000,0.0,0.0
2022-08-19 00:00:00-04:00,18.380767165882073,18.494611202126215,17.745639384699512,17.82453155517578,441588000,0.0,0.0
2022-08-22 00:00:00-04:00,17.4660190619216,17.53392661882778,16.942737355813545,17.010644912719727,409593000,0.0,0.0
2022-08-23 00:00:00-04:00,16.965705916771867,17.44105308355204,16.946730962850925,17.157442092895508,369986000,0.0,0.0
2022-08-24 00:00:00-04:00,16.98867408521419,17.382134879990968,16.871835828872985,17.198387145996094,522661000,0.0,0.0
2022-08-25 00:00:00-04:00,16.820906458784396,17.922394867434686,16.80992185996255,17.88844108581543,770691000,0.0,0.0
2022-08-26 00:00:00-04:00,17.832519805720057,17.899427390180133,16.21473986042413,16.237709045410156,769127000,0.0,0.0
2022-08-29 00:00:00-04:00,15.998035568116483,16.315598448591818,15.745382195272603,15.779335021972656,496132000,0.0,0.0
2022-08-30 00:00:00-04:00,15.938119627666996,16.01701084238438,15.161186351030654,15.446794509887695,530181000,0.0,0.0
2022-08-31 00:00:00-04:00,15.362908457406297,15.518694719527108,14.938490939263094,15.0733060836792,573710000,0.0,0.0
2022-09-01 00:00:00-04:00,14.189516955759013,14.360282969003352,13.251805288994547,13.917890548706055,1178865000,0.0,0.0
2022-09-02 00:00:00-04:00,14.080668193345614,14.151569993548428,13.572365294475969,13.628289222717285,743157000,0.0,0.0
2022-09-06 00:00:00-04:00,13.712174019390066,13.760108544084295,13.332694905205493,13.446538925170898,535751000,0.0,0.0
2022-09-07 00:00:00-04:00,13.548427690992794,13.823132803648221,13.331660827330733,13.699265480041504,512657000,0.004,0.0
2022-09-08 00:00:00-04:00,13.444541114584974,13.99295208288804,13.35463859857364,13.974970817565918,624873000,0.0,0.0
2022-09-09 00:00:00-04:00,14.14178954339526,14.458449352554968,14.1108236647472,14.371542930603027,486612000,0.0,0.0
2022-09-12 00:00:00-04:00,14.35356350397063,14.531371771685043,14.182746732868823,14.48941707611084,484159000,0.0,0.0
2022-09-13 00:00:00-04:00,13.78717243345947,13.90704340206628,13.084927604067657,13.11689281463623,714956000,0.0,0.0
2022-09-14 00:00:00-04:00,13.239760454812524,13.275722030199116,12.89912719985131,13.113896369934082,588507000,0.0,0.0
2022-09-15 00:00:00-04:00,13.00101960239549,13.218784885228757,12.776260916811962,12.915111541748047,523625000,0.0,0.0
2022-09-16 00:00:00-04:00,12.728309378217253,13.197804667975822,12.60344368060644,13.183819770812988,670751000,0.0,0.0
2022-09-19 00:00:00-04:00,12.998021871678207,13.448537595855514,12.996024164991917,13.367624282836914,569685000,0.0,0.0
2022-09-20 00:00:00-04:00,13.200803821739566,13.468515569793002,13.042973562258846,13.161845207214355,524818000,0.0,0.0
2022-09-21 00:00:00-04:00,13.198805875239975,14.01592695660969,13.095915885590195,13.246753692626953,807679000,0.0,0.0
2022-09-22 00:00:00-04:00,13.055959368568894,13.134874976064083,12.414649785628118,12.547506332397461,759162000,0.0,0.0
2022-09-23 00:00:00-04:00,12.406657353956374,12.597452148701835,12.243832357060537,12.502553939819336,663309000,0.0,0.0
2022-09-26 00:00:00-04:00,12.47758173756805,12.645401484838764,12.200878877608904,12.214863777160645,547343000,0.0,0.0
2022-09-27 00:00:00-04:00,12.493564718799432,12.722318814218484,12.244832603128204,12.399665832519531,553854000,0.0,0.0
2022-09-28 00:00:00-04:00,12.396668635349345,12.809225084459534,12.3407290361886,12.722318649291992,542414000,0.0,0.0
2022-09-29 00:00:00-04:00,12.434627698749594,12.486571883512196,11.93316711671052,12.206872940063477,532763000,0.0,0.0
2022-09-30 00:00:00-04:00,12.074014262996702,12.619428149755207,12.062027071325655,12.125958442687988,565638000,0.0,0.0
2022-10-03 00:00:00-04:00,12.333736288383395,12.66438103750038,12.091995679020886,12.49855899810791,547478000,0.0,0.0
2022-10-04 00:00:00-04:00,12.865163269344546,13.205797475323331,12.865163269344546,13.152853965759277,584182000,0.0,0.0
2022-10-05 00:00:00-04:00,12.897129724217045,13.30668910117223,12.607441314713395,13.194808959960938,507131000,0.0,0.0
2022-10-06 00:00:00-04:00,13.205797781421655,13.641329249168423,13.088922897428635,13.115894317626953,644157000,0.0,0.0
2022-10-07 00:00:00-04:00,12.49156642287505,12.65638913094354,12.00908549131545,12.063027381896973,672478000,0.0,0.0
2022-10-10 00:00:00-04:00,12.024069418326597,12.110975855224824,11.395745386998117,11.657464027404785,698699000,0.0,0.0
2022-10-11 00:00:00-04:00,11.548579372352663,11.833273031713603,11.27087816209463,11.573553085327148,667482000,0.0,0.0
2022-10-12 00:00:00-04:00,11.566560749292124,11.722392337587419,11.332811937874556,11.487645149230957,492590000,0.0,0.0
2022-10-13 00:00:00-04:00,10.959214240194914,12.0650254080203,10.80138397760334,11.947152137756348,850103000,0.0,0.0
2022-10-14 00:00:00-04:00,12.044048399893033,12.097990293431844,11.191965014212549,11.214940071105957,713432000,0.0,0.0
2022-10-17 00:00:00-04:00,11.505626467697512,11.935164846156956,11.50462809067123,11.875228881835938,580774000,0.0,0.0
2022-10-18 00:00:00-04:00,12.330737373984293,12.478578125385349,11.605517561651737,11.954142570495605,659362000,0.0,0.0
2022-10-19 00:00:00-04:00,11.866237416989302,12.336732065245936,11.821285686867334,12.038052558898926,523131000,0.0,0.0
2022-10-20 00:00:00-04:00,12.099985367354723,12.755280679635693,12.091993589341671,12.180898666381836,652398000,0.0,0.0
2022-10-21 00:00:00-04:00,12.08500154788342,12.484572361651132,11.874228755754816,12.452606201171875,609494000,0.0,0.0
2022-10-24 00:00:00-04:00,12.4945626379864,12.696345287738323,12.051039397189356,12.585464477539062,517457000,0.0,0.0
2022-10-25 00:00:00-04:00,12.680363371654026,13.28571230644429,12.650394914056134,13.246753692626953,505482000,0.0,0.0
2022-10-26 00:00:00-04:00,12.855176364987711,13.373617948238937,12.69434906206043,12.882146835327148,532953000,0.0,0.0
2022-10-27 00:00:00-04:00,13.615357966211398,13.823134703279653,13.107903316267763,13.161845207214355,583113000,0.0,0.0
2022-10-28 00:00:00-04:00,13.089923183140582,13.835122085871737,13.046969154666838,13.819138526916504,521040000,0.0,0.0
2022-10-31 00:00:00-04:00,13.763199312088274,13.823135278216157,13.282716063958425,13.482501029968262,486341000,0.0,0.0
2022-11-01 00:00:00-04:00,13.796163675250103,13.91004153308199,13.504477533417388,13.528451919555664,432817000,0.0,0.0
2022-11-02 00:00:00-04:00,13.835122332912915,14.194735268129875,13.196808825129144,13.20479965209961,672628000,0.0,0.0
2022-11-03 00:00:00-04:00,13.028986788993638,13.76619379610338,12.942080368709327,13.406579971313477,500065000,0.0,0.0
2022-11-04 00:00:00-04:00,13.9709753954596,14.213714379632444,13.682285347325527,14.140792846679688,612576000,0.0,0.0
2022-11-07 00:00:00-05:00,14.212717264887232,14.396519644076326,13.939012355732789,14.285638809204102,410061000,0.0,0.0
2022-11-08 00:00:00-05:00,14.785099833381034,14.875003304313351,14.20072822497082,14.58631420135498,595292000,0.0,0.0
2022-11-09 00:00:00-05:00,14.146786897646434,14.195735001155587,13.744219921750998,13.761201858520508,454414000,0.0,0.0
2022-11-10 00:00:00-05:00,14.78410157379975,15.756055920385691,14.53137309508661,15.733080863952637,700819000,0.0,0.0
2022-11-11 00:00:00-05:00,15.790020660509551,16.37139526908105,15.465369958229326,16.30946159362793,655487000,0.0,0.0
2022-11-14 00:00:00-05:00,16.200573689959104,16.522228194416297,15.904891270595044,16.277490615844727,527852000,0.0,0.0
2022-11-15 00:00:00-05:00,16.704035679925042,16.979738243381533,16.3644007894485,16.648096084594727,545876000,0.0,0.0
2022-11-16 00:00:00-05:00,16.144637217510404,16.34442120688964,15.85594719034248,15.89290714263916,649547000,0.0,0.0
2022-11-17 00:00:00-05:00,15.698117440433851,16.248526092519732,15.518310510588035,15.660158157348633,710894000,0.0,0.0
2022-11-18 00:00:00-05:00,15.948847340613554,15.984809869987044,15.103756479830084,15.392446517944336,492072000,0.0,0.0
2022-11-21 00:00:00-05:00,15.130728243271124,15.460373655747635,15.063799831129005,15.300545692443848,404739000,0.0,0.0
2022-11-22 00:00:00-05:00,15.311533717452877,16.040749998560774,15.10575468856274,16.020771026611328,472866000,0.0,0.0
2022-11-23 00:00:00-05:00,16.08070587095073,16.509245859928704,16.030760346892983,16.501253128051758,427241000,0.0,0.0
2022-11-25 00:00:00-05:00,16.300470283585213,16.469287445678606,16.154627223569857,16.252521514892578,167934000,0.0,0.0
2022-11-28 00:00:00-05:00,16.008783189002287,16.339428893631666,15.708107848172721,15.80999755859375,303741000,0.0,0.0
2022-11-29 00:00:00-05:00,15.809997782076703,15.914885483010194,15.503328364152237,15.622200012207031,298384000,0.0,0.0
2022-11-30 00:00:00-05:00,15.684146535771454,16.91613768564476,15.584228989487908,16.909143447875977,565298000,0.004,0.0
2022-12-01 00:00:00-05:00,16.985083344047936,17.250864409196577,16.621381033320617,17.1209716796875,470977000,0.0,0.0
2022-12-02 00:00:00-05:00,16.6453593433564,16.919135148946967,16.43153387375457,16.862180709838867,371389000,0.0,0.0
2022-12-05 00:00:00-05:00,16.665343049693824,16.981084273964576,16.45851182236528,16.596399307250977,352255000,0.0,0.0
2022-12-06 00:00:00-05:00,16.51646791728719,16.55943198225512,15.806049556125465,15.973912239074707,352694000,0.0,0.0
2022-12-07 00:00:00-05:00,15.759088264862537,16.172749846641757,15.654173729604334,16.10680389404297,372388000,0.0,0.0
2022-12-08 00:00:00-05:00,16.259677159760216,17.16493550735757,15.945933165507713,17.154943466186523,515456000,0.0,0.0
2022-12-09 00:00:00-05:00,17.145949833064485,17.56860383071365,16.961101838286083,16.987079620361328,465338000,0.0,0.0
2022-12-12 00:00:00-05:00,17.0230536282157,17.523642944893684,16.783250328505517,17.520645141601562,457328000,0.0,0.0
2022-12-13 00:00:00-05:00,18.515829057167874,18.774617794918285,17.696500685046704,18.057205200195312,656589000,0.0,0.0
2022-12-14 00:00:00-05:00,17.97227218085048,18.237056501037223,17.405736991187297,17.659528732299805,496888000,0.0,0.0
2022-12-15 00:00:00-05:00,17.13196514936548,17.305822509223415,16.686331073879323,16.93812370300293,478542000,0.0,0.0
2022-12-16 00:00:00-05:00,16.850189582205104,17.02704467415958,16.396560911932276,16.55742835998535,478232000,0.0,0.0
2022-12-19 00:00:00-05:00,16.558430631961176,16.595399084562928,16.131780232311364,16.240690231323242,354039000,0.0,0.0
2022-12-20 00:00:00-05:00,16.05084993795553,16.296648863545872,15.839024530853546,16.07183265686035,403260000,0.0,0.0
2022-12-21 00:00:00-05:00,16.100809277833534,16.61338982003307,16.08881806437607,16.487491607666016,325025000,0.0,0.0
2022-12-22 00:00:00-05:00,16.08082276280508,16.12478736252735,14.869815204882304,15.326440811157227,565045000,0.0,0.0
2022-12-23 00:00:00-05:00,15.18355806886971,15.326440634082571,14.87081461834004,15.193550109863281,349326000,0.0,0.0
2022-12-27 00:00:00-05:00,15.0616587078648,15.087637443556918,14.044491580502148,14.1094388961792,464902000,0.0,0.0
2022-12-28 00:00:00-05:00,13.91559845889987,14.250324243293269,13.87263344054516,14.02450942993164,351066000,0.0,0.0
2022-12-29 00:00:00-05:00,14.390207840060333,14.670976937110892,14.215350942267113,14.591042518615723,354923000,0.0,0.0
2022-12-30 00:00:00-05:00,14.322262207626073,14.617020722478546,14.221345079400662,14.602033615112305,310490000,0.0,0.0
2023-01-03 00:00:00-05:00,14.838840315183736,14.983722051275688,14.084458370348052,14.303278923034668,401277000,0.0,0.0
2023-01-04 00:00:00-05:00,14.555073972815984,14.840839115176488,14.229340664811954,14.736924171447754,431324000,0.0,0.0
2023-01-05 00:00:00-05:00,14.479134517120297,14.552074696828278,14.136414963987127,14.25331974029541,389168000,0.0,0.0
2023-01-06 00:00:00-05:00,14.462148249448697,14.997709608789437,14.022508953382575,14.846833229064941,405044000,0.0,0.0
2023-01-09 00:00:00-05:00,15.271487531503388,16.04285486212836,15.128604002009597,15.615205764770508,504231000,0.0,0.0
2023-01-10 00:00:00-05:00,15.494303818205713,15.94893121673774,15.459332626456098,15.895975112915039,384101000,0.0,0.0
2023-01-11 00:00:00-05:00,15.827029456567349,16.014875237006,15.55025585307787,15.987896919250488,353285000,0.0,0.0
2023-01-12 00:00:00-05:00,16.08682134233135,16.623380517982714,15.479318280534368,16.49748420715332,551409000,0.0,0.0
2023-01-13 00:00:00-05:00,16.264670572186482,16.90814423644885,16.15176413943949,16.885162353515625,447287000,0.0,0.0
2023-01-17 00:00:00-05:00,16.885165521758307,17.713487319827372,16.885165521758307,17.68750762939453,511102000,0.0,0.0
2023-01-18 00:00:00-05:00,17.652535475198235,17.858366193598112,17.26785045404388,17.362773895263672,439624000,0.0,0.0
2023-01-19 00:00:00-05:00,17.02205215333367,17.182921549244565,16.717303453615347,16.75127410888672,452932000,0.0,0.0
2023-01-20 00:00:00-05:00,16.997072985244962,17.84138241393569,16.811226343623662,17.82439613342285,564967000,0.0,0.0
2023-01-23 00:00:00-05:00,18.04921071798228,19.229245530307768,17.80341372696204,19.177288055419922,655163000,0.0,0.0
2023-01-24 00:00:00-05:00,18.811582652021247,19.47903681560769,18.804588414658518,19.249223709106445,496204000,0.0,0.0
2023-01-25 00:00:00-05:00,18.89751808696201,19.354144722499697,18.56479049495344,19.30718231201172,449537000,0.0,0.0
2023-01-26 00:00:00-05:00,19.684870441693302,20.149489885366556,19.26221642846413,19.78578758239746,489535000,0.0,0.0
2023-01-27 00:00:00-05:00,19.446067014153495,20.61111281542293,19.38911447092714,20.34832763671875,542142000,0.0,0.0
2023-01-30 00:00:00-05:00,19.9336676842303,20.123510758938984,19.13432150128274,19.146312713623047,488611000,0.0,0.0
2023-01-31 00:00:00-05:00,19.154305515596747,19.67088244369698,18.934486316616958,19.521005630493164,498017000,0.0,0.0
2023-02-01 00:00:00-05:00,19.67487620181203,21.174646573762274,19.594941785261792,20.925851821899414,660477000,0.0,0.0
2023-02-02 00:00:00-05:00,20.98280776765086,21.931030247878642,20.683054133284987,21.691226959228516,564276000,0.0,0.0
2023-02-03 00:00:00-05:00,20.982808913410622,21.727199877694666,20.77198120075705,21.082727432250977,429366000,0.0,0.0
2023-02-06 00:00:00-05:00,20.788962362114802,21.552336685010545,20.768978282111295,21.071731567382812,452197000,0.0,0.0
2023-02-07 00:00:00-05:00,21.364493456754502,22.240776221047813,21.13268305609244,22.15484619140625,664150000,0.0,0.0
2023-02-08 00:00:00-05:00,22.368671190085877,22.859270343104374,21.989981762053976,22.18682098388672,559651000,0.0,0.0
2023-02-09 00:00:00-05:00,22.587493006154816,23.00115361559773,22.101890841134466,22.31871223449707,523876000,0.0,0.0
2023-02-10 00:00:00-05:00,21.67224424031154,22.059925190234175,20.79396411421519,21.247591018676758,550737000,0.0,0.0
2023-02-13 00:00:00-05:00,21.520363482899203,22.02994609258764,20.944834933269593,21.770158767700195,474919000,0.0,0.0
2023-02-14 00:00:00-05:00,21.56033311386482,23.0301294706449,21.348506785905062,22.952194213867188,675474000,0.0,0.0
2023-02-15 00:00:00-05:00,22.530535323111405,22.836284508155895,22.087899190860682,22.745359420776367,420575000,0.0,0.0
2023-02-16 00:00:00-05:00,22.114875333928506,22.53153368148583,21.909044646590957,21.983983993530273,412026000,0.0,0.0
2023-02-17 00:00:00-05:00,21.613292124399432,21.722202143594874,20.957829026914965,21.37049102783203,465888000,0.0,0.0
2023-02-21 00:00:00-05:00,20.982805051800373,21.47640004274012,20.601117866588783,20.63808822631836,410015000,0.0,0.0
2023-02-22 00:00:00-05:00,20.690044741360527,21.086719016348503,20.40427772888048,20.73700523376465,513184000,0.0,0.0
2023-02-23 00:00:00-05:00,23.420810974645615,23.868444166004814,23.00614980675236,23.64462661743164,1117995000,0.0,0.0
2023-02-24 00:00:00-05:00,23.205984468564843,23.45478114392296,22.928212208347944,23.26693344116211,589716000,0.0,0.0
2023-02-27 00:00:00-05:00,23.65062037481705,23.86044752352484,23.43479762020704,23.48175811767578,452994000,0.0,0.0
2023-02-28 00:00:00-05:00,23.352863375406507,23.805493492684064,23.18699892583366,23.196990966796875,455963000,0.0,0.0
2023-03-01 00:00:00-05:00,23.17300974177125,23.236958420824973,22.489569788217572,22.679414749145508,460026000,0.0,0.0
2023-03-02 00:00:00-05:00,22.469593944530445,23.3608621152506,22.413638119920225,23.2949161529541,389415000,0.0,0.0
2023-03-03 00:00:00-05:00,23.300904658172616,23.880429662498482,23.111059701611104,23.870437622070312,412393000,0.0,0.0
2023-03-06 00:00:00-05:00,23.87143962178628,24.22814576739972,23.467769168076714,23.53471565246582,437429000,0.0,0.0
2023-03-07 00:00:00-05:00,23.584684063816997,24.10934295943223,23.22591589464523,23.272886276245117,515154000,0.004,0.0
2023-03-08 00:00:00-05:00,23.471756258943316,24.184294766581292,23.408797420933155,24.165306091308594,513573000,0.0,0.0
2023-03-09 00:00:00-05:00,24.159306518278665,24.438126646150657,23.367820812275305,23.420787811279297,501257000,0.0,0.0
2023-03-10 00:00:00-05:00,23.39380822343578,23.611667155651173,22.71125091840863,22.950096130371094,474866000,0.0,0.0
2023-03-13 00:00:00-04:00,22.737233773647205,23.28287892325679,22.282529164620772,22.951093673706055,421890000,0.0,0.0
2023-03-14 00:00:00-04:00,23.48074905093903,24.20327932512599,23.444771213854455,24.047380447387695,474910000,0.0,0.0
2023-03-15 00:00:00-04:00,23.74557858510268,24.27023747433623,23.344839767755705,24.212276458740234,524486000,0.0,0.0
2023-03-16 00:00:00-04:00,24.01140628522713,25.57139207335748,23.878491278999082,25.524423599243164,583253000,0.0,0.0
2023-03-17 00:00:00-04:00,25.965140466814287,26.38186968989374,25.65134314072659,25.70830726623535,848547000,0.0,0.0
2023-03-20 00:00:00-04:00,25.59837339016035,26.007108309767307,25.113687587733228,25.883188247680664,432747000,0.0,0.0
2023-03-21 00:00:00-04:00,26.163008623155417,26.37487092143437,25.364527413942184,26.181995391845703,547408000,0.0,0.0
2023-03-22 00:00:00-04:00,26.407847658541623,27.571093609171683,26.219969957500446,26.450820922851562,797295000,0.0,0.0
2023-03-23 00:00:00-04:00,27.097400403214937,27.481151940364768,26.672677017823016,27.173351287841797,564889000,0.0,0.0
2023-03-24 00:00:00-04:00,27.01345490097488,27.14936630609579,26.337893083217622,26.76161766052246,454920000,0.0,0.0
2023-03-27 00:00:00-04:00,26.8195836745759,26.9824780003573,26.34788986309708,26.513782501220703,361026000,0.0,0.0
2023-03-28 00:00:00-04:00,26.429835146196694,26.49579229381834,25.83322250551309,26.392858505249023,356104000,0.0,0.0
2023-03-29 00:00:00-04:00,26.80759068169934,27.06042483163502,26.579738018819665,26.96648597717285,393694000,0.0,0.0
2023-03-30 00:00:00-04:00,27.211327368787387,27.481152585329546,27.08440898873497,27.36522674560547,364516000,0.0,0.0
2023-03-31 00:00:00-04:00,27.122388293872156,27.815938202528507,27.087411157796772,27.758975982666016,433933000,0.0,0.0
2023-04-03 00:00:00-04:00,27.49114453298666,27.981825044466152,27.31825649277218,27.946847915649414,398716000,0.0,0.0
2023-04-04 00:00:00-04:00,27.947848187847303,27.981826516516946,27.289275517291117,27.4351806640625,368592000,0.0,0.0
2023-04-05 00:00:00-04:00,26.811587704555983,26.98047673794311,26.37786936739354,26.863554000854492,515015000,0.0,0.0
2023-04-06 00:00:00-04:00,26.566746033983005,27.062424408814838,26.40984834215217,27.019453048706055,397654000,0.0,0.0
2023-04-10 00:00:00-04:00,26.805590178121808,27.603072562534653,26.651690804540983,27.561100006103516,395279000,0.0,0.0
2023-04-11 00:00:00-04:00,27.70600922833138,27.771966381877682,27.108395825863244,27.151369094848633,314378000,0.0,0.0
2023-04-12 00:00:00-04:00,27.352236262733783,27.45017222858766,26.43083380500762,26.47780418395996,446259000,0.0,0.0
2023-04-13 00:00:00-04:00,26.7166476867757,26.869548260916794,26.31191176986607,26.445823669433594,353615000,0.0,0.0
2023-04-14 00:00:00-04:00,26.486796261789348,26.865549967420687,26.202980206526043,26.740631103515625,395660000,0.0,0.0
2023-04-17 00:00:00-04:00,26.547759434806412,26.988473203686386,26.415845135360854,26.98447608947754,321471000,0.0,0.0
2023-04-18 00:00:00-04:00,27.515132130784668,28.091757324454164,27.33924575942383,27.649044036865234,604812000,0.0,0.0
2023-04-19 00:00:00-04:00,27.343240685548253,27.98182586482497,27.214324706114123,27.912870407104492,358660000,0.0,0.0
2023-04-20 00:00:00-04:00,27.653038100145313,28.011806229811754,26.982474123350794,27.086406707763672,427713000,0.0,0.0
2023-04-21 00:00:00-04:00,26.93450514321989,27.165356100991744,26.70465489349958,27.101396560668945,345103000,0.0,0.0
2023-04-24 00:00:00-04:00,26.995465982671657,27.348235579918473,26.653687018838276,27.024446487426758,339282000,0.0,0.0
2023-04-25 00:00:00-04:00,27.06042517631063,27.2293161185349,26.207980048962167,26.223968505859375,378527000,0.0,0.0
2023-04-26 00:00:00-04:00,26.984472931330465,27.312259131421882,26.687664839259735,26.938501358032227,406337000,0.0,0.0
2023-04-27 00:00:00-04:00,27.345240361377464,27.47715465361365,26.60771850599663,27.208328247070312,377161000,0.0,0.0
2023-04-28 00:00:00-04:00,27.20733127338207,27.739984394080437,27.05342998469089,27.73099136352539,292216000,0.0,0.0
2023-05-01 00:00:00-04:00,27.82193199383704,29.039141923615947,27.76197146754515,28.891237258911133,570329000,0.0,0.0
2023-05-02 00:00:00-04:00,28.661384689897297,28.81728357065356,28.06477206868038,28.191688537597656,402730000,0.0,0.0
2023-05-03 00:00:00-04:00,27.821930062469157,28.348588429903444,27.454168889483142,27.783954620361328,383387000,0.0,0.0
2023-05-04 00:00:00-04:00,27.633050368513334,27.840915535411145,27.222317856560554,27.544109344482422,321850000,0.0,0.0
2023-05-05 00:00:00-04:00,27.807942509671445,28.736338582243373,27.713004846193435,28.661388397216797,361494000,0.0,0.0
2023-05-08 00:00:00-04:00,28.503488588696168,29.201035541124472,28.331601238328425,29.132080078125,344979000,0.0,0.0
2023-05-09 00:00:00-04:00,28.88024404414107,28.954195421712242,28.43153605029766,28.55245590209961,314869000,0.0,0.0
2023-05-10 00:00:00-04:00,28.986173947740745,29.094105560009464,28.44252830281305,28.866252899169922,369350000,0.0,0.0
2023-05-11 00:00:00-04:00,28.87724453995884,28.931210344411994,28.227666813122973,28.559450149536133,322149000,0.0,0.0
2023-05-12 00:00:00-04:00,28.51048218586155,28.761320627980606,28.02779588194695,28.321605682373047,274222000,0.0,0.0
2023-05-15 00:00:00-04:00,28.48949703703172,28.95019827906706,28.133729096093575,28.934207916259766,293926000,0.0,0.0
2023-05-16 00:00:00-04:00,28.82228386631905,29.850617354397016,28.81329083509019,29.194042205810547,449405000,0.0,0.0
2023-05-17 00:00:00-04:00,29.56479859708841,30.17939921213159,29.410899219353887,30.15841293334961,432535000,0.0,0.0
2023-05-18 00:00:00-04:00,30.390265310850605,31.80734436933532,30.300323563764547,31.657442092895508,748725000,0.0,0.0
2023-05-19 00:00:00-04:00,31.5155285475328,31.559500611313766,30.895932071373757,31.24370574951172,473908000,0.0,0.0
2023-05-22 00:00:00-04:00,30.880942499765002,31.499542119934745,30.660087176948643,31.155765533447266,372000000,0.0,0.0
2023-05-23 00:00:00-04:00,30.979879050427765,31.267692227057807,30.61111907309606,30.668081283569336,356253000,0.0,0.0
2023-05-24 00:00:00-04:00,30.1903945854029,30.587138221587946,29.786657428411665,30.5181827545166,721419000,0.0,0.0
2023-05-25 00:00:00-04:00,38.497999676577344,39.45437937248708,36.61122438823422,37.955352783203125,1543911000,0.0,0.0
2023-05-26 00:00:00-04:00,37.865408555661546,39.14457660817056,37.52562906518615,38.92072296142578,714397000,0.0,0.0
2023-05-30 00:00:00-04:00,40.56865561638492,41.91078253323842,39.92307495310247,40.08496856689453,923401000,0.0,0.0
2023-05-31 00:00:00-04:00,39.462370269421555,40.26884571341783,37.79745117886432,37.809444427490234,1002580000,0.0,0.0
2023-06-01 00:00:00-04:00,38.46401952597585,40.02400727959351,38.31511796351833,39.74419021606445,635873000,0.0,0.0
2023-06-02 00:00:00-04:00,40.070976234421984,40.47371455603789,39.032649105745655,39.301475524902344,482731000,0.0,0.0
2023-06-05 00:00:00-04:00,38.88375307640513,39.539325641442396,38.68188448589062,39.14558410644531,396094000,0.0,0.0
2023-06-06 00:00:00-04:00,38.80479832868184,39.134582152265736,38.123237977128795,38.628910064697266,388729000,0.0,0.0
2023-06-07 00:00:00-04:00,38.89376845678286,39.47744945385498,37.33561714302101,37.454551696777344,511998000,0.004,0.0
2023-06-08 00:00:00-04:00,37.703416518186614,38.8427939153626,37.48453804984033,38.48898696899414,417772000,0.0,0.0
2023-06-09 00:00:00-04:00,39.0157005810381,39.68933264036205,38.545959600574975,38.74884796142578,427717000,0.0,0.0
2023-06-12 00:00:00-04:00,39.17860923951469,39.5084271752558,38.59692610612492,39.460453033447266,388701000,0.0,0.0
2023-06-13 00:00:00-04:00,40.164076100144555,41.0785778084364,39.71832028335553,40.99961853027344,613208000,0.0,0.0
2023-06-14 00:00:00-04:00,40.80172657491871,42.97653797583017,40.5298718137659,42.973541259765625,740465000,0.0,0.0
2023-06-15 00:00:00-04:00,42.57875935956908,43.265384836246646,42.12400575806211,42.629730224609375,568622000,0.0,0.0
2023-06-16 00:00:00-04:00,43.42629077833163,43.69714280637508,42.637719859224546,42.668704986572266,655709000,0.0,0.0
2023-06-20 00:00:00-04:00,42.974540163328015,43.96599947936296,42.65071563542564,43.784095764160156,451153000,0.0,0.0
2023-06-21 00:00:00-04:00,43.47726740199492,43.591207435657196,42.05704501017966,43.021514892578125,551603000,0.0,0.0
2023-06-22 00:00:00-04:00,42.22994393165169,43.402304245478625,42.2109571046696,43.00152587890625,417737000,0.0,0.0
2023-06-23 00:00:00-04:00,42.440836083085124,42.78564528889148,41.9920797064,42.18597412109375,358140000,0.0,0.0
2023-06-26 00:00:00-04:00,42.43783350035223,42.74066959862616,40.078121507202255,40.609832763671875,594322000,0.0,0.0
2023-06-27 00:00:00-04:00,40.77674114143434,41.91711748885724,40.425934710005095,41.853153228759766,462175000,0.0,0.0
2023-06-28 00:00:00-04:00,40.637811188976045,41.82216589254702,40.49589038816184,41.09456253051758,582639000,0.0,0.0
2023-06-29 00:00:00-04:00,41.53532305058581,41.577299950801056,40.577845588400876,40.79972457885742,380514000,0.0,0.0
2023-06-30 00:00:00-04:00,41.657260733272246,42.526785015369995,41.47835753719588,42.2789192199707,501148000,0.0,0.0
2023-07-03 00:00:00-04:00,42.493797772318985,42.87459038816099,42.178971032897955,42.389854431152344,198209000,0.0,0.0
2023-07-05 00:00:00-04:00,42.112011067613764,43.15344240900505,42.062039108236945,42.293914794921875,323618000,0.0,0.0
2023-07-06 00:00:00-04:00,41.82117097723614,42.15598728056081,41.32344159639819,42.08002853393555,303582000,0.0,0.0
2023-07-07 00:00:00-04:00,42.29890400613968,43.19041935735987,42.156983201831395,42.47980499267578,355881000,0.0,0.0
2023-07-10 00:00:00-04:00,42.633723309603205,42.787638599844065,41.6262701482501,42.156982421875,353908000,0.0,0.0
2023-07-11 00:00:00-04:00,42.45782138833829,42.734670684336905,42.04404961503228,42.38186264038086,298244000,0.0,0.0
2023-07-12 00:00:00-04:00,43.00951883998821,43.911027066615475,42.75365801470833,43.87804412841797,481277000,0.0,0.0
2023-07-13 00:00:00-04:00,44.4937195372768,46.129823871986446,44.46773274275725,45.95192337036133,478204000,0.0,0.0
2023-07-14 00:00:00-04:00,46.55758543157375,48.061765401261425,45.0354175393941,45.44419479370117,772075000,0.0,0.0
2023-07-17 00:00:00-04:00,46.26374664142169,46.47063062366615,45.23730653549651,46.43564987182617,510488000,0.0,0.0
2023-07-18 00:00:00-04:00,46.675519644053644,47.86986733415163,45.709048195215274,47.46808624267578,569164000,0.0,0.0
2023-07-19 00:00:00-04:00,47.43810520447181,47.791912159998795,46.71649899256564,47.05131530761719,427502000,0.0,0.0
2023-07-20 00:00:00-04:00,46.48162003261086,47.061305343359635,45.03740890727205,45.49515914916992,537865000,0.0,0.0
2023-07-21 00:00:00-04:00,45.763017562258014,45.84097793575254,44.07593876183976,44.28482437133789,963769000,0.0,0.0
2023-07-24 00:00:00-04:00,44.70659248014653,45.08438839809802,44.01597143107396,44.5876579284668,382516000,0.0,0.0
2023-07-25 00:00:00-04:00,44.916483110194,46.15780227032599,44.89849137503462,45.65407943725586,348081000,0.0,0.0
2023-07-26 00:00:00-04:00,45.995890105777626,46.02787414060496,44.60565021693435,45.42720031738281,364237000,0.0,0.0
2023-07-27 00:00:00-04:00,46.49361978738997,47.3691412842477,45.72503835474356,45.87495803833008,455976000,0.0,0.0
2023-07-28 00:00:00-04:00,46.64253893821814,47.00134424016971,46.35569676531063,46.72449493408203,331194000,0.0,0.0
2023-07-31 00:00:00-04:00,46.728486722217035,47.1042809800561,46.48062096434278,46.70349884033203,251055000,0.0,0.0
2023-08-01 00:00:00-04:00,46.434645552261735,46.874407881393104,46.00188318529818,46.48162078857422,237858000,0.0,0.0
2023-08-02 00:00:00-04:00,45.80599433851238,45.81498829927392,43.363327623503565,44.24484634399414,530142000,0.0,0.0
2023-08-03 00:00:00-04:00,43.776101176403955,45.093382845124545,43.776101176403955,44.4907112121582,324176000,0.0,0.0
2023-08-04 00:00:00-04:00,44.96045829684696,45.617097541524984,44.36878221779862,44.65562438964844,362666000,0.0,0.0
2023-08-07 00:00:00-04:00,45.08639432416482,45.515161180693575,44.538692894548625,45.39222717285156,322154000,0.0,0.0
2023-08-08 00:00:00-04:00,44.82852923844918,45.217316942470724,44.03196319010825,44.63963317871094,353843000,0.0,0.0
2023-08-09 00:00:00-04:00,44.249839662592294,44.28782094053219,42.11100798733163,42.53078079223633,586449000,0.0,0.0
2023-08-10 00:00:00-04:00,42.13699574373503,43.550225675456986,41.81217231360565,42.364871978759766,492705000,0.0,0.0
2023-08-11 00:00:00-04:00,41.72822134358296,41.995077780865394,40.61682850581949,40.83271026611328,533085000,0.0,0.0
2023-08-14 00:00:00-04:00,40.4639102150388,43.77610121709491,40.28900646052013,43.7291259765625,690286000,0.0,0.0
2023-08-15 00:00:00-04:00,44.535691571886225,45.24330550401963,43.68615300358398,43.9160270690918,676512000,0.0,0.0
2023-08-16 00:00:00-04:00,44.49570885554983,44.65062306232533,43.38231446466475,43.46227264404297,527451000,0.0,0.0
2023-08-17 00:00:00-04:00,43.94600464449855,44.03795349007865,42.97753170604989,43.32034683227539,452395000,0.0,0.0
2023-08-18 00:00:00-04:00,42.611732431819654,43.55421863038225,41.63726601370566,43.27537155151367,583768000,0.0,0.0
2023-08-21 00:00:00-04:00,44.46972171576776,47.03931801786047,44.1978707707313,46.94137191772461,692573000,0.0,0.0
2023-08-22 00:00:00-04:00,48.108730641843266,48.16070421705832,45.308261577730654,45.6430778503418,755293000,0.0,0.0
2023-08-23 00:00:00-04:00,45.840975904298595,47.174247686520786,45.18333397410903,47.090293884277344,779046000,0.0,0.0
2023-08-24 00:00:00-04:00,50.1885998204007,50.23857177595236,47.13326863032971,47.137264251708984,1156044000,0.0,0.0
2023-08-25 00:00:00-04:00,46.9863542513935,47.77892090852691,44.999436003373106,45.992897033691406,925341000,0.0,0.0
2023-08-28 00:00:00-04:00,46.45663639493685,46.9543657684175,44.863508175320256,46.809444427490234,685192000,0.0,0.0
2023-08-29 00:00:00-04:00,46.64053709400586,49.05422026588247,46.36568562252749,48.757381439208984,701397000,0.0,0.0
2023-08-30 00:00:00-04:00,49.01724419129222,49.89976191680816,48.39858238725333,49.237125396728516,735206000,0.0,0.0
2023-08-31 00:00:00-04:00,49.353059479355466,49.71685929593791,48.93128883683363,49.32807159423828,528570000,0.0,0.0
2023-09-01 00:00:00-04:00,49.734847120374766,49.77282458514168,48.115728370005996,48.48252868652344,463830000,0.0,0.0
2023-09-05 00:00:00-04:00,48.19668764519063,48.82434715495617,47.83388674600478,48.52151107788086,382653000,0.0,0.0
2023-09-06 00:00:00-04:00,48.418561612125444,48.526509476419605,46.55842365882449,47.03919982910156,468670000,0.004,0.0
2023-09-07 00:00:00-04:00,45.50390990685552,46.32253071023721,45.13108161869616,46.21957778930664,433330000,0.0,0.0
2023-09-08 00:00:00-04:00,45.92071940996517,46.584409473307375,45.250028806839694,45.55088806152344,473069000,0.0,0.0
2023-09-11 00:00:00-04:00,46.12661816019719,46.14161060053682,44.29147025437245,45.15707015991211,473966000,0.0,0.0
2023-09-12 00:00:00-04:00,44.7172700232729,45.65183817230261,44.510365202730895,44.84920883178711,349256000,0.0,0.0
2023-09-13 00:00:00-04:00,44.57933609209525,45.90872175707665,44.482380908447524,45.46392822265625,398355000,0.0,0.0
2023-09-14 00:00:00-04:00,45.92871163748155,45.96569324434591,45.11009084488952,45.55988311767578,370097000,0.0,0.0
2023-09-15 00:00:00-04:00,45.319995927008314,45.57787583202591,43.78770512533303,43.87966537475586,506831000,0.0,0.0
2023-09-18 00:00:00-04:00,42.72819494263605,44.22150221868088,41.980540410534175,43.94562911987305,500271000,0.0,0.0
2023-09-19 00:00:00-04:00,43.81269066855042,43.94562846497067,42.98207442166159,43.49983596801758,373064000,0.0,0.0
2023-09-20 00:00:00-04:00,43.579802461208814,43.88266351133672,42.203441401322486,42.21943283081055,367108000,0.0,0.0
2023-09-21 00:00:00-04:00,41.563733109931555,42.080491854886056,40.96101186346446,40.99799346923828,450736000,0.0,0.0
2023-09-22 00:00:00-04:00,41.552732912761606,42.09548435148274,41.21189133870758,41.59071731567383,479236000,0.0,0.0
2023-09-25 00:00:00-04:00,41.5717264252529,42.51628820929066,41.15791680778017,42.20243453979492,419091000,0.0,0.0
2023-09-26 00:00:00-04:00,41.98154094572675,42.800161757936735,41.6357005718536,41.89158248901367,402282000,0.0,0.0
2023-09-27 00:00:00-04:00,42.31039336126926,42.85214210831798,41.60971787103185,42.448326110839844,444935000,0.0,0.0
2023-09-28 00:00:00-04:00,42.440328178113646,43.42587144415849,42.095490602814664,43.06903839111328,424663000,0.0,0.0
2023-09-29 00:00:00-04:00,43.80669465697379,44.123549133326094,43.28693511492848,43.47884750366211,397830000,0.0,0.0
2023-10-02 00:00:00-04:00,44.009599054426594,45.154069017187716,43.840678635675474,44.761253356933594,433298000,0.0,0.0
2023-10-03 00:00:00-04:00,44.78723595609942,45.109089160595936,43.22595946616348,43.49683380126953,470850000,0.0,0.0
2023-10-04 00:00:00-04:00,43.72173429497183,44.12254948213482,43.27194202372295,44.02059555053711,361821000,0.0,0.0
2023-10-05 00:00:00-04:00,44.02958867771598,44.87919711812437,43.867664991028235,44.667293548583984,393483000,0.0,0.0
2023-10-06 00:00:00-04:00,44.17252564280475,45.767786867817584,44.005603198940975,45.74079895019531,434436000,0.0,0.0
2023-10-09 00:00:00-04:00,44.8212255136796,45.58387253374561,44.34744607540805,45.25202560424805,409675000,0.0,0.0
2023-10-10 00:00:00-04:00,45.289010107776726,46.23756795276768,45.06711283415853,45.77678298950195,368582000,0.0,0.0
2023-10-11 00:00:00-04:00,46.17460275218862,46.83729768668541,46.028670465862824,46.78432083129883,378137000,0.0,0.0
2023-10-12 00:00:00-04:00,46.75533066493349,47.586945967380146,46.30853914386971,46.92325210571289,481325000,0.0,0.0
2023-10-13 00:00:00-04:00,46.93824763188645,47.09417741780898,45.25902548786261,45.43994140625,474115000,0.0,0.0
2023-10-16 00:00:00-04:00,45.04212315084613,46.203583574312184,44.89119212930561,46.073646545410156,375099000,0.0,0.0
2023-10-17 00:00:00-04:00,43.97961605242817,44.73326836237256,42.46031976761086,43.91764450073242,812333000,0.0,0.0
2023-10-18 00:00:00-04:00,42.57127011789517,43.19898137436451,41.80562611222444,42.17645263671875,627294000,0.0,0.0
2023-10-19 00:00:00-04:00,42.79116734856338,43.27694225554759,41.86259688147746,42.08149719238281,501233000,0.0,0.0
2023-10-20 00:00:00-04:00,41.87058598338193,42.45031901970409,41.05896202028855,41.367820739746094,477266000,0.0,0.0
2023-10-23 00:00:00-04:00,41.209903709929456,43.22796955938642,40.92603485604566,42.95509338378906,478530000,0.0,0.0
2023-10-24 00:00:00-04:00,43.05704182148603,43.67675350399577,42.67122288444641,43.64276885986328,401463000,0.0,0.0
2023-10-25 00:00:00-04:00,43.37788900782008,43.629774950649335,41.53574451341277,41.759639739990234,398379000,0.0,0.0
2023-10-26 00:00:00-04:00,41.833612702341114,42.23642589504536,39.86152709976489,40.30731964111328,541001000,0.0,0.0
2023-10-27 00:00:00-04:00,41.11094855365019,41.18691356194545,39.99646337372596,40.481239318847656,416784000,0.0,0.0
2023-10-30 00:00:00-04:00,41.0679702193919,41.746652746404344,40.462248113483334,41.14193344116211,388028000,0.0,0.0
2023-10-31 00:00:00-04:00,40.43125946211653,40.8600615518642,39.211823492574105,40.761104583740234,517969000,0.0,0.0
2023-11-01 00:00:00-04:00,40.86506257244454,42.361370852066266,40.85007013008419,42.305397033691406,437593000,0.0,0.0
2023-11-02 00:00:00-04:00,43.30792852394851,43.86367072709493,42.87413145459806,43.48584747314453,409172000,0.0,0.0
2023-11-03 00:00:00-04:00,43.99960568025811,45.28800612867796,43.70274239785865,44.98414993286133,424610000,0.0,0.0
2023-11-06 00:00:00-05:00,45.264017491010264,45.91371784511654,44.87819475411046,45.729801177978516,400733000,0.0,0.0
2023-11-07 00:00:00-05:00,45.69782127762116,46.19658683928955,45.137080351571434,45.933712005615234,343165000,0.0,0.0
2023-11-08 00:00:00-05:00,46.07864213351029,46.84528891690733,45.946703314492126,46.552425384521484,346719000,0.0,0.0
2023-11-09 00:00:00-05:00,47.445004273987976,48.207651210787375,46.728337455833405,46.928245544433594,540496000,0.0,0.0
2023-11-10 00:00:00-05:00,47.4779945591138,48.44954438031616,47.261096034839866,48.31260681152344,421245000,0.0,0.0
2023-11-13 00:00:00-05:00,48.29761668915197,49.09324939614511,48.07671839068149,48.597476959228516,384136000,0.0,0.0
2023-11-14 00:00:00-05:00,49.656982745411305,49.81091072360735,49.0172798779873,49.632991790771484,416954000,0.0,0.0
2023-11-15 00:00:00-05:00,49.911872378334216,49.93685851102542,48.17767538907534,48.8653564453125,475497000,0.0,0.0
2023-11-16 00:00:00-05:00,48.65644941593309,49.502058162016766,48.307612072684094,49.45707702636719,339756000,0.0,0.0
2023-11-17 00:00:00-05:00,49.501058800683616,49.69397019639206,48.98429998268991,49.27516555786133,325205000,0.0,0.0
2023-11-20 00:00:00-05:00,49.28915864996291,50.52458618809572,49.15821881141774,50.385650634765625,414120000,0.0,0.0
2023-11-21 00:00:00-05:00,50.10277517356445,50.4935928571012,49.19919468409959,49.920860290527344,565747000,0.0,0.0
2023-11-22 00:00:00-05:00,49.82890718697637,50.311681331872194,47.667906173948076,48.69343185424805,899420000,0.0,0.0
2023-11-24 00:00:00-05:00,48.447546842242424,48.898338123964756,47.72288042046281,47.753868103027344,294645000,0.0,0.0
2023-11-27 00:00:00-05:00,47.777853703101385,48.50751503969105,47.629923460498674,48.21965026855469,395662000,0.0,0.0
2023-11-28 00:00:00-05:00,48.21365202685113,48.30061351892133,47.45100504136806,47.79884338378906,401491000,0.0,0.0
2023-11-29 00:00:00-05:00,48.356594013738764,48.73941604084302,47.83783339129859,48.11770248413086,382005000,0.0,0.0
2023-11-30 00:00:00-05:00,48.00174591431098,48.08770841421174,46.40049083853704,46.748329162597656,526247000,0.0,0.0
2023-12-01 00:00:00-05:00,46.50344903798777,47.178135584830024,46.165604364255195,46.74333572387695,369317000,0.0,0.0
2023-12-04 00:00:00-05:00,46.055649290414806,46.055649290414806,44.98914235651732,45.48891067504883,437543000,0.0,0.0
2023-12-05 00:00:00-05:00,45.448933555568175,46.58250677034524,45.25400705552958,46.54852294921875,371718000,0.004,0.0
2023-12-06 00:00:00-05:00,47.197275238129286,47.36921155253726,45.39495069645239,45.48591613769531,380590000,0.0,0.0
2023-12-07 00:00:00-05:00,45.68284295931475,46.61149502575525,45.58687833083044,46.57850646972656,350823000,0.0,0.0
2023-12-08 00:00:00-05:00,46.57750949930058,47.72307920041658,46.53252440936205,47.48816680908203,359224000,0.0,0.0
2023-12-11 00:00:00-05:00,47.47317498768805,47.51315707527434,45.81279915946564,46.6094970703125,509728000,0.0,0.0
2023-12-12 00:00:00-05:00,46.028715290198626,47.64810605776617,46.028715290198626,47.63911056518555,372387000,0.0,0.0
2023-12-13 00:00:00-05:00,47.611122768046286,48.57576068141439,47.59013074248943,48.069950103759766,447792000,0.0,0.0
2023-12-14 00:00:00-05:00,48.37183404392987,48.65172771318974,47.40419892072773,48.33184814453125,391232000,0.0,0.0
2023-12-15 00:00:00-05:00,48.17591276271675,49.385457727675515,48.10193922357277,48.87165069580078,479948000,0.0,0.0
2023-12-18 00:00:00-05:00,49.381456841806674,50.414066187630915,49.13155069141953,50.05820083618164,412587000,0.0,0.0
2023-12-19 00:00:00-05:00,49.40544401373602,49.68134136834579,48.87664329291069,49.58537673950195,464444000,0.0,0.0
2023-12-20 00:00:00-05:00,49.636352578237826,49.98022517040364,48.07993804838336,48.092933654785156,397894000,0.0,0.0
2023-12-21 00:00:00-05:00,48.79267736467951,49.076571148767,48.40082241502789,48.97161102294922,300425000,0.0,0.0
2023-12-22 00:00:00-05:00,49.17653306295307,49.36446221767303,48.44880569619553,48.81167221069336,252507000,0.0,0.0
2023-12-26 00:00:00-05:00,48.949613984887115,49.581376676631486,48.94161756801922,49.260498046875,244200000,0.0,0.0
2023-12-27 00:00:00-05:00,49.49241160440478,49.66134686842167,49.06656905386932,49.39844512939453,233648000,0.0,0.0
2023-12-28 00:00:00-05:00,49.62436711615611,49.86527396770583,49.39345101981501,49.50341033935547,246587000,0.0,0.0
2023-12-29 00:00:00-05:00,49.79430147307111,49.978234327074226,48.732699840316755,49.50341033935547,389293000,0.0,0.0
2024-01-02 00:00:00-05:00,49.22551389912714,49.27649344260116,47.57713465197093,48.14991760253906,411254000,0.0,0.0
2024-01-03 00:00:00-05:00,47.46717554449256,48.16591065021649,47.302236567517355,47.551143646240234,320896000,0.0,0.0
2024-01-04 00:00:00-05:00,47.74906818641796,48.48179475152094,47.49016653492504,47.979984283447266,306535000,0.0,0.0
2024-01-05 00:00:00-05:00,48.44380758245641,49.52839932284036,48.28786410604074,49.07856750488281,415039000,0.0,0.0
2024-01-08 00:00:00-05:00,49.493411188465835,52.25537427649761,49.46042263300492,52.23337936401367,642510000,0.0,0.0
2024-01-09 00:00:00-05:00,52.38133132087113,54.304608899415356,51.670595858503674,53.120052337646484,773100000,0.0,0.0
2024-01-10 00:00:00-05:00,53.59587564392309,54.57950363229104,53.468920600031716,54.32959747314453,533796000,0.0,0.0
2024-01-11 00:00:00-05:00,54.97835763768243,55.32522751933409,53.53989856479592,54.801422119140625,596759000,0.0,0.0
2024-01-12 00:00:00-05:00,54.59949057976511,54.94936145206347,54.30960236510811,54.689456939697266,352994000,0.0,0.0
2024-01-16 00:00:00-05:00,54.99734961591672,56.813665103138256,54.879393878712925,56.360836029052734,449580000,0.0,0.0
2024-01-17 00:00:00-05:00,56.325847887071866,56.44980188752581,54.71945269845349,56.031959533691406,474394000,0.0,0.0
2024-01-18 00:00:00-05:00,57.23850610997206,57.57837864545508,56.08593900392558,57.08556365966797,491650000,0.0,0.0
2024-01-19 00:00:00-05:00,57.967223547823984,59.47765775373706,57.20351049078824,59.46866226196289,543501000,0.0,0.0
2024-01-22 00:00:00-05:00,60.0264592424289,60.3083548831195,59.04782663734,59.63160705566406,452955000,0.0,0.0
2024-01-23 00:00:00-05:00,59.54764104000483,59.88751357892662,58.56301013401379,59.850528717041016,294654000,0.0,0.0
2024-01-24 00:00:00-05:00,60.281361099060014,62.82540380675393,59.91549737664772,61.33896255493164,560271000,0.0,0.0
2024-01-25 00:00:00-05:00,62.32659482707883,62.695459614186476,60.8271578659148,61.5938720703125,482777000,0.0,0.0
2024-01-26 00:00:00-05:00,60.93711847607482,61.759811433716834,60.550266507965134,61.00809097290039,390309000,0.0,0.0
2024-01-29 00:00:00-05:00,61.209012360122756,62.46554046020734,60.884137413565526,62.441551208496094,348733000,0.0,0.0
2024-01-30 00:00:00-05:00,62.876390843205506,63.46916675485246,62.23662787593773,62.75043487548828,410735000,0.0,0.0
2024-01-31 00:00:00-05:00,61.41693710561366,62.24562831970366,60.6772170002544,61.50390625,453795000,0.0,0.0
2024-02-01 00:00:00-05:00,62.07668769492248,63.167281577618986,61.626859664228725,63.00334167480469,369146000,0.0,0.0
2024-02-02 00:00:00-05:00,63.94998587832111,66.57499963939881,63.66609208338151,66.13516998291016,476578000,0.0,0.0
2024-02-05 00:00:00-05:00,68.19939012424172,69.47091584987561,67.17977633836104,69.30597686767578,680078000,0.0,0.0
2024-02-06 00:00:00-05:00,69.60386495591794,69.72781896754408,66.27512050871108,68.19739532470703,683111000,0.0,0.0
2024-02-07 00:00:00-05:00,68.29335463883889,70.19364201712641,67.57462276790365,70.07268524169922,495575000,0.0,0.0
2024-02-08 00:00:00-05:00,70.04768899799114,70.76741990227906,69.42892572649546,69.61485290527344,414422000,0.0,0.0
2024-02-09 00:00:00-05:00,70.50652100790245,72.15790132018077,70.18564235653706,72.10592651367188,436637000,0.0,0.0
2024-02-12 00:00:00-05:00,72.57274383383451,74.5829904741092,71.22325216031359,72.22087860107422,613710000,0.0,0.0
2024-02-13 00:00:00-05:00,70.37358093821054,73.42243172037925,69.5938748865512,72.1009292602539,602580000,0.0,0.0
2024-02-14 00:00:00-05:00,73.17453257134588,74.20814111994534,71.91100698040367,73.87226867675781,504917000,0.0,0.0
2024-02-15 00:00:00-05:00,73.84127361084667,73.9472289995395,72.37282328939969,72.63072204589844,420122000,0.0,0.0
2024-02-16 00:00:00-05:00,74.07218819490586,74.37407680445715,72.4737892876657,72.58574676513672,495327000,0.0,0.0
2024-02-20 00:00:00-05:00,71.91999242878622,71.92899173506727,67.70857639129635,69.42593383789062,704833000,0.0,0.0
2024-02-21 00:00:00-05:00,67.9804743369606,68.86214710879592,66.22313849991595,67.4466781616211,690298000,0.0,0.0
2024-02-22 00:00:00-05:00,74.99684018330679,78.5455030813757,74.1921420425949,78.5085220336914,865100000,0.0,0.0
2024-02-23 00:00:00-05:00,80.759665666911,82.36305967089498,77.54087350099768,78.78740692138672,829388000,0.0,0.0
2024-02-26 00:00:00-05:00,79.67008277283831,80.61573447856021,78.47553160288044,79.06231689453125,503973000,0.0,0.0
2024-02-27 00:00:00-05:00,79.35119274989219,79.45016223022866,77.13303174065258,78.67144775390625,391705000,0.0,0.0
2024-02-28 00:00:00-05:00,77.59085934529665,78.9033622751971,77.09604245368976,77.63384246826172,393110000,0.0,0.0
2024-02-29 00:00:00-05:00,79.06432254936817,79.95998242968638,78.32059843314822,79.08231353759766,507289000,0.0,0.0
2024-03-01 00:00:00-05:00,79.96996422541928,82.26910374751212,79.40517391258761,82.24810791015625,479135000,0.0,0.0
2024-03-04 00:00:00-05:00,84.0984226679579,87.66208713862926,83.68758143408327,85.20500946044922,615616000,0.0,0.0
2024-03-05 00:00:00-05:00,85.24198821051228,86.06872004565462,83.38960003379123,85.93576049804688,520639000,0.004,0.0
2024-03-06 00:00:00-05:00,87.99308922719804,89.69452599594824,87.00141069166892,88.67086029052734,582520000,0.0,0.0
2024-03-07 00:00:00-05:00,90.12838069813151,92.7365248144859,89.57256358530061,92.63855743408203,608119000,0.0,0.0
2024-03-08 00:00:00-05:00,95.10675351305797,97.36801162259309,86.47758481062256,87.49925231933594,1142269000,0.0,0.0
2024-03-11 00:00:00-04:00,86.40060265646838,88.76782081371123,84.13834572804967,85.74581909179688,678364000,0.0,0.0
2024-03-12 00:00:00-04:00,88.02008324614344,91.92979413377263,86.12170491240781,91.8828125,668075000,0.0,0.0
2024-03-13 00:00:00-04:00,91.02509163024045,91.473941646385,88.40594947132757,90.85814666748047,635713000,0.0,0.0
2024-03-14 00:00:00-04:00,89.54757446626068,90.61622350841212,86.57154750613068,87.91510772705078,602318000,0.0,0.0
2024-03-15 00:00:00-04:00,86.90144388293218,89.51658184476094,86.22866844065179,87.80814361572266,642086000,0.0,0.0
2024-03-18 00:00:00-04:00,90.35830507117406,92.37464071222252,87.05638881145386,88.42594146728516,668976000,0.0,0.0
2024-03-19 00:00:00-04:00,86.67152505126207,90.51426446803778,84.98208522610015,89.36864471435547,672171000,0.0,0.0
2024-03-20 00:00:00-04:00,89.76749997737916,90.38030520484318,88.19401951660328,90.34231567382812,479063000,0.0,0.0
2024-03-21 00:00:00-04:00,92.26968196617385,92.61756721905257,90.37530021359187,91.40496063232422,480372000,0.0,0.0
2024-03-22 00:00:00-04:00,91.11105766429952,94.7468638928685,90.8041593115699,94.25802612304688,586719000,0.0,0.0
2024-03-25 00:00:00-04:00,93.91013861786189,96.7342074446901,93.47928046219188,94.97078704833984,552136000,0.0,0.0
2024-03-26 00:00:00-04:00,95.8195062336972,96.34333614885402,92.47160751849903,92.53058624267578,513648000,0.0,0.0
2024-03-27 00:00:00-04:00,93.08141149546424,93.20936779906054,89.09372349939157,90.22035217285156,586067000,0.0,0.0
2024-03-28 00:00:00-04:00,89.97043858800308,91.27001464058522,89.16370444852706,90.32632446289062,435212000,0.0,0.0
2024-04-01 00:00:00-04:00,90.26933865065378,92.1947007975338,89.17469715880289,90.33331298828125,452441000,0.0,0.0
2024-04-02 00:00:00-04:00,88.41893947358703,90.06440242112468,87.59121620163441,89.42261505126953,433064000,0.0,0.0
2024-04-03 00:00:00-04:00,88.45493823513225,90.3443168469122,88.3709661913593,88.93477630615234,370067000,0.0,0.0
2024-04-04 00:00:00-04:00,90.37629845117095,90.60422800372173,85.85178433643762,85.87677764892578,434965000,0.0,0.0
2024-04-05 00:00:00-04:00,86.83745712010142,88.45193199631433,85.89777114739914,87.97908782958984,399678000,0.0,0.0
2024-04-08 00:00:00-04:00,88.67085666122206,88.80081883400379,86.70350850941023,87.10437774658203,283220000,0.0,0.0
2024-04-09 00:00:00-04:00,87.41326961083752,87.60620698800746,82.99472376686872,85.3259506225586,503547000,0.0,0.0
2024-04-10 00:00:00-04:00,83.89843024698811,87.3712879556285,83.68149867040677,87.01040649414062,431929000,0.0,0.0
2024-04-11 00:00:00-04:00,87.39128560717941,90.70919574606373,86.89745219051976,90.58623504638672,431637000,0.0,0.0
2024-04-12 00:00:00-04:00,89.66953167082109,90.1453808587556,87.50124546153059,88.15702819824219,426805000,0.0,0.0
2024-04-15 00:00:00-04:00,89.06872264461606,90.58322421693445,85.90076523534208,85.97274017333984,443077000,0.0,0.0
2024-04-16 00:00:00-04:00,86.40460421758179,88.08904823109181,86.03572977127556,87.38628387451172,370453000,0.0,0.0
2024-04-17 00:00:00-04:00,88.31097911873327,88.74584141967834,83.92242172115718,84.00740051269531,495400000,0.0,0.0
2024-04-18 00:00:00-04:00,84.94208621726145,86.16168663370678,82.37492908333081,84.64318084716797,447260000,0.0,0.0
2024-04-19 00:00:00-04:00,83.12269469975273,84.29630512599306,75.58117346384236,76.17497253417969,875198000,0.0,0.0
2024-04-22 00:00:00-04:00,78.07834524781059,80.04670035538005,76.3749101252901,79.49188232421875,596341000,0.0,0.0
2024-04-23 00:00:00-04:00,80.74247130165297,82.74181446817349,80.23763989778655,82.39592742919922,438559000,0.0,0.0
2024-04-24 00:00:00-04:00,83.92241667959377,84.05437709629325,79.1569845005292,79.65082550048828,512208000,0.0,0.0
2024-04-25 00:00:00-04:00,78.84209462361733,83.29563335625151,78.19730980842563,82.60486602783203,424641000,0.0,0.0
2024-04-26 00:00:00-04:00,83.79047109382074,88.30198930446801,83.3596128981717,87.70618438720703,551011000,0.0,0.0
2024-04-29 00:00:00-04:00,87.56621534740458,87.96308042933138,85.23797833453733,87.72816467285156,388971000,0.0,0.0
2024-04-30 00:00:00-04:00,87.21134125053536,88.78982495986544,86.27165520822136,86.37361907958984,363709000,0.0,0.0
2024-05-01 00:00:00-04:00,85.04905184528752,85.9717451202874,81.22830132116862,83.01371765136719,559863000,0.0,0.0
2024-05-02 00:00:00-04:00,84.42125626969049,86.20867093085921,83.17266601309362,85.78881072998047,377898000,0.0,0.0
2024-05-03 00:00:00-04:00,87.76016278941914,89.25166943381491,87.01140828668458,88.75983428955078,398341000,0.0,0.0
2024-05-06 00:00:00-04:00,89.36062948973989,92.18970149787158,89.02574047227303,92.10972595214844,376203000,0.0,0.0
2024-05-07 00:00:00-04:00,91.06807385977748,91.75084815179432,88.98176145323684,90.52425384521484,437342000,0.0,0.0
2024-05-08 00:00:00-04:00,89.45359811099952,91.16403442191073,89.39061527356014,90.38229370117188,325721000,0.0,0.0
2024-05-09 00:00:00-04:00,90.4992620554592,91.04208295679378,88.20202038816478,88.71784973144531,378013000,0.0,0.0
2024-05-10 00:00:00-04:00,90.2753342742342,91.3709748992257,89.19768547851668,89.84847259521484,335325000,0.0,0.0
2024-05-13 00:00:00-04:00,90.44827727503778,90.96811074029578,88.49991996993283,90.36930847167969,289680000,0.0,0.0
2024-05-14 00:00:00-04:00,89.56956971282393,91.62089767401247,88.90478722070216,91.32599639892578,296507000,0.0,0.0
2024-05-15 00:00:00-04:00,92.44161932872312,94.83083350687552,91.5689050462718,94.59890747070312,417735000,0.0,0.0
2024-05-16 00:00:00-04:00,94.87882442022669,95.78752238437566,94.07208269713682,94.3280029296875,323952000,0.0,0.0
2024-05-17 00:00:00-04:00,94.33800216120143,94.70887485375151,91.77584059273352,92.44861602783203,359691000,0.0,0.0
2024-05-20 00:00:00-04:00,93.71921034558147,95.16873108150425,93.40931459730984,94.74887084960938,318764000,0.0,0.0
2024-05-21 00:00:00-04:00,93.56825212335475,95.36866300361463,93.14939104451075,95.35466766357422,328946000,0.0,0.0
2024-05-22 00:00:00-04:00,95.42764347286975,95.98845620709115,93.21837032400495,94.91880798339844,548648000,0.0,0.0
2024-05-23 00:00:00-04:00,101.99448585081109,106.2850758370863,101.48664948420172,103.76490783691406,835065000,0.0,0.0
2024-05-24 00:00:00-04:00,104.41468040331056,106.44001572995658,102.96615897909761,106.43402099609375,429494000,0.0,0.0
2024-05-28 00:00:00-04:00,110.20778262251307,114.90123977492766,109.84690116806794,113.86357879638672,652728000,0.0,0.0
2024-05-29 00:00:00-04:00,113.01286640628571,115.45405793078952,110.86457027293942,114.78727722167969,557442000,0.0,0.0
2024-05-30 00:00:00-04:00,114.612337538274,115.78095222554882,109.62697631949285,110.46369934082031,487350000,0.0,0.0
2024-05-31 00:00:00-04:00,112.48303762096089,112.67997913664935,106.90487625910878,109.59699249267578,613263000,0.0,0.0
2024-06-03 00:00:00-04:00,113.58367447543728,114.96221923828125,111.96620219037665,114.96221923828125,438392000,0.0,0.0
2024-06-04 00:00:00-04:00,115.67799408835361,116.56169877793198,114.00753771578134,116.39875030517578,403324000,0.0,0.0
2024-06-05 00:00:00-04:00,118.33210934086958,122.4087647447128,117.42940615929226,122.39977264404297,528402000,0.0,0.0
2024-06-06 00:00:00-04:00,124.00725324087743,125.54574922421772,118.2811377621336,120.95825958251953,664696000,0.0,0.0
2024-06-07 00:00:00-04:00,119.7306529022316,121.65202623467715,117.98323363858707,120.8482894897461,412386000,0.0,0.0
2024-06-10 00:00:00-04:00,120.33046067723372,123.05955958930451,116.9715638416941,121.74999237060547,314162700,0.0,10.0
2024-06-11 00:00:00-04:00,121.7399996348229,122.83973476114328,118.71074727008515,120.88021850585938,222551200,0.01,0.0
2024-06-12 00:00:00-04:00,123.02967165119686,126.84872997628844,122.53979453852547,125.16914367675781,299595000,0.0,0.0
2024-06-13 00:00:00-04:00,129.35813218658845,129.7680348697194,127.12868568021801,129.5780792236328,260704500,0.0,0.0
2024-06-14 00:00:00-04:00,129.92797866788297,132.8072585317083,128.28838344854194,131.84750366210938,309320400,0.0,0.0
2024-06-17 00:00:00-04:00,132.9572533982128,133.69706139159663,129.54808953427707,130.94773864746094,288504400,0.0,0.0
2024-06-18 00:00:00-04:00,131.10769173939232,136.29641557179684,130.6578056523983,135.54660034179688,294335100,0.0,0.0
2024-06-20 00:00:00-04:00,139.765553796689,140.72530869246972,129.4880881954488,130.74777221679688,517768400,0.0,0.0
2024-06-21 00:00:00-04:00,127.08867825178737,130.5978154647857,124.26937345205326,126.53881072998047,655484700,0.0,0.0
2024-06-24 00:00:00-04:00,123.2096275256971,124.42932809847615,118.0109120255889,118.08089447021484,476060900,0.0,0.0
2024-06-25 00:00:00-04:00,121.17013488438512,126.46883208603107,119.29060083723321,126.05892944335938,425787500,0.0,0.0
2024-06-26 00:00:00-04:00,126.09892059020918,128.08842814640124,122.56979155312732,126.36885833740234,362975900,0.0,0.0
2024-06-27 00:00:00-04:00,124.06942327696439,126.37885933630702,122.8897136949346,123.9594497680664,252571700,0.0,0.0
2024-06-28 00:00:00-04:00,124.54930428199576,127.67853027804634,122.71975337861936,123.50955963134766,315516700,0.0,0.0
2024-07-01 00:00:00-04:00,123.4395813225982,124.80923890749885,118.8007251119183,124.26937866210938,284885500,0.0,0.0
2024-07-02 00:00:00-04:00,121.10014907077634,123.37959365292392,121.00017523772506,122.6397705078125,218374000,0.0,0.0
2024-07-03 00:00:00-04:00,121.63003350315482,128.24839782714844,121.33010435521813,128.24839782714844,215749000,0.0,0.0
2024-07-05 00:00:00-04:00,127.34860945857926,128.81825608276083,125.64903140778242,125.79899597167969,214176700,0.0,0.0
2024-07-08 00:00:00-04:00,127.4585719244731,130.73776982046533,127.0086858992603,128.16839599609375,237677300,0.0,0.0
2024-07-09 00:00:00-04:00,130.3178959397844,133.78704236722226,128.61830251041144,131.34764099121094,285366600,0.0,0.0
2024-07-10 00:00:00-04:00,133.99698191654937,135.0667256558596,132.38737791270125,134.87677001953125,248978600,0.0,0.0
2024-07-11 00:00:00-04:00,135.7165473660534,136.11644269274476,127.01869434277064,127.36860656738281,374782700,0.0,0.0
2024-07-12 00:00:00-04:00,128.22839089146464,131.88749271860638,127.18865386253758,129.20816040039062,252680500,0.0,0.0
2024-07-15 00:00:00-04:00,130.52782847793975,131.35762580228223,127.14866403247436,128.40835571289062,208326200,0.0,0.0
2024-07-16 00:00:00-04:00,128.40835436238444,129.00819736720675,124.54930487008038,126.32886505126953,214769500,0.0,0.0
2024-07-17 00:00:00-04:00,121.32009486519661,121.81997165296215,116.6912385563928,117.96092224121094,390086200,0.0,0.0
2024-07-18 00:00:00-04:00,121.81998031239168,122.36984786902624,116.53128260658956,121.06016540527344,320979500,0.0,0.0
2024-07-19 00:00:00-04:00,120.32034955926778,121.57004161457283,117.34108797082892,117.90094757080078,217223800,0.0,0.0
2024-07-22 00:00:00-04:00,120.3203432330864,124.03942781453529,119.8304661088677,123.50955963134766,258068900,0.0,0.0
2024-07-23 00:00:00-04:00,122.74974719191928,124.65928025097237,122.06991443104106,122.5597915649414,173911000,0.0,0.0
2024-07-24 00:00:00-04:00,119.1406333610656,119.92043994002134,113.41204956795865,114.22184753417969,327776900,0.0,0.0
2024-07-25 00:00:00-04:00,113.01214947730902,116.60126129148769,106.27381225253961,112.25233459472656,460067000,0.0,0.0
2024-07-26 00:00:00-04:00,116.16137637359374,116.17136841805404,111.55251154245995,113.03214263916016,293399100,0.0,0.0
2024-07-29 00:00:00-04:00,113.66198865142056,116.25134680115113,111.27257816967544,111.5625,248152100,0.0,0.0
2024-07-30 00:00:00-04:00,111.49251876218644,111.96240417731258,102.51473565355279,103.7044448852539,486833300,0.0,0.0
2024-07-31 00:00:00-04:00,112.87218513169266,118.3108396333588,110.85267854952704,116.99116516113281,473174200,0.0,0.0
2024-08-01 00:00:00-04:00,117.50104810323892,120.13040514788088,106.78368749587625,109.18309783935547,523462300,0.0,0.0
2024-08-02 00:00:00-04:00,103.73443129488524,108.69320802636011,101.3450209019017,107.24356079101562,482027500,0.0,0.0
2024-08-05 00:00:00-04:00,92.0373150047539,103.38452459369911,90.66765743904186,100.42524719238281,552842400,0.0,0.0
2024-08-06 00:00:00-04:00,103.81440159583764,107.68345045446188,100.5252192354799,104.22430419921875,409012100,0.0,0.0
2024-08-07 00:00:00-04:00,107.78343659639361,108.77319818362058,98.6656883565928,98.88563537597656,411440400,0.0,0.0
2024-08-08 00:00:00-04:00,101.97486813365401,105.47400576569116,97.49596860854,104.94413757324219,391910000,0.0,0.0
2024-08-09 00:00:00-04:00,105.6139698534446,106.57373239559361,103.40451530940655,104.72418975830078,290844200,0.0,0.0
2024-08-12 00:00:00-04:00,106.29380189006847,111.04263146519123,106.23381911518737,108.99313354492188,325559900,0.0,0.0
2024-08-13 00:00:00-04:00,112.41229629244809,116.20136332032301,111.55250759337807,116.11138153076172,312646700,0.0,0.0
2024-08-14 00:00:00-04:00,118.5007970340635,118.57077948335262,114.04189674110647,118.05091094970703,339246400,0.0,0.0
2024-08-15 00:00:00-04:00,118.73073896282733,123.2096307926781,117.44105591122558,122.82972717285156,318086700,0.0,0.0
2024-08-16 00:00:00-04:00,121.90995234205361,124.9691958147952,121.15013749579563,124.54930114746094,302589900,0.0,0.0
2024-08-19 00:00:00-04:00,124.2493798220781,129.9679718017578,123.38959109072681,129.9679718017578,318333600,0.0,0.0
2024-08-20 00:00:00-04:00,128.36836140301475,129.8480077753235,125.85898525590325,127.2186508178711,300087400,0.0,0.0
2024-08-21 00:00:00-04:00,127.2886435744744,129.31815003716036,126.62881008429083,128.46835327148438,257883600,0.0,0.0
2024-08-22 00:00:00-04:00,129.98796994394152,130.717785815134,123.06966909662319,123.70951080322266,376189100,0.0,0.0
2024-08-23 00:00:00-04:00,125.82898983127045,129.56807382051312,125.18914813175064,129.33811950683594,323230300,0.0,0.0
2024-08-26 00:00:00-04:00,129.53808260280766,131.22765338990934,124.33935925298674,126.42884063720703,331964700,0.0,0.0
2024-08-27 00:00:00-04:00,125.01920259136338,129.1681743229575,123.84948497148315,128.26840209960938,303134600,0.0,0.0
2024-08-28 00:00:00-04:00,128.0884319398247,128.29838691719942,122.60978624415954,125.57905578613281,448101100,0.0,0.0
2024-08-29 00:00:00-04:00,121.33010304223866,124.3993464291812,116.6812470646182,117.56102752685547,453023300,0.0,0.0
2024-08-30 00:00:00-04:00,119.50054804230363,121.72000228172388,117.19111963899515,119.34059143066406,333751600,0.0,0.0
2024-09-03 00:00:00-04:00,115.9814171340765,116.18136480283337,107.26356453201906,107.973388671875,477155100,0.0,0.0
2024-09-04 00:00:00-04:00,105.38403194779274,113.24208832420429,104.09434887245212,106.18383026123047,372470300,0.0,0.0
2024-09-05 00:00:00-04:00,104.96413183407385,109.6229874268856,104.73419276980215,107.18358612060547,306850700,0.0,0.0
2024-09-06 00:00:00-04:00,108.01337995723738,108.12335346353827,100.92512296050285,102.8046646118164,413638100,0.0,0.0
2024-09-09 00:00:00-04:00,104.85415159157789,106.52374584904946,103.6644500309421,106.44376373291016,273912000,0.0,0.0
2024-09-10 00:00:00-04:00,107.78343479415585,109.37304700834024,104.92413884500664,108.0733642578125,268283700,0.0,0.0
2024-09-11 00:00:00-04:00,109.3630438515934,117.16112485124165,107.39352807236727,116.88119506835938,441422400,0.0,0.0
2024-09-12 00:00:00-04:00,116.82120128077001,120.77057045474369,115.3614370539407,119.12083435058594,367100500,0.01,0.0
2024-09-13 00:00:00-04:00,119.06084000976254,119.94069565795841,117.58107480834963,119.0808334350586,238358300,0.0,0.0
2024-09-16 00:00:00-04:00,116.77120810734208,118.16098383065176,114.34159881620232,116.7612075805664,248772300,0.0,0.0
2024-09-17 00:00:00-04:00,118.15099033708098,118.7808938826076,114.81153124290536,115.57140350341797,231925900,0.0,0.0
2024-09-18 00:00:00-04:00,115.87135202544096,117.68105834506785,113.20178347448297,113.35176086425781,310318900,0.0,0.0
2024-09-19 00:00:00-04:00,117.3311154741421,119.64074895502783,117.2311330909559,117.85103607177734,293506400,0.0,0.0
2024-09-20 00:00:00-04:00,117.041165532472,118.6009197546388,115.37143602446805,115.98133850097656,382462400,0.0,0.0
2024-09-23 00:00:00-04:00,116.5312567610485,116.97118080282907,114.84152614526418,116.24130249023438,206228500,0.0,0.0
2024-09-24 00:00:00-04:00,116.5012492087513,121.78040609310197,115.36143323881014,120.85055541992188,354966800,0.0,0.0
2024-09-25 00:00:00-04:00,122.00036937142775,124.91990547833531,121.5904392877682,123.4901351928711,284692900,0.0,0.0
2024-09-26 00:00:00-04:00,126.77960826024157,127.64946344549999,121.78041247124415,124.02005004882812,302582900,0.0,0.0
2024-09-27 00:00:00-04:00,123.9500642912149,124.01005220096552,119.24082267160239,121.38047790527344,271009200,0.0,0.0
2024-09-30 00:00:00-04:00,118.29096227592748,121.48045146740193,118.13099198549791,121.42046356201172,226553700,0.0,0.0
2024-10-01 00:00:00-04:00,121.75040758040218,122.42030559533124,115.77137385100936,116.9811782836914,302094500,0.0,0.0
2024-10-02 00:00:00-04:00,116.42127087200362,119.360792730428,115.12147695024304,118.83087921142578,221845900,0.0,0.0
2024-10-03 00:00:00-04:00,120.90054847309592,124.33999759824167,120.32063993396463,122.83023834228516,277118000,0.0,0.0
2024-10-04 00:00:00-04:00,124.91990339813242,125.01988578554294,121.810403092212,124.89990234375,243678100,0.0,0.0
2024-10-07 00:00:00-04:00,124.96989107230341,130.61898369823507,124.92989659161151,127.69945526123047,346250200,0.0,0.0
2024-10-08 00:00:00-04:00,130.23904002332463,133.45852325335272,129.39917881279587,132.86862182617188,285722500,0.0,0.0
2024-10-09 00:00:00-04:00,134.08843403580283,134.4983717641675,131.3588773259068,132.628662109375,246191600,0.0,0.0
2024-10-10 00:00:00-04:00,131.88878735570256,134.97828670089152,130.97893005790212,134.78831481933594,242311300,0.0,0.0
2024-10-11 00:00:00-04:00,133.98843884138304,135.75815840657205,133.63850429309608,134.7783203125,170209500,0.0,0.0
2024-10-14 00:00:00-04:00,136.44805696221857,139.57755854294567,136.27808612883217,138.0478057861328,232347700,0.0,0.0
2024-10-15 00:00:00-04:00,137.84782283581688,138.547722466739,128.71930149862905,131.57884216308594,377831000,0.0,0.0
2024-10-16 00:00:00-04:00,133.9584403413635,136.5980149944232,131.55883256815804,135.6981658935547,264879700,0.0,0.0
2024-10-17 00:00:00-04:00,139.31759037510415,140.8673441853548,136.8479863322171,136.90797424316406,306435900,0.0,0.0
2024-10-18 00:00:00-04:00,138.64768884107772,138.87764756674068,137.25791307551907,137.97779846191406,176090200,0.0,0.0
2024-10-21 00:00:00-04:00,138.1077854115753,143.6868896484375,137.97780144123402,143.6868896484375,264554500,0.0,0.0
2024-10-22 00:00:00-04:00,142.88702644418225,144.39677817254247,141.7572032447214,143.56690979003906,226311600,0.0,0.0
2024-10-23 00:00:00-04:00,142.00715584596583,142.4070854107316,137.43789878035992,139.5375518798828,285930000,0.0,0.0
2024-10-24 00:00:00-04:00,140.79735837298583,141.3272719093067,138.4377373361036,140.38742065429688,172354900,0.0,0.0
2024-10-25 00:00:00-04:00,140.90732467853542,144.1068221770471,140.77735596279692,141.51722717285156,205122100,0.0,0.0
2024-10-28 00:00:00-04:00,142.976987375231,143.11696423513524,140.02746516246322,140.4973907470703,173586700,0.0,0.0
2024-10-29 00:00:00-04:00,140.26742736816374,142.23711171034327,138.87765156261756,141.22727966308594,157593600,0.0,0.0
2024-10-30 00:00:00-04:00,139.51754595215704,140.30742741103543,136.78798938993828,139.3175811767578,179418100,0.0,0.0
2024-10-31 00:00:00-04:00,137.57788081150406,137.5878737112806,132.08875807974474,132.7386474609375,270039600,0.0,0.0
2024-11-01 00:00:00-04:00,134.67833522595924,137.2879161101812,134.5483665061615,135.3782196044922,207127800,0.0,0.0
2024-11-04 00:00:00-05:00,137.18793904541485,138.9376575905799,135.54820341905642,136.0281219482422,187528200,0.0,0.0
2024-11-05 00:00:00-05:00,137.4278859649573,140.3474144064953,137.30791015086248,139.8874969482422,160537400,0.0,0.0
2024-11-06 00:00:00-05:00,142.93699575896497,146.46642634688735,141.93715671974996,145.58656311035156,242043900,0.0,0.0
2024-11-07 00:00:00-05:00,146.3664587614797,148.9060435973239,146.14649291865044,148.85606384277344,207323300,0.0,0.0
2024-11-08 00:00:00-05:00,148.7460628790407,149.74590195013883,146.236457046531,147.6062469482422,175665800,0.0,0.0
2024-11-11 00:00:00-05:00,148.65608145399648,148.82606753959354,143.54691790764704,145.23663330078125,182325600,0.0,0.0
2024-11-12 00:00:00-05:00,146.7563770410738,149.62591028148023,145.98649668767203,148.26612854003906,198634700,0.0,0.0
2024-11-13 00:00:00-05:00,149.04601231096433,149.30596496785506,145.87650914358065,146.2464599609375,191903300,0.0,0.0
2024-11-14 00:00:00-05:00,147.6162371498861,148.97601887199116,145.52657719098687,146.7363739013672,194463300,0.0,0.0
2024-11-15 00:00:00-05:00,144.8466877533126,145.2166386002855,140.05746510375218,141.9571533203125,250132900,0.0,0.0
2024-11-18 00:00:00-05:00,139.47755210471132,141.52722527651324,137.1279241566863,140.12744140625,221866000,0.0,0.0
2024-11-19 00:00:00-05:00,141.2972716123141,147.10633445236968,140.96732287230222,146.98634338378906,227834900,0.0,0.0
2024-11-20 00:00:00-05:00,147.38629113505743,147.53626090336707,142.70703603144835,145.8665313720703,309871700,0.0,0.0
2024-11-21 00:00:00-05:00,149.32598496889756,152.8654088901037,140.67736706254192,146.6464080810547,400946600,0.0,0.0
2024-11-22 00:00:00-05:00,145.90650981286518,147.13632286743956,141.07730047570033,141.92715454101562,236406200,0.0,0.0
2024-11-25 00:00:00-05:00,141.9671640146257,142.02715192160386,135.79815839357323,135.9981231689453,344941900,0.0,0.0
2024-11-26 00:00:00-05:00,137.6778530821544,139.277601884859,135.64818075181995,136.89797973632812,190287700,0.0,0.0
2024-11-27 00:00:00-05:00,134.98827330747284,137.19792446250455,131.77879829463743,135.31822204589844,226370900,0.0,0.0
2024-11-29 00:00:00-05:00,136.75800311530705,139.32759715528792,136.02812477876728,138.22776794433594,141863200,0.0,0.0
2024-12-02 00:00:00-05:00,138.8076612979231,140.42739572538855,137.7978293194704,138.60769653320312,171682800,0.0,0.0
2024-12-03 00:00:00-05:00,138.23776359782383,140.51739577472358,137.92781588392697,140.23744201660156,164414000,0.0,0.0
2024-12-04 00:00:00-05:00,141.97715912549498,145.76654278655016,140.26742746830917,145.1166534423828,231224300,0.0,0.0
2024-12-05 00:00:00-05:00,145.0966598316491,146.52652104015894,143.93676281520223,145.04666137695312,172621200,0.01,0.0
2024-12-06 00:00:00-05:00,144.58670004061705,145.68658966441174,141.29699424160657,142.42689514160156,188505600,0.0,0.0
2024-12-09 00:00:00-05:00,138.9572148926683,139.93712045292858,137.1173878488451,138.79722595214844,189308600,0.0,0.0
2024-12-10 00:00:00-05:00,138.99721154250668,141.80696595909077,133.77769033829185,135.05758666992188,210020900,0.0,0.0
2024-12-11 00:00:00-05:00,137.3473626393387,140.15710166074888,135.19756655561218,139.29718017578125,184905200,0.0,0.0
2024-12-12 00:00:00-05:00,137.0673914713081,138.42726697152892,135.7875104425574,137.32736206054688,159211400,0.0,0.0
2024-12-13 00:00:00-05:00,138.92722683278515,139.58716980719961,132.52780616182653,134.23765563964844,231514900,0.0,0.0
2024-12-16 00:00:00-05:00,134.16764608739564,134.38762706465963,130.40799755691268,131.98785400390625,237951100,0.0,0.0
2024-12-17 00:00:00-05:00,129.07812250532473,131.57789255271604,126.84833189511964,130.3780059814453,259410300,0.0,0.0
2024-12-18 00:00:00-05:00,133.84768927135005,136.68742440979707,128.2682006428492,128.8981475830078,277444500,0.0,0.0
2024-12-19 00:00:00-05:00,131.7478712095932,134.01766661792476,129.5380830968377,130.66796875,209719200,0.0,0.0
2024-12-20 00:00:00-05:00,129.7980572196654,135.26755529215387,128.20820713472543,134.68760681152344,306528600,0.0,0.0
2024-12-23 00:00:00-05:00,136.2674627166313,139.77713434768583,135.1075657604122,139.6571502685547,176053500,0.0,0.0
2024-12-24 00:00:00-05:00,139.98712655305678,141.88694573903672,138.6372445869122,140.2071075439453,105157000,0.0,0.0
2024-12-26 00:00:00-05:00,139.68715493157526,140.8370583714796,137.7173348045662,139.91712951660156,116205600,0.0,0.0
2024-12-27 00:00:00-05:00,138.53725762424156,139.00721560881072,134.69761453351015,136.9973907470703,170582600,0.0,0.0
2024-12-30 00:00:00-05:00,134.81759702407376,140.2570989672278,134.00767398793965,137.47735595703125,167734700,0.0,0.0
2024-12-31 00:00:00-05:00,138.0173106258272,138.05731549303724,133.8176997545706,134.27764892578125,155659200,0.0,0.0
2025-01-02 00:00:00-05:00,135.98748671158143,138.8672266066605,134.61761764692358,138.29727172851562,198247200,0.0,0.0
2025-01-03 00:00:00-05:00,139.99711439640743,144.88666393436952,139.71714137538024,144.4567108154297,229322500,0.0,0.0
2025-01-06 00:00:00-05:00,148.57632545203526,152.14600432101588,147.80640728049391,149.41624450683594,265377400,0.0,0.0
2025-01-07 00:00:00-05:00,153.0159191493047,153.1159160516902,139.99711279126652,140.12710571289062,351782200,0.0,0.0
2025-01-08 00:00:00-05:00,142.5668963792699,143.9367655713296,137.5473535279277,140.0971221923828,227349900,0.0,0.0
2025-01-10 00:00:00-05:00,137.43735839735214,139.90713250101766,134.20765966847648,135.8975067138672,207602500,0.0,0.0
2025-01-13 00:00:00-05:00,129.97805065881337,133.47772877314173,129.49808381781634,133.21774291992188,204808900,0.0,0.0
2025-01-14 00:00:00-05:00,136.0374931021696,136.3674645891877,130.03804480886453,131.7478790283203,195590500,0.0,0.0
2025-01-15 00:00:00-05:00,133.63770458598145,136.43745017340345,131.277920981104,136.22747802734375,185217300,0.0,0.0
2025-01-16 00:00:00-05:00,138.6272498193542,138.73724031386243,133.47772952507327,133.55772399902344,209235600,0.0,0.0
2025-01-17 00:00:00-05:00,136.67743145335606,138.48726255165812,135.44754884500142,137.6973419189453,201188800,0.0,0.0
2025-01-21 00:00:00-05:00,139.14720257048143,141.8169551308445,137.07738566270945,140.81704711914062,197749000,0.0,0.0
2025-01-22 00:00:00-05:00,144.64670591256592,147.77640781491758,143.65679142482674,147.05648803710938,237651400,0.0,0.0
2025-01-23 00:00:00-05:00,145.03666800279981,147.2164602628041,143.706788444335,147.2064666748047,155915500,0.0,0.0
2025-01-24 00:00:00-05:00,148.35634349735062,148.95629439391405,141.86695041120194,142.60687255859375,234657600,0.0,0.0
2025-01-27 00:00:00-05:00,124.78852130861458,128.3881809500624,116.68926041493282,118.40910339355469,818830900,0.0,0.0
2025-01-28 00:00:00-05:00,121.79880142784785,128.9881430022562,116.23931491482392,128.9781494140625,579666400,0.0,0.0
2025-01-29 00:00:00-05:00,126.48836708502724,126.87833061040895,120.03896327722832,123.6886215209961,467120600,0.0,0.0
2025-01-30 00:00:00-05:00,123.08867408422283,124.9885008224628,118.08913405132431,124.63853454589844,392925500,0.0,0.0
2025-01-31 00:00:00-05:00,123.76861793270326,127.83824341487099,119.1790436181177,120.0589599609375,390372900,0.0,0.0
2025-02-03 00:00:00-05:00,114.7394486968032,118.55909714130068,112.99961082645434,116.64927673339844,371235700,0.0,0.0
2025-02-04 00:00:00-05:00,116.94924444838958,121.1888524384042,116.68926621972048,118.63909149169922,256550000,0.0,0.0
2025-02-05 00:00:00-05:00,121.74880228526035,124.98850212428793,120.74889426826606,124.81851959228516,262230800,0.0,0.0
2025-02-06 00:00:00-05:00,127.40827329026631,128.7581551695,125.19847756454047,128.66815185546875,251483600,0.0,0.0
2025-02-07 00:00:00-05:00,129.20811063964976,130.35799871586244,124.9884977355082,129.8280487060547,228186300,0.0,0.0
2025-02-10 00:00:00-05:00,130.0780330404282,134.98758517024453,129.94805537047182,133.55772399902344,216989100,0.0,0.0
2025-02-11 00:00:00-05:00,132.56781502240796,134.4676342706669,131.0079608594355,132.7877960205078,178902400,0.0,0.0
2025-02-12 00:00:00-05:00,130.00805277951918,132.22784993678553,129.0681367435288,131.12794494628906,160278600,0.0,0.0
2025-02-13 00:00:00-05:00,131.54790450828392,136.487452862588,131.15794096754342,135.27755737304688,197430000,0.0,0.0
2025-02-14 00:00:00-05:00,136.46744211776974,139.23719160158925,135.4875365315285,138.8372344970703,195479600,0.0,0.0
2025-02-18 00:00:00-05:00,141.25701494818574,143.4268135927519,137.91731045487123,139.38717651367188,219176600,0.0,0.0
2025-02-19 00:00:00-05:00,139.49716663707372,141.34700263351252,137.2073839146051,139.21719360351562,167536000,0.0,0.0
2025-02-20 00:00:00-05:00,140.01712771481476,140.6470746897965,136.7774200315485,140.0971221923828,143903600,0.0,0.0
2025-02-21 00:00:00-05:00,140.02711787829398,141.4470007486669,134.01767593596887,134.41763305664062,228217600,0.0,0.0
2025-02-24 00:00:00-05:00,136.5474420161462,138.57725415414035,130.06804206967678,130.2680206298828,251381100,0.0,0.0
2025-02-25 00:00:00-05:00,129.96804527013506,130.18802626376245,124.42856133510212,126.61835479736328,271428700,0.0,0.0
2025-02-26 00:00:00-05:00,129.97805439122038,133.71770077604796,128.478192299153,131.26792907714844,322553800,0.0,0.0
2025-02-27 00:00:00-05:00,134.9875872324259,134.99758082030266,119.99896764539281,120.13895416259766,443175800,0.0,0.0
2025-02-28 00:00:00-05:00,118.00914142194866,125.07849083366686,116.38929530836823,124.90850830078125,389091100,0.0,0.0
2025-03-03 00:00:00-05:00,123.49864257535764,123.68861991301428,112.26967207329028,114.04950714111328,411381400,0.0,0.0
2025-03-04 00:00:00-05:00,110.63982667322061,119.29902637351395,110.09987541363249,115.97933197021484,398163300,0.0,0.0
2025-03-05 00:00:00-05:00,117.56918811598004,118.26912068620358,114.49947076595478,117.28921508789062,284337900,0.0,0.0
2025-03-06 00:00:00-05:00,113.51955654224739,115.3393888375433,110.209863429875,110.55982971191406,321181900,0.0,0.0
2025-03-07 00:00:00-05:00,111.2397716760376,113.46957000648335,107.5501084934214,112.67964172363281,341755500,0.0,0.0
2025-03-10 00:00:00-04:00,109.88989097369002,111.83970852661247,105.45029700249104,106.97016143798828,366487400,0.0,0.0
2025-03-11 00:00:00-04:00,106.98015850635034,112.22967568900775,104.76036144852146,108.75,354865700,0.0,0.0
2025-03-12 00:00:00-04:00,114.12000274658203,116.76000213623047,112.87999725341797,115.73999786376953,323857500,0.01,0.0
2025-03-13 00:00:00-04:00,117.02999877929688,117.76000213623047,113.79000091552734,115.58000183105469,299033100,0.0,0.0
2025-03-14 00:00:00-04:00,118.61000061035156,121.87999725341797,118.1500015258789,121.66999816894531,277593500,0.0,0.0
2025-03-17 00:00:00-04:00,122.73999786376953,122.88999938964844,118.02999877929688,119.52999877929688,255501500,0.0,0.0
2025-03-18 00:00:00-04:00,118.0,119.0199966430664,114.54000091552734,115.43000030517578,299686900,0.0,0.0
2025-03-19 00:00:00-04:00,117.2699966430664,120.44999694824219,115.68000030517578,117.5199966430664,273426200,0.0,0.0
2025-03-20 00:00:00-04:00,116.55000305175781,120.19999694824219,116.47000122070312,118.52999877929688,248829700,0.0,0.0
2025-03-21 00:00:00-04:00,116.94000244140625,117.98999786376953,115.41999816894531,117.69999694824219,266498500,0.0,0.0
2025-03-24 00:00:00-04:00,119.87999725341797,122.22000122070312,119.33999633789062,121.41000366210938,228452500,0.0,0.0
2025-03-25 00:00:00-04:00,120.55000305175781,121.29000091552734,118.91999816894531,120.69000244140625,167447200,0.0,0.0
2025-03-26 00:00:00-04:00,118.7300033569336,118.83999633789062,112.70999908447266,113.76000213623047,293463300,0.0,0.0
2025-03-27 00:00:00-04:00,111.3499984741211,114.44999694824219,110.66000366210938,111.43000030517578,236902100,0.0,0.0
2025-03-28 00:00:00-04:00,111.48999786376953,112.87000274658203,109.06999969482422,109.66999816894531,229872500,0.0,0.0
2025-03-31 00:00:00-04:00,105.12999725341797,110.95999908447266,103.6500015258789,108.37999725341797,299212700,0.0,0.0
2025-04-01 00:00:00-04:00,108.5199966430664,110.19999694824219,106.47000122070312,110.1500015258789,222614000,0.0,0.0
2025-04-02 00:00:00-04:00,107.29000091552734,111.9800033569336,106.79000091552734,110.41999816894531,220601200,0.0,0.0
2025-04-03 00:00:00-04:00,103.51000213623047,105.62999725341797,101.5999984741211,101.80000305175781,338769400,0.0,0.0
2025-04-04 00:00:00-04:00,98.91000366210938,100.12999725341797,92.11000061035156,94.30999755859375,532273800,0.0,0.0
2025-04-07 00:00:00-04:00,87.45999908447266,101.75,86.62000274658203,97.63999938964844,611041300,0.0,0.0
2025-04-08 00:00:00-04:00,103.80999755859375,105.8499984741211,94.45999908447266,96.30000305175781,476243400,0.0,0.0
2025-04-09 00:00:00-04:00,98.88999938964844,115.0999984741211,97.52999877929688,114.33000183105469,612918300,0.0,0.0
2025-04-10 00:00:00-04:00,109.37000274658203,110.86000061035156,99.1500015258789,107.56999969482422,437812400,0.0,0.0
2025-04-11 00:00:00-04:00,108.5,111.55000305175781,107.4800033569336,110.93000030517578,313417300,0.0,0.0
2025-04-14 00:00:00-04:00,114.11000061035156,114.29000091552734,109.06999969482422,110.70999908447266,264705000,0.0,0.0
2025-04-15 00:00:00-04:00,110.97000122070312,113.62000274658203,110.5,112.19999694824219,228966900,0.0,0.0
2025-04-16 00:00:00-04:00,104.55000305175781,106.79000091552734,100.44999694824219,104.48999786376953,397016900,0.0,0.0
2025-04-17 00:00:00-04:00,104.44999694824219,104.47000122070312,100.05000305175781,101.48999786376953,290833400,0.0,0.0
2025-04-21 00:00:00-04:00,98.7699966430664,99.44000244140625,95.04000091552734,96.91000366210938,288501100,0.0,0.0
2025-04-22 00:00:00-04:00,98.77999877929688,99.80999755859375,97.27999877929688,98.88999938964844,241004800,0.0,0.0
2025-04-23 00:00:00-04:00,104.5199966430664,104.80000305175781,102.0199966430664,102.70999908447266,247526000,0.0,0.0
2025-04-24 00:00:00-04:00,103.4800033569336,106.54000091552734,103.11000061035156,106.43000030517578,220815000,0.0,0.0
2025-04-25 00:00:00-04:00,106.8499984741211,111.91999816894531,105.7300033569336,111.01000213623047,251064700,0.0,0.0
2025-04-28 00:00:00-04:00,109.69000244140625,110.37000274658203,106.0199966430664,108.7300033569336,207708500,0.0,0.0
2025-04-29 00:00:00-04:00,107.66999816894531,110.19999694824219,107.44000244140625,109.0199966430664,170444300,0.0,0.0
2025-04-30 00:00:00-04:00,104.47000122070312,108.91999816894531,104.08000183105469,108.91999816894531,235044600,0.0,0.0
2025-05-01 00:00:00-04:00,113.08000183105469,114.94000244140625,111.30000305175781,111.61000061035156,235173900,0.0,0.0
